time_s,displacement_pixels,displacement_cm,match_score
0.000000000000000000e+00,0.000000000000000000e+00,0.000000000000000000e+00,1.000000000000000000e+00
1.668197579154725649e-02,0.000000000000000000e+00,0.000000000000000000e+00,9.995133280754089355e-01
3.336395158309451298e-02,0.000000000000000000e+00,0.000000000000000000e+00,9.990459084510803223e-01
5.004592737464177293e-02,0.000000000000000000e+00,0.000000000000000000e+00,9.988194704055786133e-01
6.672790316618902595e-02,0.000000000000000000e+00,0.000000000000000000e+00,9.985865354537963867e-01
8.340987895773628591e-02,0.000000000000000000e+00,0.000000000000000000e+00,9.983654022216796875e-01
1.000918547492835459e-01,0.000000000000000000e+00,0.000000000000000000e+00,9.982305765151977539e-01
1.167738305408307919e-01,0.000000000000000000e+00,0.000000000000000000e+00,9.981507658958435059e-01
1.334558063323780519e-01,0.000000000000000000e+00,0.000000000000000000e+00,9.980144500732421875e-01
1.501377821239253119e-01,0.000000000000000000e+00,0.000000000000000000e+00,9.979398846626281738e-01
1.668197579154725718e-01,0.000000000000000000e+00,0.000000000000000000e+00,9.980242252349853516e-01
1.835017337070198318e-01,0.000000000000000000e+00,0.000000000000000000e+00,9.979423284530639648e-01
2.001837094985670917e-01,0.000000000000000000e+00,0.000000000000000000e+00,9.979151487350463867e-01
2.168656852901143239e-01,0.000000000000000000e+00,0.000000000000000000e+00,9.979757070541381836e-01
2.335476610816615839e-01,0.000000000000000000e+00,0.000000000000000000e+00,9.979866743087768555e-01
2.502296368732088716e-01,0.000000000000000000e+00,0.000000000000000000e+00,9.980241656303405762e-01
2.669116126647561038e-01,0.000000000000000000e+00,0.000000000000000000e+00,9.979652166366577148e-01
2.835935884563033360e-01,0.000000000000000000e+00,0.000000000000000000e+00,9.979805350303649902e-01
3.002755642478506237e-01,0.000000000000000000e+00,0.000000000000000000e+00,9.972536563873291016e-01
3.169575400393978559e-01,0.000000000000000000e+00,0.000000000000000000e+00,9.972534179687500000e-01
3.336395158309451436e-01,0.000000000000000000e+00,0.000000000000000000e+00,9.973078966140747070e-01
3.503214916224923758e-01,0.000000000000000000e+00,0.000000000000000000e+00,9.972361326217651367e-01
3.670034674140396636e-01,0.000000000000000000e+00,0.000000000000000000e+00,9.971758127212524414e-01
3.836854432055868958e-01,0.000000000000000000e+00,0.000000000000000000e+00,9.970889687538146973e-01
4.003674189971341835e-01,0.000000000000000000e+00,0.000000000000000000e+00,9.971552491188049316e-01
4.170493947886814157e-01,0.000000000000000000e+00,0.000000000000000000e+00,9.971234798431396484e-01
4.337313705802286479e-01,0.000000000000000000e+00,0.000000000000000000e+00,9.969232678413391113e-01
4.504133463717759356e-01,0.000000000000000000e+00,0.000000000000000000e+00,9.968197941780090332e-01
4.670953221633231678e-01,0.000000000000000000e+00,0.000000000000000000e+00,9.966530799865722656e-01
4.837772979548704555e-01,0.000000000000000000e+00,0.000000000000000000e+00,9.966211318969726562e-01
5.004592737464177432e-01,0.000000000000000000e+00,0.000000000000000000e+00,9.965509772300720215e-01
5.171412495379649199e-01,0.000000000000000000e+00,0.000000000000000000e+00,9.964802265167236328e-01
5.338232253295122076e-01,0.000000000000000000e+00,0.000000000000000000e+00,9.964888691902160645e-01
5.505052011210594953e-01,0.000000000000000000e+00,0.000000000000000000e+00,9.964400529861450195e-01
5.671871769126066720e-01,0.000000000000000000e+00,0.000000000000000000e+00,9.964802861213684082e-01
5.838691527041539597e-01,0.000000000000000000e+00,0.000000000000000000e+00,9.965547323226928711e-01
6.005511284957012474e-01,0.000000000000000000e+00,0.000000000000000000e+00,9.965223670005798340e-01
6.172331042872485352e-01,0.000000000000000000e+00,0.000000000000000000e+00,9.964481592178344727e-01
6.339150800787957118e-01,0.000000000000000000e+00,0.000000000000000000e+00,9.964593052864074707e-01
6.505970558703429996e-01,0.000000000000000000e+00,0.000000000000000000e+00,9.964404106140136719e-01
6.672790316618902873e-01,0.000000000000000000e+00,0.000000000000000000e+00,9.963070154190063477e-01
6.839610074534375750e-01,0.000000000000000000e+00,0.000000000000000000e+00,9.962787032127380371e-01
7.006429832449847517e-01,0.000000000000000000e+00,0.000000000000000000e+00,9.961346983909606934e-01
7.173249590365320394e-01,0.000000000000000000e+00,0.000000000000000000e+00,9.959151148796081543e-01
7.340069348280793271e-01,0.000000000000000000e+00,0.000000000000000000e+00,9.958311319351196289e-01
7.506889106196265038e-01,0.000000000000000000e+00,0.000000000000000000e+00,9.955494999885559082e-01
7.673708864111737915e-01,0.000000000000000000e+00,0.000000000000000000e+00,9.951913356781005859e-01
7.840528622027210792e-01,0.000000000000000000e+00,0.000000000000000000e+00,9.946783185005187988e-01
8.007348379942683669e-01,0.000000000000000000e+00,0.000000000000000000e+00,9.938801527023315430e-01
8.174168137858155436e-01,0.000000000000000000e+00,0.000000000000000000e+00,9.939782619476318359e-01
8.340987895773628313e-01,0.000000000000000000e+00,0.000000000000000000e+00,9.941088557243347168e-01
8.507807653689101191e-01,0.000000000000000000e+00,0.000000000000000000e+00,9.939384460449218750e-01
8.674627411604572957e-01,0.000000000000000000e+00,0.000000000000000000e+00,9.937393069267272949e-01
8.841447169520045835e-01,0.000000000000000000e+00,0.000000000000000000e+00,9.934911131858825684e-01
9.008266927435518712e-01,0.000000000000000000e+00,0.000000000000000000e+00,9.933103322982788086e-01
9.175086685350991589e-01,0.000000000000000000e+00,0.000000000000000000e+00,9.929728507995605469e-01
9.341906443266463356e-01,0.000000000000000000e+00,0.000000000000000000e+00,9.925382733345031738e-01
9.508726201181936233e-01,0.000000000000000000e+00,0.000000000000000000e+00,9.923992753028869629e-01
9.675545959097409110e-01,0.000000000000000000e+00,0.000000000000000000e+00,9.919671416282653809e-01
9.842365717012881987e-01,0.000000000000000000e+00,0.000000000000000000e+00,9.918371438980102539e-01
1.000918547492835486e+00,0.000000000000000000e+00,0.000000000000000000e+00,9.919379353523254395e-01
1.017600523284382552e+00,0.000000000000000000e+00,0.000000000000000000e+00,9.924118518829345703e-01
1.034282499075929840e+00,0.000000000000000000e+00,0.000000000000000000e+00,9.925410151481628418e-01
1.050964474867477128e+00,0.000000000000000000e+00,0.000000000000000000e+00,9.930140972137451172e-01
1.067646450659024415e+00,0.000000000000000000e+00,0.000000000000000000e+00,9.938042759895324707e-01
1.084328426450571703e+00,0.000000000000000000e+00,0.000000000000000000e+00,9.941504001617431641e-01
1.101010402242118991e+00,0.000000000000000000e+00,0.000000000000000000e+00,9.944683909416198730e-01
1.117692378033666278e+00,0.000000000000000000e+00,0.000000000000000000e+00,9.945401549339294434e-01
1.134374353825213344e+00,0.000000000000000000e+00,0.000000000000000000e+00,9.945798516273498535e-01
1.151056329616760632e+00,0.000000000000000000e+00,0.000000000000000000e+00,9.947280883789062500e-01
1.167738305408307919e+00,0.000000000000000000e+00,0.000000000000000000e+00,9.948392510414123535e-01
1.184420281199855207e+00,0.000000000000000000e+00,0.000000000000000000e+00,9.949433803558349609e-01
1.201102256991402495e+00,0.000000000000000000e+00,0.000000000000000000e+00,9.950978755950927734e-01
1.217784232782949783e+00,0.000000000000000000e+00,0.000000000000000000e+00,9.949979186058044434e-01
1.234466208574497070e+00,0.000000000000000000e+00,0.000000000000000000e+00,9.951089620590209961e-01
1.251148184366044358e+00,0.000000000000000000e+00,0.000000000000000000e+00,9.951261878013610840e-01
1.267830160157591424e+00,0.000000000000000000e+00,0.000000000000000000e+00,9.952369332313537598e-01
1.284512135949138711e+00,0.000000000000000000e+00,0.000000000000000000e+00,9.952257871627807617e-01
1.301194111740685999e+00,0.000000000000000000e+00,0.000000000000000000e+00,9.952859282493591309e-01
1.317876087532233287e+00,0.000000000000000000e+00,0.000000000000000000e+00,9.953563213348388672e-01
1.334558063323780575e+00,0.000000000000000000e+00,0.000000000000000000e+00,9.952425360679626465e-01
1.351240039115327862e+00,0.000000000000000000e+00,0.000000000000000000e+00,9.950042366981506348e-01
1.367922014906875150e+00,0.000000000000000000e+00,0.000000000000000000e+00,9.946064949035644531e-01
1.384603990698422216e+00,0.000000000000000000e+00,0.000000000000000000e+00,9.942083954811096191e-01
1.401285966489969503e+00,0.000000000000000000e+00,0.000000000000000000e+00,9.934880137443542480e-01
1.417967942281516791e+00,0.000000000000000000e+00,0.000000000000000000e+00,9.932464361190795898e-01
1.434649918073064079e+00,0.000000000000000000e+00,0.000000000000000000e+00,9.931753277778625488e-01
1.451331893864611366e+00,0.000000000000000000e+00,0.000000000000000000e+00,9.933101534843444824e-01
1.468013869656158654e+00,0.000000000000000000e+00,0.000000000000000000e+00,9.936001300811767578e-01
1.484695845447705942e+00,0.000000000000000000e+00,0.000000000000000000e+00,9.937372207641601562e-01
1.501377821239253008e+00,0.000000000000000000e+00,0.000000000000000000e+00,9.935818314552307129e-01
1.518059797030800295e+00,0.000000000000000000e+00,0.000000000000000000e+00,9.934143424034118652e-01
1.534741772822347583e+00,0.000000000000000000e+00,0.000000000000000000e+00,9.934308528900146484e-01
1.551423748613894871e+00,0.000000000000000000e+00,0.000000000000000000e+00,9.933870434761047363e-01
1.568105724405442158e+00,-1.000000000000000000e+00,-4.000000000000000083e-02,9.826344847679138184e-01
1.584787700196989446e+00,-1.000000000000000000e+01,-4.000000000000000222e-01,8.896816968917846680e-01
1.601469675988536734e+00,-9.000000000000000000e+00,-3.599999999999999867e-01,8.337100148200988770e-01
1.618151651780083800e+00,-1.500000000000000000e+01,-5.999999999999999778e-01,8.160327672958374023e-01
1.634833627571631087e+00,-1.300000000000000000e+01,-5.200000000000000178e-01,7.966199517250061035e-01
1.651515603363178375e+00,-1.800000000000000000e+01,-7.199999999999999734e-01,7.862147688865661621e-01
1.668197579154725663e+00,-1.900000000000000000e+01,-7.600000000000000089e-01,7.795136570930480957e-01
1.684879554946272950e+00,-1.700000000000000000e+01,-6.800000000000000488e-01,7.646566629409790039e-01
1.701561530737820238e+00,-2.100000000000000000e+01,-8.399999999999999689e-01,7.575802206993103027e-01
1.718243506529367526e+00,-2.100000000000000000e+01,-8.399999999999999689e-01,7.514024376869201660e-01
1.734925482320914591e+00,-2.000000000000000000e+01,-8.000000000000000444e-01,7.437160015106201172e-01
1.751607458112461879e+00,-2.300000000000000000e+01,-9.200000000000000400e-01,7.430357336997985840e-01
1.768289433904009167e+00,-2.200000000000000000e+01,-8.800000000000000044e-01,7.322825193405151367e-01
1.784971409695556455e+00,-2.300000000000000000e+01,-9.200000000000000400e-01,7.215709686279296875e-01
1.801653385487103742e+00,-2.400000000000000000e+01,-9.599999999999999645e-01,7.201982140541076660e-01
1.818335361278651030e+00,-2.400000000000000000e+01,-9.599999999999999645e-01,7.310535907745361328e-01
1.835017337070198318e+00,-2.600000000000000000e+01,-1.040000000000000036e+00,7.400521039962768555e-01
1.851699312861745383e+00,-2.700000000000000000e+01,-1.080000000000000071e+00,7.498413324356079102e-01
1.868381288653292671e+00,-2.900000000000000000e+01,-1.159999999999999920e+00,7.534998655319213867e-01
1.885063264444839959e+00,-2.900000000000000000e+01,-1.159999999999999920e+00,7.618260383605957031e-01
1.901745240236387247e+00,-3.000000000000000000e+01,-1.199999999999999956e+00,7.695319652557373047e-01
1.918427216027934534e+00,-2.900000000000000000e+01,-1.159999999999999920e+00,7.748790383338928223e-01
1.935109191819481822e+00,-3.000000000000000000e+01,-1.199999999999999956e+00,7.843711376190185547e-01
1.951791167611029110e+00,-2.500000000000000000e+01,-1.000000000000000000e+00,7.836920022964477539e-01
1.968473143402576397e+00,-3.200000000000000000e+01,-1.280000000000000027e+00,7.936777472496032715e-01
1.985155119194123463e+00,-3.200000000000000000e+01,-1.280000000000000027e+00,7.995980381965637207e-01
2.001837094985670973e+00,-3.200000000000000000e+01,-1.280000000000000027e+00,7.987880110740661621e-01
2.018519070777218261e+00,-3.400000000000000000e+01,-1.360000000000000098e+00,7.864514589309692383e-01
2.035201046568765104e+00,-3.300000000000000000e+01,-1.320000000000000062e+00,7.865399122238159180e-01
2.051883022360312392e+00,-3.400000000000000000e+01,-1.360000000000000098e+00,7.848725318908691406e-01
2.068564998151859680e+00,-3.500000000000000000e+01,-1.399999999999999911e+00,7.831181883811950684e-01
2.085246973943406967e+00,-3.600000000000000000e+01,-1.439999999999999947e+00,7.807666659355163574e-01
2.101928949734954255e+00,-3.600000000000000000e+01,-1.439999999999999947e+00,7.817360162734985352e-01
2.118610925526501543e+00,-3.600000000000000000e+01,-1.439999999999999947e+00,7.820948958396911621e-01
2.135292901318048830e+00,-3.700000000000000000e+01,-1.479999999999999982e+00,7.764988541603088379e-01
2.151974877109596118e+00,-3.600000000000000000e+01,-1.439999999999999947e+00,7.757433652877807617e-01
2.168656852901143406e+00,-3.600000000000000000e+01,-1.439999999999999947e+00,7.771912217140197754e-01
2.185338828692690694e+00,-3.700000000000000000e+01,-1.479999999999999982e+00,7.732201814651489258e-01
2.202020804484237981e+00,-3.800000000000000000e+01,-1.520000000000000018e+00,7.698173522949218750e-01
2.218702780275785269e+00,-3.800000000000000000e+01,-1.520000000000000018e+00,7.665207386016845703e-01
2.235384756067332557e+00,-3.900000000000000000e+01,-1.560000000000000053e+00,7.631493806838989258e-01
2.252066731858879844e+00,-3.800000000000000000e+01,-1.520000000000000018e+00,7.617101073265075684e-01
2.268748707650426688e+00,-3.800000000000000000e+01,-1.520000000000000018e+00,7.624910473823547363e-01
2.285430683441973976e+00,-3.400000000000000000e+01,-1.360000000000000098e+00,7.618570327758789062e-01
2.302112659233521264e+00,-4.000000000000000000e+01,-1.600000000000000089e+00,7.685615420341491699e-01
2.318794635025068551e+00,-4.000000000000000000e+01,-1.600000000000000089e+00,7.769436240196228027e-01
2.335476610816615839e+00,-3.900000000000000000e+01,-1.560000000000000053e+00,7.787113189697265625e-01
2.352158586608163127e+00,-4.100000000000000000e+01,-1.639999999999999902e+00,7.830063700675964355e-01
2.368840562399710414e+00,-4.100000000000000000e+01,-1.639999999999999902e+00,7.875530719757080078e-01
2.385522538191257702e+00,-4.200000000000000000e+01,-1.679999999999999938e+00,7.842875123023986816e-01
2.402204513982804990e+00,-4.200000000000000000e+01,-1.679999999999999938e+00,7.823395729064941406e-01
2.418886489774352277e+00,-4.300000000000000000e+01,-1.719999999999999973e+00,7.803553342819213867e-01
2.435568465565899565e+00,-4.300000000000000000e+01,-1.719999999999999973e+00,7.779406905174255371e-01
2.452250441357446853e+00,-4.300000000000000000e+01,-1.719999999999999973e+00,7.773827314376831055e-01
2.468932417148994141e+00,-4.300000000000000000e+01,-1.719999999999999973e+00,7.768121361732482910e-01
2.485614392940541428e+00,-4.400000000000000000e+01,-1.760000000000000009e+00,7.791358828544616699e-01
2.502296368732088716e+00,-4.400000000000000000e+01,-1.760000000000000009e+00,7.788441777229309082e-01
2.518978344523635560e+00,-4.500000000000000000e+01,-1.800000000000000044e+00,7.788491845130920410e-01
2.535660320315182847e+00,-4.500000000000000000e+01,-1.800000000000000044e+00,7.787973284721374512e-01
2.552342296106730135e+00,-4.500000000000000000e+01,-1.800000000000000044e+00,7.830135226249694824e-01
2.569024271898277423e+00,-4.200000000000000000e+01,-1.679999999999999938e+00,7.851361632347106934e-01
2.585706247689824711e+00,-3.600000000000000000e+01,-1.439999999999999947e+00,7.836574912071228027e-01
2.602388223481371998e+00,-4.500000000000000000e+01,-1.800000000000000044e+00,7.856927514076232910e-01
2.619070199272919286e+00,-4.600000000000000000e+01,-1.840000000000000080e+00,7.846993803977966309e-01
2.635752175064466574e+00,-4.600000000000000000e+01,-1.840000000000000080e+00,7.814646363258361816e-01
2.652434150856013861e+00,-4.700000000000000000e+01,-1.879999999999999893e+00,7.772209644317626953e-01
2.669116126647561149e+00,-4.700000000000000000e+01,-1.879999999999999893e+00,7.758098244667053223e-01
2.685798102439108437e+00,-4.700000000000000000e+01,-1.879999999999999893e+00,7.736098766326904297e-01
2.702480078230655725e+00,-4.700000000000000000e+01,-1.879999999999999893e+00,7.743555307388305664e-01
2.719162054022203012e+00,-4.700000000000000000e+01,-1.879999999999999893e+00,7.713506817817687988e-01
2.735844029813750300e+00,-4.600000000000000000e+01,-1.840000000000000080e+00,7.709403634071350098e-01
2.752526005605297144e+00,-4.400000000000000000e+01,-1.760000000000000009e+00,7.722534537315368652e-01
2.769207981396844431e+00,-4.500000000000000000e+01,-1.800000000000000044e+00,7.718265652656555176e-01
2.785889957188391719e+00,-4.500000000000000000e+01,-1.800000000000000044e+00,7.709506154060363770e-01
2.802571932979939007e+00,-4.800000000000000000e+01,-1.919999999999999929e+00,7.734245657920837402e-01
2.819253908771486294e+00,-4.800000000000000000e+01,-1.919999999999999929e+00,7.771813273429870605e-01
2.835935884563033582e+00,-4.800000000000000000e+01,-1.919999999999999929e+00,7.802698016166687012e-01
2.852617860354580870e+00,-4.800000000000000000e+01,-1.919999999999999929e+00,7.803496122360229492e-01
2.869299836146128158e+00,-4.900000000000000000e+01,-1.959999999999999964e+00,7.799078822135925293e-01
2.885981811937675445e+00,-4.900000000000000000e+01,-1.959999999999999964e+00,7.789878249168395996e-01
2.902663787729222733e+00,-4.900000000000000000e+01,-1.959999999999999964e+00,7.781574726104736328e-01
2.919345763520770021e+00,-5.000000000000000000e+01,-2.000000000000000000e+00,7.743640542030334473e-01
2.936027739312317308e+00,-5.000000000000000000e+01,-2.000000000000000000e+00,7.736691832542419434e-01
2.952709715103864596e+00,-5.000000000000000000e+01,-2.000000000000000000e+00,7.738293409347534180e-01
2.969391690895411884e+00,-5.000000000000000000e+01,-2.000000000000000000e+00,7.725410461425781250e-01
2.986073666686958727e+00,-5.000000000000000000e+01,-2.000000000000000000e+00,7.718295454978942871e-01
3.002755642478506015e+00,-5.000000000000000000e+01,-2.000000000000000000e+00,7.722691893577575684e-01
3.019437618270053303e+00,-5.000000000000000000e+01,-2.000000000000000000e+00,7.738133668899536133e-01
3.036119594061600591e+00,-5.100000000000000000e+01,-2.040000000000000036e+00,7.726387977600097656e-01
3.052801569853147878e+00,-5.100000000000000000e+01,-2.040000000000000036e+00,7.676846385002136230e-01
3.069483545644695166e+00,-4.700000000000000000e+01,-1.879999999999999893e+00,7.668039202690124512e-01
3.086165521436242454e+00,-4.900000000000000000e+01,-1.959999999999999964e+00,7.671274542808532715e-01
3.102847497227789741e+00,-5.100000000000000000e+01,-2.040000000000000036e+00,7.671538591384887695e-01
3.119529473019337029e+00,-4.100000000000000000e+01,-1.639999999999999902e+00,7.666573524475097656e-01
3.136211448810884317e+00,-4.200000000000000000e+01,-1.679999999999999938e+00,7.659884095191955566e-01
3.152893424602431605e+00,-5.200000000000000000e+01,-2.080000000000000071e+00,7.680369019508361816e-01
3.169575400393978892e+00,-5.200000000000000000e+01,-2.080000000000000071e+00,7.684110999107360840e-01
3.186257376185526180e+00,-5.200000000000000000e+01,-2.080000000000000071e+00,7.709320187568664551e-01
3.202939351977073468e+00,-5.200000000000000000e+01,-2.080000000000000071e+00,7.743593454360961914e-01
3.219621327768620755e+00,-5.200000000000000000e+01,-2.080000000000000071e+00,7.727353572845458984e-01
3.236303303560167599e+00,-5.200000000000000000e+01,-2.080000000000000071e+00,7.673168182373046875e-01
3.252985279351714887e+00,-5.200000000000000000e+01,-2.080000000000000071e+00,7.680326104164123535e-01
3.269667255143262174e+00,-5.300000000000000000e+01,-2.120000000000000107e+00,7.675999999046325684e-01
3.286349230934809462e+00,-5.300000000000000000e+01,-2.120000000000000107e+00,7.682508230209350586e-01
3.303031206726356750e+00,-5.300000000000000000e+01,-2.120000000000000107e+00,7.681484818458557129e-01
3.319713182517904038e+00,-5.300000000000000000e+01,-2.120000000000000107e+00,7.682119607925415039e-01
3.336395158309451325e+00,-5.300000000000000000e+01,-2.120000000000000107e+00,7.684152722358703613e-01
3.353077134100998613e+00,-5.300000000000000000e+01,-2.120000000000000107e+00,7.699970006942749023e-01
3.369759109892545901e+00,-5.300000000000000000e+01,-2.120000000000000107e+00,7.711835503578186035e-01
3.386441085684093188e+00,-5.300000000000000000e+01,-2.120000000000000107e+00,7.725794315338134766e-01
3.403123061475640476e+00,-5.300000000000000000e+01,-2.120000000000000107e+00,7.744456529617309570e-01
3.419805037267187764e+00,-5.400000000000000000e+01,-2.160000000000000142e+00,7.729390859603881836e-01
3.436487013058735052e+00,-5.400000000000000000e+01,-2.160000000000000142e+00,7.726680040359497070e-01
3.453168988850282339e+00,-5.400000000000000000e+01,-2.160000000000000142e+00,7.721976637840270996e-01
3.469850964641829183e+00,-5.400000000000000000e+01,-2.160000000000000142e+00,7.718707919120788574e-01
3.486532940433376471e+00,-5.400000000000000000e+01,-2.160000000000000142e+00,7.717033624649047852e-01
3.503214916224923758e+00,-5.400000000000000000e+01,-2.160000000000000142e+00,7.693672180175781250e-01
3.519896892016471046e+00,-5.400000000000000000e+01,-2.160000000000000142e+00,7.686004638671875000e-01
3.536578867808018334e+00,-5.400000000000000000e+01,-2.160000000000000142e+00,7.664033770561218262e-01
3.553260843599565622e+00,-5.300000000000000000e+01,-2.120000000000000107e+00,7.646862268447875977e-01
3.569942819391112909e+00,-5.300000000000000000e+01,-2.120000000000000107e+00,7.649489641189575195e-01
3.586624795182660197e+00,-5.300000000000000000e+01,-2.120000000000000107e+00,7.652123570442199707e-01
3.603306770974207485e+00,-5.400000000000000000e+01,-2.160000000000000142e+00,7.689620852470397949e-01
3.619988746765754772e+00,-5.500000000000000000e+01,-2.200000000000000178e+00,7.685295939445495605e-01
3.636670722557302060e+00,-5.500000000000000000e+01,-2.200000000000000178e+00,7.656932473182678223e-01
3.653352698348849348e+00,-5.500000000000000000e+01,-2.200000000000000178e+00,7.654957771301269531e-01
3.670034674140396636e+00,-5.500000000000000000e+01,-2.200000000000000178e+00,7.687630057334899902e-01
3.686716649931943923e+00,-5.500000000000000000e+01,-2.200000000000000178e+00,7.750556468963623047e-01
3.703398625723490767e+00,-5.500000000000000000e+01,-2.200000000000000178e+00,7.740690708160400391e-01
3.720080601515038055e+00,-5.500000000000000000e+01,-2.200000000000000178e+00,7.675586342811584473e-01
3.736762577306585342e+00,-5.500000000000000000e+01,-2.200000000000000178e+00,7.655213475227355957e-01
3.753444553098132630e+00,-5.500000000000000000e+01,-2.200000000000000178e+00,7.655148506164550781e-01
3.770126528889679918e+00,-5.500000000000000000e+01,-2.200000000000000178e+00,7.703108787536621094e-01
3.786808504681227205e+00,-5.500000000000000000e+01,-2.200000000000000178e+00,7.753587961196899414e-01
3.803490480472774493e+00,-5.500000000000000000e+01,-2.200000000000000178e+00,7.755081057548522949e-01
3.820172456264321781e+00,-5.600000000000000000e+01,-2.240000000000000213e+00,7.688668966293334961e-01
3.836854432055869069e+00,-5.600000000000000000e+01,-2.240000000000000213e+00,7.659397721290588379e-01
3.853536407847416356e+00,-5.600000000000000000e+01,-2.240000000000000213e+00,7.668683528900146484e-01
3.870218383638963644e+00,-5.600000000000000000e+01,-2.240000000000000213e+00,7.689428925514221191e-01
3.886900359430510932e+00,-5.600000000000000000e+01,-2.240000000000000213e+00,7.704850435256958008e-01
3.903582335222058219e+00,-5.600000000000000000e+01,-2.240000000000000213e+00,7.694693803787231445e-01
3.920264311013605507e+00,-5.600000000000000000e+01,-2.240000000000000213e+00,7.692001461982727051e-01
3.936946286805152795e+00,-5.600000000000000000e+01,-2.240000000000000213e+00,7.688810229301452637e-01
3.953628262596699638e+00,-5.600000000000000000e+01,-2.240000000000000213e+00,7.685694098472595215e-01
3.970310238388246926e+00,-5.500000000000000000e+01,-2.200000000000000178e+00,7.621276378631591797e-01
3.986992214179794214e+00,-5.500000000000000000e+01,-2.200000000000000178e+00,7.641159892082214355e-01
4.003674189971341946e+00,-5.500000000000000000e+01,-2.200000000000000178e+00,7.633259296417236328e-01
4.020356165762889233e+00,-5.500000000000000000e+01,-2.200000000000000178e+00,7.628513574600219727e-01
4.037038141554436521e+00,-5.600000000000000000e+01,-2.240000000000000213e+00,7.643346190452575684e-01
4.053720117345983809e+00,-5.600000000000000000e+01,-2.240000000000000213e+00,7.635783553123474121e-01
4.070402093137530208e+00,-5.600000000000000000e+01,-2.240000000000000213e+00,7.630893588066101074e-01
4.087084068929077496e+00,-5.600000000000000000e+01,-2.240000000000000213e+00,7.636917829513549805e-01
4.103766044720624784e+00,-5.600000000000000000e+01,-2.240000000000000213e+00,7.635977268218994141e-01
4.120448020512172072e+00,-5.600000000000000000e+01,-2.240000000000000213e+00,7.632864117622375488e-01
4.137129996303719359e+00,-5.600000000000000000e+01,-2.240000000000000213e+00,7.628476023674011230e-01
4.153811972095266647e+00,-5.600000000000000000e+01,-2.240000000000000213e+00,7.631785869598388672e-01
4.170493947886813935e+00,-5.600000000000000000e+01,-2.240000000000000213e+00,7.643929719924926758e-01
4.187175923678361222e+00,-5.600000000000000000e+01,-2.240000000000000213e+00,7.651832699775695801e-01
4.203857899469908510e+00,-5.600000000000000000e+01,-2.240000000000000213e+00,7.636577486991882324e-01
4.220539875261455798e+00,-5.600000000000000000e+01,-2.240000000000000213e+00,7.643593549728393555e-01
4.237221851053003085e+00,-5.600000000000000000e+01,-2.240000000000000213e+00,7.636308073997497559e-01
4.253903826844550373e+00,-5.600000000000000000e+01,-2.240000000000000213e+00,7.635163068771362305e-01
4.270585802636097661e+00,-5.600000000000000000e+01,-2.240000000000000213e+00,7.646338343620300293e-01
4.287267778427644949e+00,-5.600000000000000000e+01,-2.240000000000000213e+00,7.645558118820190430e-01
4.303949754219192236e+00,-5.600000000000000000e+01,-2.240000000000000213e+00,7.648447751998901367e-01
4.320631730010739524e+00,-5.600000000000000000e+01,-2.240000000000000213e+00,7.643632292747497559e-01
4.337313705802286812e+00,-5.600000000000000000e+01,-2.240000000000000213e+00,7.627058029174804688e-01
4.353995681593834099e+00,-5.800000000000000000e+01,-2.319999999999999840e+00,7.647127509117126465e-01
4.370677657385381387e+00,-5.800000000000000000e+01,-2.319999999999999840e+00,7.668887376785278320e-01
4.387359633176928675e+00,-5.800000000000000000e+01,-2.319999999999999840e+00,7.675861716270446777e-01
4.404041608968475963e+00,-5.800000000000000000e+01,-2.319999999999999840e+00,7.703367471694946289e-01
4.420723584760023250e+00,-5.800000000000000000e+01,-2.319999999999999840e+00,7.714930176734924316e-01
4.437405560551570538e+00,-5.800000000000000000e+01,-2.319999999999999840e+00,7.706097960472106934e-01
4.454087536343117826e+00,-5.800000000000000000e+01,-2.319999999999999840e+00,7.727378606796264648e-01
4.470769512134665113e+00,-5.800000000000000000e+01,-2.319999999999999840e+00,7.745817899703979492e-01
4.487451487926212401e+00,-5.700000000000000000e+01,-2.279999999999999805e+00,7.760553359985351562e-01
4.504133463717759689e+00,-5.700000000000000000e+01,-2.279999999999999805e+00,7.750626206398010254e-01
4.520815439509306977e+00,-5.700000000000000000e+01,-2.279999999999999805e+00,7.749692797660827637e-01
4.537497415300853376e+00,-5.700000000000000000e+01,-2.279999999999999805e+00,7.750083208084106445e-01
4.554179391092400664e+00,-5.700000000000000000e+01,-2.279999999999999805e+00,7.752223610877990723e-01
4.570861366883947952e+00,-5.700000000000000000e+01,-2.279999999999999805e+00,7.741323113441467285e-01
4.587543342675495239e+00,-5.700000000000000000e+01,-2.279999999999999805e+00,7.736085653305053711e-01
4.604225318467042527e+00,-5.800000000000000000e+01,-2.319999999999999840e+00,7.731077671051025391e-01
4.620907294258589815e+00,-5.800000000000000000e+01,-2.319999999999999840e+00,7.722046971321105957e-01
4.637589270050137102e+00,-5.800000000000000000e+01,-2.319999999999999840e+00,7.729913592338562012e-01
4.654271245841684390e+00,-5.800000000000000000e+01,-2.319999999999999840e+00,7.734193801879882812e-01
4.670953221633231678e+00,-5.800000000000000000e+01,-2.319999999999999840e+00,7.731304168701171875e-01
4.687635197424778966e+00,-5.800000000000000000e+01,-2.319999999999999840e+00,7.723504304885864258e-01
4.704317173216326253e+00,-5.800000000000000000e+01,-2.319999999999999840e+00,7.719119191169738770e-01
4.720999149007873541e+00,-5.800000000000000000e+01,-2.319999999999999840e+00,7.711954712867736816e-01
4.737681124799420829e+00,-5.900000000000000000e+01,-2.359999999999999876e+00,7.710195183753967285e-01
4.754363100590968116e+00,-5.900000000000000000e+01,-2.359999999999999876e+00,7.709486484527587891e-01
4.771045076382515404e+00,-5.900000000000000000e+01,-2.359999999999999876e+00,7.720677256584167480e-01
4.787727052174062692e+00,-5.900000000000000000e+01,-2.359999999999999876e+00,7.751970887184143066e-01
4.804409027965609980e+00,-5.900000000000000000e+01,-2.359999999999999876e+00,7.777309417724609375e-01
4.821091003757157267e+00,-5.900000000000000000e+01,-2.359999999999999876e+00,7.772895097732543945e-01
4.837772979548704555e+00,-5.900000000000000000e+01,-2.359999999999999876e+00,7.767246365547180176e-01
4.854454955340251843e+00,-5.900000000000000000e+01,-2.359999999999999876e+00,7.742930054664611816e-01
4.871136931131799130e+00,-5.800000000000000000e+01,-2.319999999999999840e+00,7.743706703186035156e-01
4.887818906923346418e+00,-5.800000000000000000e+01,-2.319999999999999840e+00,7.737830281257629395e-01
4.904500882714893706e+00,-5.800000000000000000e+01,-2.319999999999999840e+00,7.730538845062255859e-01
4.921182858506440994e+00,-5.800000000000000000e+01,-2.319999999999999840e+00,7.724376916885375977e-01
4.937864834297988281e+00,-5.500000000000000000e+01,-2.200000000000000178e+00,7.716512084007263184e-01
4.954546810089535569e+00,-5.600000000000000000e+01,-2.240000000000000213e+00,7.725287675857543945e-01
4.971228785881082857e+00,-5.500000000000000000e+01,-2.200000000000000178e+00,7.715738415718078613e-01
4.987910761672630144e+00,-6.000000000000000000e+01,-2.399999999999999911e+00,7.760409116744995117e-01
5.004592737464177432e+00,-6.000000000000000000e+01,-2.399999999999999911e+00,7.751992940902709961e-01
5.021274713255723832e+00,-6.000000000000000000e+01,-2.399999999999999911e+00,7.757813334465026855e-01
5.037956689047271119e+00,-6.000000000000000000e+01,-2.399999999999999911e+00,7.760087847709655762e-01
5.054638664838818407e+00,-6.000000000000000000e+01,-2.399999999999999911e+00,7.758283615112304688e-01
5.071320640630365695e+00,-6.000000000000000000e+01,-2.399999999999999911e+00,7.758443951606750488e-01
5.088002616421912983e+00,-6.000000000000000000e+01,-2.399999999999999911e+00,7.756356000900268555e-01
5.104684592213460270e+00,-6.000000000000000000e+01,-2.399999999999999911e+00,7.752130031585693359e-01
5.121366568005007558e+00,-6.000000000000000000e+01,-2.399999999999999911e+00,7.755596041679382324e-01
5.138048543796554846e+00,-6.000000000000000000e+01,-2.399999999999999911e+00,7.759353518486022949e-01
5.154730519588102133e+00,-6.000000000000000000e+01,-2.399999999999999911e+00,7.769043445587158203e-01
5.171412495379649421e+00,-6.000000000000000000e+01,-2.399999999999999911e+00,7.813381552696228027e-01
5.188094471171196709e+00,-6.000000000000000000e+01,-2.399999999999999911e+00,7.817441225051879883e-01
5.204776446962743996e+00,-6.000000000000000000e+01,-2.399999999999999911e+00,7.796710133552551270e-01
5.221458422754291284e+00,-6.000000000000000000e+01,-2.399999999999999911e+00,7.790156602859497070e-01
5.238140398545838572e+00,-6.000000000000000000e+01,-2.399999999999999911e+00,7.789305448532104492e-01
5.254822374337385860e+00,-6.000000000000000000e+01,-2.399999999999999911e+00,7.775176167488098145e-01
5.271504350128933147e+00,-6.000000000000000000e+01,-2.399999999999999911e+00,7.769107818603515625e-01
5.288186325920480435e+00,-6.000000000000000000e+01,-2.399999999999999911e+00,7.762539982795715332e-01
5.304868301712027723e+00,-6.100000000000000000e+01,-2.439999999999999947e+00,7.737373113632202148e-01
5.321550277503575010e+00,-6.100000000000000000e+01,-2.439999999999999947e+00,7.743348479270935059e-01
5.338232253295122298e+00,-6.100000000000000000e+01,-2.439999999999999947e+00,7.733013629913330078e-01
5.354914229086669586e+00,-6.100000000000000000e+01,-2.439999999999999947e+00,7.730470299720764160e-01
5.371596204878216874e+00,-6.100000000000000000e+01,-2.439999999999999947e+00,7.737296819686889648e-01
5.388278180669764161e+00,-6.100000000000000000e+01,-2.439999999999999947e+00,7.739691138267517090e-01
5.404960156461311449e+00,-6.100000000000000000e+01,-2.439999999999999947e+00,7.745018005371093750e-01
5.421642132252858737e+00,-6.100000000000000000e+01,-2.439999999999999947e+00,7.752233147621154785e-01
5.438324108044406024e+00,-6.100000000000000000e+01,-2.439999999999999947e+00,7.737140655517578125e-01
5.455006083835953312e+00,-6.100000000000000000e+01,-2.439999999999999947e+00,7.734059095382690430e-01
5.471688059627500600e+00,-6.100000000000000000e+01,-2.439999999999999947e+00,7.741938233375549316e-01
5.488370035419047888e+00,-6.100000000000000000e+01,-2.439999999999999947e+00,7.739409804344177246e-01
5.505052011210594287e+00,-6.100000000000000000e+01,-2.439999999999999947e+00,7.744537591934204102e-01
5.521733987002141575e+00,-6.100000000000000000e+01,-2.439999999999999947e+00,7.742653489112854004e-01
5.538415962793688863e+00,-6.100000000000000000e+01,-2.439999999999999947e+00,7.746186256408691406e-01
5.555097938585236150e+00,-6.100000000000000000e+01,-2.439999999999999947e+00,7.760788798332214355e-01
5.571779914376783438e+00,-6.100000000000000000e+01,-2.439999999999999947e+00,7.785860896110534668e-01
5.588461890168330726e+00,-6.100000000000000000e+01,-2.439999999999999947e+00,7.786986827850341797e-01
5.605143865959878013e+00,-6.100000000000000000e+01,-2.439999999999999947e+00,7.818970084190368652e-01
5.621825841751425301e+00,-6.100000000000000000e+01,-2.439999999999999947e+00,7.827536463737487793e-01
5.638507817542972589e+00,-6.100000000000000000e+01,-2.439999999999999947e+00,7.803942561149597168e-01
5.655189793334519877e+00,-6.100000000000000000e+01,-2.439999999999999947e+00,7.803732156753540039e-01
5.671871769126067164e+00,-6.100000000000000000e+01,-2.439999999999999947e+00,7.818315029144287109e-01
5.688553744917614452e+00,-6.100000000000000000e+01,-2.439999999999999947e+00,7.817848324775695801e-01
5.705235720709161740e+00,-6.100000000000000000e+01,-2.439999999999999947e+00,7.796841859817504883e-01
5.721917696500709027e+00,-6.100000000000000000e+01,-2.439999999999999947e+00,7.790025472640991211e-01
5.738599672292256315e+00,-6.100000000000000000e+01,-2.439999999999999947e+00,7.793789505958557129e-01
5.755281648083803603e+00,-6.100000000000000000e+01,-2.439999999999999947e+00,7.820906639099121094e-01
5.771963623875350891e+00,-6.100000000000000000e+01,-2.439999999999999947e+00,7.851108312606811523e-01
5.788645599666898178e+00,-6.100000000000000000e+01,-2.439999999999999947e+00,7.853707075119018555e-01
5.805327575458445466e+00,-6.100000000000000000e+01,-2.439999999999999947e+00,7.850146889686584473e-01
5.822009551249992754e+00,-6.100000000000000000e+01,-2.439999999999999947e+00,7.856509685516357422e-01
5.838691527041540041e+00,-6.100000000000000000e+01,-2.439999999999999947e+00,7.858366370201110840e-01
5.855373502833087329e+00,-6.100000000000000000e+01,-2.439999999999999947e+00,7.821854948997497559e-01
5.872055478624634617e+00,-6.100000000000000000e+01,-2.439999999999999947e+00,7.825781702995300293e-01
5.888737454416181905e+00,-6.100000000000000000e+01,-2.439999999999999947e+00,7.821213006973266602e-01
5.905419430207729192e+00,-6.100000000000000000e+01,-2.439999999999999947e+00,7.840191721916198730e-01
5.922101405999276480e+00,-6.100000000000000000e+01,-2.439999999999999947e+00,7.816004157066345215e-01
5.938783381790823768e+00,-6.100000000000000000e+01,-2.439999999999999947e+00,7.788349986076354980e-01
5.955465357582371055e+00,-6.100000000000000000e+01,-2.439999999999999947e+00,7.785727977752685547e-01
5.972147333373917455e+00,-6.100000000000000000e+01,-2.439999999999999947e+00,7.779481410980224609e-01
5.988829309165464743e+00,-6.100000000000000000e+01,-2.439999999999999947e+00,7.745382785797119141e-01
6.005511284957012030e+00,-6.200000000000000000e+01,-2.479999999999999982e+00,7.725249528884887695e-01
6.022193260748559318e+00,-6.200000000000000000e+01,-2.479999999999999982e+00,7.725611925125122070e-01
6.038875236540106606e+00,-6.200000000000000000e+01,-2.479999999999999982e+00,7.721519470214843750e-01
6.055557212331653894e+00,-6.200000000000000000e+01,-2.479999999999999982e+00,7.696000933647155762e-01
6.072239188123201181e+00,-6.200000000000000000e+01,-2.479999999999999982e+00,7.690682411193847656e-01
6.088921163914748469e+00,-6.200000000000000000e+01,-2.479999999999999982e+00,7.719696760177612305e-01
6.105603139706295757e+00,-6.200000000000000000e+01,-2.479999999999999982e+00,7.721343040466308594e-01
6.122285115497843044e+00,-6.200000000000000000e+01,-2.479999999999999982e+00,7.723915576934814453e-01
6.138967091289390332e+00,-6.200000000000000000e+01,-2.479999999999999982e+00,7.726497054100036621e-01
6.155649067080937620e+00,-6.200000000000000000e+01,-2.479999999999999982e+00,7.732878923416137695e-01
6.172331042872484907e+00,-6.200000000000000000e+01,-2.479999999999999982e+00,7.705826163291931152e-01
6.189013018664032195e+00,-6.200000000000000000e+01,-2.479999999999999982e+00,7.688387632369995117e-01
6.205694994455579483e+00,-6.200000000000000000e+01,-2.479999999999999982e+00,7.691531181335449219e-01
6.222376970247126771e+00,-6.200000000000000000e+01,-2.479999999999999982e+00,7.683724164962768555e-01
6.239058946038674058e+00,-6.200000000000000000e+01,-2.479999999999999982e+00,7.677086591720581055e-01
6.255740921830221346e+00,-6.200000000000000000e+01,-2.479999999999999982e+00,7.671442031860351562e-01
6.272422897621768634e+00,-6.200000000000000000e+01,-2.479999999999999982e+00,7.678951621055603027e-01
6.289104873413315921e+00,-6.200000000000000000e+01,-2.479999999999999982e+00,7.687913775444030762e-01
6.305786849204863209e+00,-6.200000000000000000e+01,-2.479999999999999982e+00,7.683207988739013672e-01
6.322468824996410497e+00,-6.200000000000000000e+01,-2.479999999999999982e+00,7.685357332229614258e-01
6.339150800787957785e+00,-6.200000000000000000e+01,-2.479999999999999982e+00,7.723606824874877930e-01
6.355832776579505072e+00,-6.200000000000000000e+01,-2.479999999999999982e+00,7.764207720756530762e-01
6.372514752371052360e+00,-6.200000000000000000e+01,-2.479999999999999982e+00,7.747732400894165039e-01
6.389196728162599648e+00,-6.200000000000000000e+01,-2.479999999999999982e+00,7.730858922004699707e-01
6.405878703954146935e+00,-6.200000000000000000e+01,-2.479999999999999982e+00,7.741921544075012207e-01
6.422560679745694223e+00,-6.200000000000000000e+01,-2.479999999999999982e+00,7.749158143997192383e-01
6.439242655537241511e+00,-6.200000000000000000e+01,-2.479999999999999982e+00,7.729532122611999512e-01
6.455924631328787910e+00,-6.200000000000000000e+01,-2.479999999999999982e+00,7.727329134941101074e-01
6.472606607120335198e+00,-6.200000000000000000e+01,-2.479999999999999982e+00,7.732720971107482910e-01
6.489288582911882486e+00,-6.200000000000000000e+01,-2.479999999999999982e+00,7.772780060768127441e-01
6.505970558703429774e+00,-6.200000000000000000e+01,-2.479999999999999982e+00,7.768291234970092773e-01
6.522652534494977061e+00,-6.200000000000000000e+01,-2.479999999999999982e+00,7.744280695915222168e-01
6.539334510286524349e+00,-6.200000000000000000e+01,-2.479999999999999982e+00,7.734471559524536133e-01
6.556016486078071637e+00,-6.200000000000000000e+01,-2.479999999999999982e+00,7.751348614692687988e-01
6.572698461869618924e+00,-6.200000000000000000e+01,-2.479999999999999982e+00,7.774323225021362305e-01
6.589380437661166212e+00,-6.200000000000000000e+01,-2.479999999999999982e+00,7.781184911727905273e-01
6.606062413452713500e+00,-6.200000000000000000e+01,-2.479999999999999982e+00,7.731838226318359375e-01
6.622744389244260788e+00,-6.300000000000000000e+01,-2.520000000000000018e+00,7.688938975334167480e-01
6.639426365035808075e+00,-6.300000000000000000e+01,-2.520000000000000018e+00,7.687128186225891113e-01
6.656108340827355363e+00,-6.300000000000000000e+01,-2.520000000000000018e+00,7.692960500717163086e-01
6.672790316618902651e+00,-6.300000000000000000e+01,-2.520000000000000018e+00,7.726116180419921875e-01
6.689472292410449938e+00,-6.300000000000000000e+01,-2.520000000000000018e+00,7.685770392417907715e-01
6.706154268201997226e+00,-6.300000000000000000e+01,-2.520000000000000018e+00,7.651220560073852539e-01
6.722836243993544514e+00,-6.300000000000000000e+01,-2.520000000000000018e+00,7.649607658386230469e-01
6.739518219785091802e+00,-6.300000000000000000e+01,-2.520000000000000018e+00,7.665518522262573242e-01
6.756200195576639089e+00,-6.300000000000000000e+01,-2.520000000000000018e+00,7.664643526077270508e-01
6.772882171368186377e+00,-6.100000000000000000e+01,-2.439999999999999947e+00,7.656763792037963867e-01
6.789564147159733665e+00,-6.100000000000000000e+01,-2.439999999999999947e+00,7.661149501800537109e-01
6.806246122951280952e+00,-6.300000000000000000e+01,-2.520000000000000018e+00,7.675756812095642090e-01
6.822928098742828240e+00,-6.300000000000000000e+01,-2.520000000000000018e+00,7.670435309410095215e-01
6.839610074534375528e+00,-6.100000000000000000e+01,-2.439999999999999947e+00,7.660839557647705078e-01
6.856292050325922816e+00,-6.100000000000000000e+01,-2.439999999999999947e+00,7.661732435226440430e-01
6.872974026117470103e+00,-6.100000000000000000e+01,-2.439999999999999947e+00,7.653200030326843262e-01
6.889656001909017391e+00,-6.100000000000000000e+01,-2.439999999999999947e+00,7.649744749069213867e-01
6.906337977700564679e+00,-6.300000000000000000e+01,-2.520000000000000018e+00,7.653691768646240234e-01
6.923019953492111966e+00,-6.300000000000000000e+01,-2.520000000000000018e+00,7.673177719116210938e-01
6.939701929283658366e+00,-6.300000000000000000e+01,-2.520000000000000018e+00,7.681489586830139160e-01
6.956383905075205654e+00,-6.300000000000000000e+01,-2.520000000000000018e+00,7.687473893165588379e-01
6.973065880866752941e+00,-6.300000000000000000e+01,-2.520000000000000018e+00,7.688785791397094727e-01
6.989747856658300229e+00,-6.300000000000000000e+01,-2.520000000000000018e+00,7.687582373619079590e-01
7.006429832449847517e+00,-6.300000000000000000e+01,-2.520000000000000018e+00,7.691465020179748535e-01
7.023111808241394804e+00,-6.300000000000000000e+01,-2.520000000000000018e+00,7.666082382202148438e-01
7.039793784032942092e+00,-6.300000000000000000e+01,-2.520000000000000018e+00,7.655632495880126953e-01
7.056475759824489380e+00,-6.300000000000000000e+01,-2.520000000000000018e+00,7.657867670059204102e-01
7.073157735616036668e+00,-6.100000000000000000e+01,-2.439999999999999947e+00,7.634974122047424316e-01
7.089839711407583955e+00,-6.100000000000000000e+01,-2.439999999999999947e+00,7.636588215827941895e-01
7.106521687199131243e+00,-6.200000000000000000e+01,-2.479999999999999982e+00,7.659845948219299316e-01
7.123203662990678531e+00,-6.200000000000000000e+01,-2.479999999999999982e+00,7.660837769508361816e-01
7.139885638782225818e+00,-6.200000000000000000e+01,-2.479999999999999982e+00,7.663352489471435547e-01
7.156567614573773106e+00,-6.200000000000000000e+01,-2.479999999999999982e+00,7.664288878440856934e-01
7.173249590365320394e+00,-6.200000000000000000e+01,-2.479999999999999982e+00,7.664351463317871094e-01
7.189931566156867682e+00,-6.200000000000000000e+01,-2.479999999999999982e+00,7.662590742111206055e-01
7.206613541948414969e+00,-6.200000000000000000e+01,-2.479999999999999982e+00,7.666867375373840332e-01
7.223295517739962257e+00,-6.200000000000000000e+01,-2.479999999999999982e+00,7.679755091667175293e-01
7.239977493531509545e+00,-6.200000000000000000e+01,-2.479999999999999982e+00,7.686595320701599121e-01
7.256659469323056832e+00,-6.200000000000000000e+01,-2.479999999999999982e+00,7.681382894515991211e-01
7.273341445114604120e+00,-6.200000000000000000e+01,-2.479999999999999982e+00,7.685366272926330566e-01
7.290023420906151408e+00,-6.200000000000000000e+01,-2.479999999999999982e+00,7.683746814727783203e-01
7.306705396697698696e+00,-6.200000000000000000e+01,-2.479999999999999982e+00,7.676960825920104980e-01
7.323387372489245983e+00,-6.200000000000000000e+01,-2.479999999999999982e+00,7.681601643562316895e-01
7.340069348280793271e+00,-6.200000000000000000e+01,-2.479999999999999982e+00,7.676216363906860352e-01
7.356751324072340559e+00,-6.200000000000000000e+01,-2.479999999999999982e+00,7.668626308441162109e-01
7.373433299863887846e+00,-6.200000000000000000e+01,-2.479999999999999982e+00,7.658536434173583984e-01
7.390115275655435134e+00,-6.300000000000000000e+01,-2.520000000000000018e+00,7.665724158287048340e-01
7.406797251446981534e+00,-6.300000000000000000e+01,-2.520000000000000018e+00,7.731298208236694336e-01
7.423479227238528821e+00,-6.300000000000000000e+01,-2.520000000000000018e+00,7.714174389839172363e-01
7.440161203030076109e+00,-6.300000000000000000e+01,-2.520000000000000018e+00,7.676497697830200195e-01
7.456843178821623397e+00,-6.300000000000000000e+01,-2.520000000000000018e+00,7.663857340812683105e-01
7.473525154613170685e+00,-6.300000000000000000e+01,-2.520000000000000018e+00,7.664580941200256348e-01
7.490207130404717972e+00,-6.300000000000000000e+01,-2.520000000000000018e+00,7.686434388160705566e-01
7.506889106196265260e+00,-6.300000000000000000e+01,-2.520000000000000018e+00,7.697330117225646973e-01
7.523571081987812548e+00,-6.300000000000000000e+01,-2.520000000000000018e+00,7.705495357513427734e-01
7.540253057779359835e+00,-6.300000000000000000e+01,-2.520000000000000018e+00,7.753296494483947754e-01
7.556935033570907123e+00,-6.300000000000000000e+01,-2.520000000000000018e+00,7.802239656448364258e-01
7.573617009362454411e+00,-6.300000000000000000e+01,-2.520000000000000018e+00,7.796820998191833496e-01
7.590298985154001699e+00,-6.300000000000000000e+01,-2.520000000000000018e+00,7.778411507606506348e-01
7.606980960945548986e+00,-6.300000000000000000e+01,-2.520000000000000018e+00,7.768313884735107422e-01
7.623662936737096274e+00,-6.300000000000000000e+01,-2.520000000000000018e+00,7.769217491149902344e-01
7.640344912528643562e+00,-6.300000000000000000e+01,-2.520000000000000018e+00,7.787743210792541504e-01
7.657026888320190849e+00,-6.300000000000000000e+01,-2.520000000000000018e+00,7.772064805030822754e-01
7.673708864111738137e+00,-6.300000000000000000e+01,-2.520000000000000018e+00,7.732529640197753906e-01
7.690390839903285425e+00,-6.300000000000000000e+01,-2.520000000000000018e+00,7.736175060272216797e-01
7.707072815694832713e+00,-6.300000000000000000e+01,-2.520000000000000018e+00,7.749008536338806152e-01
7.723754791486380000e+00,-6.400000000000000000e+01,-2.560000000000000053e+00,7.717723846435546875e-01
7.740436767277927288e+00,-6.400000000000000000e+01,-2.560000000000000053e+00,7.670482397079467773e-01
7.757118743069474576e+00,-6.400000000000000000e+01,-2.560000000000000053e+00,7.662029266357421875e-01
7.773800718861021863e+00,-6.400000000000000000e+01,-2.560000000000000053e+00,7.661529183387756348e-01
7.790482694652569151e+00,-6.400000000000000000e+01,-2.560000000000000053e+00,7.682867646217346191e-01
7.807164670444116439e+00,-6.400000000000000000e+01,-2.560000000000000053e+00,7.733117938041687012e-01
7.823846646235663727e+00,-6.400000000000000000e+01,-2.560000000000000053e+00,7.716440558433532715e-01
7.840528622027211014e+00,-6.400000000000000000e+01,-2.560000000000000053e+00,7.664960026741027832e-01
7.857210597818758302e+00,-6.200000000000000000e+01,-2.479999999999999982e+00,7.660562396049499512e-01
7.873892573610305590e+00,-6.200000000000000000e+01,-2.479999999999999982e+00,7.658830285072326660e-01
7.890574549401851989e+00,-6.200000000000000000e+01,-2.479999999999999982e+00,7.658884525299072266e-01
7.907256525193399277e+00,-6.200000000000000000e+01,-2.479999999999999982e+00,7.665231823921203613e-01
7.923938500984946565e+00,-6.300000000000000000e+01,-2.520000000000000018e+00,7.655494213104248047e-01
7.940620476776493852e+00,-6.300000000000000000e+01,-2.520000000000000018e+00,7.661210298538208008e-01
7.957302452568041140e+00,-6.300000000000000000e+01,-2.520000000000000018e+00,7.662801742553710938e-01
7.973984428359588428e+00,-6.300000000000000000e+01,-2.520000000000000018e+00,7.671955823898315430e-01
7.990666404151135715e+00,-6.400000000000000000e+01,-2.560000000000000053e+00,7.688052654266357422e-01
8.007348379942683891e+00,-6.400000000000000000e+01,-2.560000000000000053e+00,7.719559669494628906e-01
8.024030355734231179e+00,-6.400000000000000000e+01,-2.560000000000000053e+00,7.708210945129394531e-01
8.040712331525778467e+00,-6.400000000000000000e+01,-2.560000000000000053e+00,7.710948586463928223e-01
8.057394307317325755e+00,-6.400000000000000000e+01,-2.560000000000000053e+00,7.716556787490844727e-01
8.074076283108873042e+00,-6.400000000000000000e+01,-2.560000000000000053e+00,7.757433652877807617e-01
8.090758258900420330e+00,-6.400000000000000000e+01,-2.560000000000000053e+00,7.743048667907714844e-01
8.107440234691967618e+00,-6.400000000000000000e+01,-2.560000000000000053e+00,7.731055617332458496e-01
8.124122210483513129e+00,-6.400000000000000000e+01,-2.560000000000000053e+00,7.738654613494873047e-01
8.140804186275060417e+00,-6.400000000000000000e+01,-2.560000000000000053e+00,7.752798795700073242e-01
8.157486162066607704e+00,-6.400000000000000000e+01,-2.560000000000000053e+00,7.750546932220458984e-01
8.174168137858154992e+00,-6.400000000000000000e+01,-2.560000000000000053e+00,7.740643024444580078e-01
8.190850113649702280e+00,-6.400000000000000000e+01,-2.560000000000000053e+00,7.730723023414611816e-01
8.207532089441249568e+00,-6.400000000000000000e+01,-2.560000000000000053e+00,7.701512575149536133e-01
8.224214065232796855e+00,-6.400000000000000000e+01,-2.560000000000000053e+00,7.698157429695129395e-01
8.240896041024344143e+00,-6.400000000000000000e+01,-2.560000000000000053e+00,7.719944715499877930e-01
8.257578016815891431e+00,-6.400000000000000000e+01,-2.560000000000000053e+00,7.737669348716735840e-01
8.274259992607438718e+00,-6.400000000000000000e+01,-2.560000000000000053e+00,7.764987349510192871e-01
8.290941968398986006e+00,-6.300000000000000000e+01,-2.520000000000000018e+00,7.776675820350646973e-01
8.307623944190533294e+00,-6.300000000000000000e+01,-2.520000000000000018e+00,7.775775790214538574e-01
8.324305919982080582e+00,-6.300000000000000000e+01,-2.520000000000000018e+00,7.796614170074462891e-01
8.340987895773627869e+00,-6.300000000000000000e+01,-2.520000000000000018e+00,7.805640101432800293e-01
8.357669871565175157e+00,-6.300000000000000000e+01,-2.520000000000000018e+00,7.803603410720825195e-01
8.374351847356722445e+00,-6.300000000000000000e+01,-2.520000000000000018e+00,7.800000905990600586e-01
8.391033823148269732e+00,-6.300000000000000000e+01,-2.520000000000000018e+00,7.798228859901428223e-01
8.407715798939817020e+00,-6.400000000000000000e+01,-2.560000000000000053e+00,7.768720388412475586e-01
8.424397774731364308e+00,-6.400000000000000000e+01,-2.560000000000000053e+00,7.763950228691101074e-01
8.441079750522911596e+00,-6.400000000000000000e+01,-2.560000000000000053e+00,7.760115861892700195e-01
8.457761726314458883e+00,-6.400000000000000000e+01,-2.560000000000000053e+00,7.774885296821594238e-01
8.474443702106006171e+00,-6.400000000000000000e+01,-2.560000000000000053e+00,7.762133479118347168e-01
8.491125677897553459e+00,-6.400000000000000000e+01,-2.560000000000000053e+00,7.763165235519409180e-01
8.507807653689100746e+00,-6.400000000000000000e+01,-2.560000000000000053e+00,7.760787010192871094e-01
8.524489629480648034e+00,-6.400000000000000000e+01,-2.560000000000000053e+00,7.775810360908508301e-01
8.541171605272195322e+00,-6.400000000000000000e+01,-2.560000000000000053e+00,7.785254120826721191e-01
8.557853581063742610e+00,-6.400000000000000000e+01,-2.560000000000000053e+00,7.788421511650085449e-01
8.574535556855289897e+00,-6.400000000000000000e+01,-2.560000000000000053e+00,7.783230543136596680e-01
8.591217532646837185e+00,-6.400000000000000000e+01,-2.560000000000000053e+00,7.774385213851928711e-01
8.607899508438384473e+00,-6.400000000000000000e+01,-2.560000000000000053e+00,7.767336368560791016e-01
8.624581484229931760e+00,-6.400000000000000000e+01,-2.560000000000000053e+00,7.735378742218017578e-01
8.641263460021479048e+00,-6.400000000000000000e+01,-2.560000000000000053e+00,7.732434868812561035e-01
8.657945435813026336e+00,-6.400000000000000000e+01,-2.560000000000000053e+00,7.716360092163085938e-01
8.674627411604573624e+00,-6.400000000000000000e+01,-2.560000000000000053e+00,7.692173123359680176e-01
8.691309387396120911e+00,-6.400000000000000000e+01,-2.560000000000000053e+00,7.692266106605529785e-01
8.707991363187668199e+00,-6.400000000000000000e+01,-2.560000000000000053e+00,7.692615389823913574e-01
8.724673338979215487e+00,-6.400000000000000000e+01,-2.560000000000000053e+00,7.698583602905273438e-01
8.741355314770762774e+00,-6.400000000000000000e+01,-2.560000000000000053e+00,7.717523574829101562e-01
8.758037290562310062e+00,-6.400000000000000000e+01,-2.560000000000000053e+00,7.726706862449645996e-01
8.774719266353857350e+00,-6.400000000000000000e+01,-2.560000000000000053e+00,7.759482860565185547e-01
8.791401242145404638e+00,-6.400000000000000000e+01,-2.560000000000000053e+00,7.757590413093566895e-01
8.808083217936951925e+00,-6.400000000000000000e+01,-2.560000000000000053e+00,7.740348577499389648e-01
8.824765193728499213e+00,-6.400000000000000000e+01,-2.560000000000000053e+00,7.730247378349304199e-01
8.841447169520046501e+00,-6.500000000000000000e+01,-2.600000000000000089e+00,7.698956131935119629e-01
8.858129145311593788e+00,-6.500000000000000000e+01,-2.600000000000000089e+00,7.685570716857910156e-01
8.874811121103141076e+00,-6.500000000000000000e+01,-2.600000000000000089e+00,7.671114802360534668e-01
8.891493096894688364e+00,-6.500000000000000000e+01,-2.600000000000000089e+00,7.668027877807617188e-01
8.908175072686235652e+00,-6.500000000000000000e+01,-2.600000000000000089e+00,7.670196294784545898e-01
8.924857048477782939e+00,-6.500000000000000000e+01,-2.600000000000000089e+00,7.658542394638061523e-01
8.941539024269330227e+00,-6.300000000000000000e+01,-2.520000000000000018e+00,7.639592885971069336e-01
8.958221000060877515e+00,-6.300000000000000000e+01,-2.520000000000000018e+00,7.649802565574645996e-01
8.974902975852424802e+00,-6.300000000000000000e+01,-2.520000000000000018e+00,7.648834586143493652e-01
8.991584951643972090e+00,-6.300000000000000000e+01,-2.520000000000000018e+00,7.650191783905029297e-01
9.008266927435519378e+00,-6.300000000000000000e+01,-2.520000000000000018e+00,7.647448182106018066e-01
9.024948903227066666e+00,-6.300000000000000000e+01,-2.520000000000000018e+00,7.646757364273071289e-01
9.041630879018613953e+00,-6.300000000000000000e+01,-2.520000000000000018e+00,7.646842598915100098e-01
9.058312854810161241e+00,-6.400000000000000000e+01,-2.560000000000000053e+00,7.648644447326660156e-01
9.074994830601706752e+00,-6.400000000000000000e+01,-2.560000000000000053e+00,7.667415738105773926e-01
9.091676806393254040e+00,-6.400000000000000000e+01,-2.560000000000000053e+00,7.661736607551574707e-01
9.108358782184801328e+00,-6.400000000000000000e+01,-2.560000000000000053e+00,7.663681507110595703e-01
9.125040757976348615e+00,-6.400000000000000000e+01,-2.560000000000000053e+00,7.661402821540832520e-01
9.141722733767895903e+00,-6.400000000000000000e+01,-2.560000000000000053e+00,7.653515934944152832e-01
9.158404709559443191e+00,-6.400000000000000000e+01,-2.560000000000000053e+00,7.657238841056823730e-01
9.175086685350990479e+00,-6.400000000000000000e+01,-2.560000000000000053e+00,7.667651176452636719e-01
9.191768661142537766e+00,-6.400000000000000000e+01,-2.560000000000000053e+00,7.674565911293029785e-01
9.208450636934085054e+00,-6.400000000000000000e+01,-2.560000000000000053e+00,7.674234509468078613e-01
9.225132612725632342e+00,-6.400000000000000000e+01,-2.560000000000000053e+00,7.684299349784851074e-01
9.241814588517179629e+00,-6.400000000000000000e+01,-2.560000000000000053e+00,7.690538763999938965e-01
9.258496564308726917e+00,-6.400000000000000000e+01,-2.560000000000000053e+00,7.677723765373229980e-01
9.275178540100274205e+00,-6.400000000000000000e+01,-2.560000000000000053e+00,7.665877938270568848e-01
9.291860515891821493e+00,-6.400000000000000000e+01,-2.560000000000000053e+00,7.670155763626098633e-01
9.308542491683368780e+00,-6.400000000000000000e+01,-2.560000000000000053e+00,7.661440372467041016e-01
9.325224467474916068e+00,-6.400000000000000000e+01,-2.560000000000000053e+00,7.655288577079772949e-01
9.341906443266463356e+00,-6.400000000000000000e+01,-2.560000000000000053e+00,7.672370672225952148e-01
9.358588419058010643e+00,-6.400000000000000000e+01,-2.560000000000000053e+00,7.672743797302246094e-01
9.375270394849557931e+00,-6.400000000000000000e+01,-2.560000000000000053e+00,7.666773796081542969e-01
9.391952370641105219e+00,-6.400000000000000000e+01,-2.560000000000000053e+00,7.657080888748168945e-01
9.408634346432652507e+00,-6.300000000000000000e+01,-2.520000000000000018e+00,7.641081809997558594e-01
9.425316322224199794e+00,-6.300000000000000000e+01,-2.520000000000000018e+00,7.638731598854064941e-01
9.441998298015747082e+00,-6.400000000000000000e+01,-2.560000000000000053e+00,7.633742690086364746e-01
9.458680273807294370e+00,-6.400000000000000000e+01,-2.560000000000000053e+00,7.637693285942077637e-01
9.475362249598841657e+00,-6.500000000000000000e+01,-2.600000000000000089e+00,7.643796205520629883e-01
9.492044225390388945e+00,-6.500000000000000000e+01,-2.600000000000000089e+00,7.653942704200744629e-01
9.508726201181936233e+00,-6.500000000000000000e+01,-2.600000000000000089e+00,7.644706964492797852e-01
9.525408176973483521e+00,-6.500000000000000000e+01,-2.600000000000000089e+00,7.648211121559143066e-01
9.542090152765030808e+00,-6.500000000000000000e+01,-2.600000000000000089e+00,7.691075801849365234e-01
9.558772128556578096e+00,-6.500000000000000000e+01,-2.600000000000000089e+00,7.690104842185974121e-01
9.575454104348125384e+00,-6.500000000000000000e+01,-2.600000000000000089e+00,7.702276706695556641e-01
9.592136080139672671e+00,-6.500000000000000000e+01,-2.600000000000000089e+00,7.707313895225524902e-01
9.608818055931219959e+00,-6.500000000000000000e+01,-2.600000000000000089e+00,7.714681029319763184e-01
9.625500031722767247e+00,-6.500000000000000000e+01,-2.600000000000000089e+00,7.739003300666809082e-01
9.642182007514314535e+00,-6.500000000000000000e+01,-2.600000000000000089e+00,7.776162028312683105e-01
9.658863983305861822e+00,-6.500000000000000000e+01,-2.600000000000000089e+00,7.761955261230468750e-01
9.675545959097409110e+00,-6.500000000000000000e+01,-2.600000000000000089e+00,7.762863039970397949e-01
9.692227934888956398e+00,-6.500000000000000000e+01,-2.600000000000000089e+00,7.762216925621032715e-01
9.708909910680503685e+00,-6.500000000000000000e+01,-2.600000000000000089e+00,7.783551812171936035e-01
9.725591886472050973e+00,-6.500000000000000000e+01,-2.600000000000000089e+00,7.786245346069335938e-01
9.742273862263598261e+00,-6.500000000000000000e+01,-2.600000000000000089e+00,7.784251570701599121e-01
9.758955838055145549e+00,-6.500000000000000000e+01,-2.600000000000000089e+00,7.774300575256347656e-01
9.775637813846692836e+00,-6.500000000000000000e+01,-2.600000000000000089e+00,7.771837115287780762e-01
9.792319789638240124e+00,-6.500000000000000000e+01,-2.600000000000000089e+00,7.768589854240417480e-01
9.809001765429787412e+00,-6.500000000000000000e+01,-2.600000000000000089e+00,7.771624326705932617e-01
9.825683741221334699e+00,-6.500000000000000000e+01,-2.600000000000000089e+00,7.766846418380737305e-01
9.842365717012881987e+00,-6.500000000000000000e+01,-2.600000000000000089e+00,7.767820358276367188e-01
9.859047692804429275e+00,-6.500000000000000000e+01,-2.600000000000000089e+00,7.764524221420288086e-01
9.875729668595976563e+00,-6.500000000000000000e+01,-2.600000000000000089e+00,7.763647437095642090e-01
9.892411644387523850e+00,-6.500000000000000000e+01,-2.600000000000000089e+00,7.763447761535644531e-01
9.909093620179071138e+00,-6.500000000000000000e+01,-2.600000000000000089e+00,7.763023972511291504e-01
9.925775595970618426e+00,-6.500000000000000000e+01,-2.600000000000000089e+00,7.769331336021423340e-01
9.942457571762165713e+00,-6.500000000000000000e+01,-2.600000000000000089e+00,7.768167853355407715e-01
9.959139547553713001e+00,-6.400000000000000000e+01,-2.560000000000000053e+00,7.762108445167541504e-01
9.975821523345260289e+00,-6.500000000000000000e+01,-2.600000000000000089e+00,7.760904431343078613e-01
9.992503499136807577e+00,-6.400000000000000000e+01,-2.560000000000000053e+00,7.757750153541564941e-01
1.000918547492835486e+01,-6.400000000000000000e+01,-2.560000000000000053e+00,7.760355472564697266e-01
1.002586745071990215e+01,-6.500000000000000000e+01,-2.600000000000000089e+00,7.761109471321105957e-01
1.004254942651144766e+01,-6.500000000000000000e+01,-2.600000000000000089e+00,7.760488986968994141e-01
1.005923140230299495e+01,-6.500000000000000000e+01,-2.600000000000000089e+00,7.764410972595214844e-01
1.007591337809454224e+01,-6.500000000000000000e+01,-2.600000000000000089e+00,7.767317891120910645e-01
1.009259535388608953e+01,-6.500000000000000000e+01,-2.600000000000000089e+00,7.767472863197326660e-01
1.010927732967763681e+01,-6.500000000000000000e+01,-2.600000000000000089e+00,7.772090435028076172e-01
1.012595930546918410e+01,-6.500000000000000000e+01,-2.600000000000000089e+00,7.756560444831848145e-01
1.014264128126073139e+01,-6.500000000000000000e+01,-2.600000000000000089e+00,7.766327261924743652e-01
1.015932325705227868e+01,-6.500000000000000000e+01,-2.600000000000000089e+00,7.776612043380737305e-01
1.017600523284382597e+01,-6.500000000000000000e+01,-2.600000000000000089e+00,7.796182036399841309e-01
1.019268720863537325e+01,-6.500000000000000000e+01,-2.600000000000000089e+00,7.795561552047729492e-01
1.020936918442692054e+01,-6.500000000000000000e+01,-2.600000000000000089e+00,7.793148159980773926e-01
1.022605116021846783e+01,-6.500000000000000000e+01,-2.600000000000000089e+00,7.795342803001403809e-01
1.024273313601001512e+01,-6.500000000000000000e+01,-2.600000000000000089e+00,7.791724205017089844e-01
1.025941511180156240e+01,-6.500000000000000000e+01,-2.600000000000000089e+00,7.781634926795959473e-01
1.027609708759310969e+01,-6.500000000000000000e+01,-2.600000000000000089e+00,7.780110239982604980e-01
1.029277906338465698e+01,-6.500000000000000000e+01,-2.600000000000000089e+00,7.747857570648193359e-01
1.030946103917620427e+01,-6.600000000000000000e+01,-2.640000000000000124e+00,7.731935381889343262e-01
1.032614301496775155e+01,-6.600000000000000000e+01,-2.640000000000000124e+00,7.726100087165832520e-01
1.034282499075929884e+01,-6.600000000000000000e+01,-2.640000000000000124e+00,7.725439667701721191e-01
1.035950696655084613e+01,-6.600000000000000000e+01,-2.640000000000000124e+00,7.728006243705749512e-01
1.037618894234239342e+01,-6.600000000000000000e+01,-2.640000000000000124e+00,7.693357467651367188e-01
1.039287091813394071e+01,-6.600000000000000000e+01,-2.640000000000000124e+00,7.690983414649963379e-01
1.040955289392548799e+01,-6.600000000000000000e+01,-2.640000000000000124e+00,7.689621448516845703e-01
1.042623486971703528e+01,-6.600000000000000000e+01,-2.640000000000000124e+00,7.689495682716369629e-01
1.044291684550858257e+01,-6.600000000000000000e+01,-2.640000000000000124e+00,7.690755724906921387e-01
1.045959882130012986e+01,-6.600000000000000000e+01,-2.640000000000000124e+00,7.715660333633422852e-01
1.047628079709167714e+01,-6.600000000000000000e+01,-2.640000000000000124e+00,7.717015147209167480e-01
1.049296277288322443e+01,-6.600000000000000000e+01,-2.640000000000000124e+00,7.729068994522094727e-01
1.050964474867477172e+01,-6.500000000000000000e+01,-2.600000000000000089e+00,7.773911356925964355e-01
1.052632672446631901e+01,-6.600000000000000000e+01,-2.640000000000000124e+00,7.771300077438354492e-01
1.054300870025786629e+01,-6.600000000000000000e+01,-2.640000000000000124e+00,7.755068540573120117e-01
1.055969067604941358e+01,-6.600000000000000000e+01,-2.640000000000000124e+00,7.747997045516967773e-01
1.057637265184096087e+01,-6.600000000000000000e+01,-2.640000000000000124e+00,7.768710255622863770e-01
1.059305462763250816e+01,-6.600000000000000000e+01,-2.640000000000000124e+00,7.789118885993957520e-01
1.060973660342405545e+01,-6.600000000000000000e+01,-2.640000000000000124e+00,7.749745845794677734e-01
1.062641857921560273e+01,-6.600000000000000000e+01,-2.640000000000000124e+00,7.722734212875366211e-01
1.064310055500715002e+01,-6.600000000000000000e+01,-2.640000000000000124e+00,7.721641063690185547e-01
1.065978253079869731e+01,-6.600000000000000000e+01,-2.640000000000000124e+00,7.726719975471496582e-01
1.067646450659024460e+01,-6.600000000000000000e+01,-2.640000000000000124e+00,7.677270174026489258e-01
1.069314648238179188e+01,-6.500000000000000000e+01,-2.600000000000000089e+00,7.673458456993103027e-01
1.070982845817333917e+01,-6.500000000000000000e+01,-2.600000000000000089e+00,7.682662010192871094e-01
1.072651043396488646e+01,-6.500000000000000000e+01,-2.600000000000000089e+00,7.679718732833862305e-01
1.074319240975643375e+01,-6.600000000000000000e+01,-2.640000000000000124e+00,7.711906433105468750e-01
1.075987438554798103e+01,-6.600000000000000000e+01,-2.640000000000000124e+00,7.652930617332458496e-01
1.077655636133952832e+01,-6.500000000000000000e+01,-2.600000000000000089e+00,7.656624317169189453e-01
1.079323833713107561e+01,-6.500000000000000000e+01,-2.600000000000000089e+00,7.660173773765563965e-01
1.080992031292262290e+01,-6.500000000000000000e+01,-2.600000000000000089e+00,7.656946778297424316e-01
1.082660228871417019e+01,-6.600000000000000000e+01,-2.640000000000000124e+00,7.684444189071655273e-01
1.084328426450571747e+01,-6.500000000000000000e+01,-2.600000000000000089e+00,7.655239701271057129e-01
1.085996624029726476e+01,-6.500000000000000000e+01,-2.600000000000000089e+00,7.650879025459289551e-01
1.087664821608881205e+01,-6.500000000000000000e+01,-2.600000000000000089e+00,7.655255198478698730e-01
1.089333019188035934e+01,-6.600000000000000000e+01,-2.640000000000000124e+00,7.679021954536437988e-01
1.091001216767190662e+01,-6.600000000000000000e+01,-2.640000000000000124e+00,7.690379023551940918e-01
1.092669414346345391e+01,-6.500000000000000000e+01,-2.600000000000000089e+00,7.683401703834533691e-01
1.094337611925500120e+01,-6.500000000000000000e+01,-2.600000000000000089e+00,7.693131566047668457e-01
1.096005809504654849e+01,-6.500000000000000000e+01,-2.600000000000000089e+00,7.681742310523986816e-01
1.097674007083809578e+01,-6.500000000000000000e+01,-2.600000000000000089e+00,7.681607604026794434e-01
1.099342204662964129e+01,-6.500000000000000000e+01,-2.600000000000000089e+00,7.702470421791076660e-01
1.101010402242118857e+01,-6.500000000000000000e+01,-2.600000000000000089e+00,7.699351906776428223e-01
1.102678599821273586e+01,-6.500000000000000000e+01,-2.600000000000000089e+00,7.690301537513732910e-01
1.104346797400428315e+01,-6.500000000000000000e+01,-2.600000000000000089e+00,7.681640982627868652e-01
1.106014994979583044e+01,-6.500000000000000000e+01,-2.600000000000000089e+00,7.693707942962646484e-01
1.107683192558737773e+01,-6.500000000000000000e+01,-2.600000000000000089e+00,7.717269659042358398e-01
1.109351390137892501e+01,-6.500000000000000000e+01,-2.600000000000000089e+00,7.698169350624084473e-01
1.111019587717047230e+01,-6.600000000000000000e+01,-2.640000000000000124e+00,7.667672634124755859e-01
1.112687785296201959e+01,-6.600000000000000000e+01,-2.640000000000000124e+00,7.650105953216552734e-01
1.114355982875356688e+01,-6.600000000000000000e+01,-2.640000000000000124e+00,7.646227478981018066e-01
1.116024180454511416e+01,-6.500000000000000000e+01,-2.600000000000000089e+00,7.686131000518798828e-01
1.117692378033666145e+01,-6.500000000000000000e+01,-2.600000000000000089e+00,7.681900262832641602e-01
1.119360575612820874e+01,-6.600000000000000000e+01,-2.640000000000000124e+00,7.669143080711364746e-01
1.121028773191975603e+01,-6.600000000000000000e+01,-2.640000000000000124e+00,7.675965428352355957e-01
1.122696970771130331e+01,-6.500000000000000000e+01,-2.600000000000000089e+00,7.681122422218322754e-01
1.124365168350285060e+01,-6.500000000000000000e+01,-2.600000000000000089e+00,7.691105604171752930e-01
1.126033365929439789e+01,-6.500000000000000000e+01,-2.600000000000000089e+00,7.696870565414428711e-01
1.127701563508594518e+01,-6.500000000000000000e+01,-2.600000000000000089e+00,7.699437737464904785e-01
1.129369761087749247e+01,-6.500000000000000000e+01,-2.600000000000000089e+00,7.691374421119689941e-01
1.131037958666903975e+01,-6.500000000000000000e+01,-2.600000000000000089e+00,7.689756155014038086e-01
1.132706156246058704e+01,-6.500000000000000000e+01,-2.600000000000000089e+00,7.685840725898742676e-01
1.134374353825213433e+01,-6.500000000000000000e+01,-2.600000000000000089e+00,7.686576843261718750e-01
1.136042551404368162e+01,-6.600000000000000000e+01,-2.640000000000000124e+00,7.662913799285888672e-01
1.137710748983522890e+01,-6.600000000000000000e+01,-2.640000000000000124e+00,7.666137814521789551e-01
1.139378946562677619e+01,-6.600000000000000000e+01,-2.640000000000000124e+00,7.664982080459594727e-01
1.141047144141832348e+01,-6.500000000000000000e+01,-2.600000000000000089e+00,7.688238024711608887e-01
1.142715341720987077e+01,-6.500000000000000000e+01,-2.600000000000000089e+00,7.690886259078979492e-01
1.144383539300141805e+01,-6.500000000000000000e+01,-2.600000000000000089e+00,7.681802511215209961e-01
1.146051736879296534e+01,-6.500000000000000000e+01,-2.600000000000000089e+00,7.693457007408142090e-01
1.147719934458451263e+01,-6.500000000000000000e+01,-2.600000000000000089e+00,7.692774534225463867e-01
1.149388132037605992e+01,-6.500000000000000000e+01,-2.600000000000000089e+00,7.687012553215026855e-01
1.151056329616760721e+01,-6.500000000000000000e+01,-2.600000000000000089e+00,7.688539028167724609e-01
1.152724527195915449e+01,-6.500000000000000000e+01,-2.600000000000000089e+00,7.681623697280883789e-01
1.154392724775070178e+01,-6.500000000000000000e+01,-2.600000000000000089e+00,7.684522867202758789e-01
1.156060922354224907e+01,-6.500000000000000000e+01,-2.600000000000000089e+00,7.686296105384826660e-01
1.157729119933379636e+01,-6.500000000000000000e+01,-2.600000000000000089e+00,7.691766619682312012e-01
1.159397317512534364e+01,-6.500000000000000000e+01,-2.600000000000000089e+00,7.693861126899719238e-01
1.161065515091689093e+01,-6.500000000000000000e+01,-2.600000000000000089e+00,7.692418098449707031e-01
1.162733712670843822e+01,-6.500000000000000000e+01,-2.600000000000000089e+00,7.686282396316528320e-01
1.164401910249998551e+01,-6.500000000000000000e+01,-2.600000000000000089e+00,7.677368521690368652e-01
1.166070107829153280e+01,-6.500000000000000000e+01,-2.600000000000000089e+00,7.666810750961303711e-01
1.167738305408308008e+01,-6.500000000000000000e+01,-2.600000000000000089e+00,7.655057311058044434e-01
1.169406502987462737e+01,-6.500000000000000000e+01,-2.600000000000000089e+00,7.655624747276306152e-01
1.171074700566617466e+01,-6.500000000000000000e+01,-2.600000000000000089e+00,7.656179666519165039e-01
1.172742898145772195e+01,-6.500000000000000000e+01,-2.600000000000000089e+00,7.656242847442626953e-01
1.174411095724926923e+01,-6.500000000000000000e+01,-2.600000000000000089e+00,7.645900249481201172e-01
1.176079293304081652e+01,-6.500000000000000000e+01,-2.600000000000000089e+00,7.656568884849548340e-01
1.177747490883236381e+01,-6.500000000000000000e+01,-2.600000000000000089e+00,7.665988802909851074e-01
1.179415688462391110e+01,-6.500000000000000000e+01,-2.600000000000000089e+00,7.667383551597595215e-01
1.181083886041545838e+01,-6.500000000000000000e+01,-2.600000000000000089e+00,7.675695419311523438e-01
1.182752083620700567e+01,-6.500000000000000000e+01,-2.600000000000000089e+00,7.677824497222900391e-01
1.184420281199855296e+01,-6.500000000000000000e+01,-2.600000000000000089e+00,7.676952481269836426e-01
1.186088478779010025e+01,-6.500000000000000000e+01,-2.600000000000000089e+00,7.682087421417236328e-01
1.187756676358164754e+01,-6.500000000000000000e+01,-2.600000000000000089e+00,7.682159543037414551e-01
1.189424873937319482e+01,-6.500000000000000000e+01,-2.600000000000000089e+00,7.676790952682495117e-01
1.191093071516474211e+01,-6.500000000000000000e+01,-2.600000000000000089e+00,7.675814628601074219e-01
1.192761269095628940e+01,-6.500000000000000000e+01,-2.600000000000000089e+00,7.674664855003356934e-01
1.194429466674783491e+01,-6.500000000000000000e+01,-2.600000000000000089e+00,7.672988176345825195e-01
1.196097664253938220e+01,-6.500000000000000000e+01,-2.600000000000000089e+00,7.672010660171508789e-01
1.197765861833092949e+01,-6.500000000000000000e+01,-2.600000000000000089e+00,7.671133279800415039e-01
1.199434059412247677e+01,-6.500000000000000000e+01,-2.600000000000000089e+00,7.668212652206420898e-01
1.201102256991402406e+01,-6.500000000000000000e+01,-2.600000000000000089e+00,7.674060463905334473e-01
1.202770454570557135e+01,-6.600000000000000000e+01,-2.640000000000000124e+00,7.670936584472656250e-01
1.204438652149711864e+01,-6.600000000000000000e+01,-2.640000000000000124e+00,7.674369215965270996e-01
1.206106849728866592e+01,-6.600000000000000000e+01,-2.640000000000000124e+00,7.674847841262817383e-01
1.207775047308021321e+01,-6.600000000000000000e+01,-2.640000000000000124e+00,7.675657868385314941e-01
1.209443244887176050e+01,-6.600000000000000000e+01,-2.640000000000000124e+00,7.675405144691467285e-01
1.211111442466330779e+01,-6.600000000000000000e+01,-2.640000000000000124e+00,7.679696083068847656e-01
1.212779640045485507e+01,-6.600000000000000000e+01,-2.640000000000000124e+00,7.679603099822998047e-01
1.214447837624640236e+01,-6.600000000000000000e+01,-2.640000000000000124e+00,7.674971222877502441e-01
1.216116035203794965e+01,-6.600000000000000000e+01,-2.640000000000000124e+00,7.674217224121093750e-01
1.217784232782949694e+01,-6.600000000000000000e+01,-2.640000000000000124e+00,7.681181430816650391e-01
1.219452430362104423e+01,-6.600000000000000000e+01,-2.640000000000000124e+00,7.681173086166381836e-01
1.221120627941259151e+01,-6.600000000000000000e+01,-2.640000000000000124e+00,7.686929106712341309e-01
1.222788825520413880e+01,-6.600000000000000000e+01,-2.640000000000000124e+00,7.688003778457641602e-01
1.224457023099568609e+01,-6.600000000000000000e+01,-2.640000000000000124e+00,7.689049243927001953e-01
1.226125220678723338e+01,-6.600000000000000000e+01,-2.640000000000000124e+00,7.693994045257568359e-01
1.227793418257878066e+01,-6.600000000000000000e+01,-2.640000000000000124e+00,7.683497071266174316e-01
1.229461615837032795e+01,-6.600000000000000000e+01,-2.640000000000000124e+00,7.664293050765991211e-01
1.231129813416187524e+01,-6.600000000000000000e+01,-2.640000000000000124e+00,7.667322158813476562e-01
1.232798010995342253e+01,-6.600000000000000000e+01,-2.640000000000000124e+00,7.667024135589599609e-01
1.234466208574496981e+01,-6.600000000000000000e+01,-2.640000000000000124e+00,7.655204534530639648e-01
1.236134406153651710e+01,-6.600000000000000000e+01,-2.640000000000000124e+00,7.640907764434814453e-01
1.237802603732806439e+01,-6.600000000000000000e+01,-2.640000000000000124e+00,7.636908888816833496e-01
1.239470801311961168e+01,-6.600000000000000000e+01,-2.640000000000000124e+00,7.650049328804016113e-01
1.241138998891115897e+01,-6.600000000000000000e+01,-2.640000000000000124e+00,7.653395533561706543e-01
1.242807196470270625e+01,-6.600000000000000000e+01,-2.640000000000000124e+00,7.635526657104492188e-01
1.244475394049425354e+01,-6.600000000000000000e+01,-2.640000000000000124e+00,7.626511454582214355e-01
1.246143591628580083e+01,-6.600000000000000000e+01,-2.640000000000000124e+00,7.637010812759399414e-01
1.247811789207734812e+01,-6.600000000000000000e+01,-2.640000000000000124e+00,7.668737173080444336e-01
1.249479986786889540e+01,-6.600000000000000000e+01,-2.640000000000000124e+00,7.688210606575012207e-01
1.251148184366044269e+01,-6.600000000000000000e+01,-2.640000000000000124e+00,7.686782479286193848e-01
1.252816381945198998e+01,-6.600000000000000000e+01,-2.640000000000000124e+00,7.679200768470764160e-01
1.254484579524353727e+01,-6.600000000000000000e+01,-2.640000000000000124e+00,7.690346837043762207e-01
1.256152777103508456e+01,-6.600000000000000000e+01,-2.640000000000000124e+00,7.669042944908142090e-01
1.257820974682663184e+01,-6.600000000000000000e+01,-2.640000000000000124e+00,7.664296627044677734e-01
1.259489172261817913e+01,-6.600000000000000000e+01,-2.640000000000000124e+00,7.672038674354553223e-01
1.261157369840972642e+01,-6.600000000000000000e+01,-2.640000000000000124e+00,7.690368890762329102e-01
1.262825567420127371e+01,-6.600000000000000000e+01,-2.640000000000000124e+00,7.697888016700744629e-01
1.264493764999282099e+01,-6.600000000000000000e+01,-2.640000000000000124e+00,7.704226374626159668e-01
1.266161962578436828e+01,-6.600000000000000000e+01,-2.640000000000000124e+00,7.687265276908874512e-01
1.267830160157591557e+01,-6.600000000000000000e+01,-2.640000000000000124e+00,7.662386894226074219e-01
1.269498357736746286e+01,-6.600000000000000000e+01,-2.640000000000000124e+00,7.657938599586486816e-01
1.271166555315901014e+01,-6.600000000000000000e+01,-2.640000000000000124e+00,7.656481862068176270e-01
1.272834752895055743e+01,-6.600000000000000000e+01,-2.640000000000000124e+00,7.659339308738708496e-01
1.274502950474210472e+01,-6.600000000000000000e+01,-2.640000000000000124e+00,7.662956118583679199e-01
1.276171148053365201e+01,-6.600000000000000000e+01,-2.640000000000000124e+00,7.674557566642761230e-01
1.277839345632519930e+01,-6.600000000000000000e+01,-2.640000000000000124e+00,7.671707868576049805e-01
1.279507543211674658e+01,-6.600000000000000000e+01,-2.640000000000000124e+00,7.672414183616638184e-01
1.281175740790829387e+01,-6.600000000000000000e+01,-2.640000000000000124e+00,7.696141004562377930e-01
1.282843938369984116e+01,-6.600000000000000000e+01,-2.640000000000000124e+00,7.690381407737731934e-01
1.284512135949138845e+01,-6.600000000000000000e+01,-2.640000000000000124e+00,7.688291668891906738e-01
1.286180333528293573e+01,-6.600000000000000000e+01,-2.640000000000000124e+00,7.686016559600830078e-01
1.287848531107448302e+01,-6.600000000000000000e+01,-2.640000000000000124e+00,7.685469985008239746e-01
1.289516728686602853e+01,-6.600000000000000000e+01,-2.640000000000000124e+00,7.683734297752380371e-01
1.291184926265757582e+01,-6.600000000000000000e+01,-2.640000000000000124e+00,7.671259641647338867e-01
1.292853123844912311e+01,-6.700000000000000000e+01,-2.680000000000000160e+00,7.675662636756896973e-01
1.294521321424067040e+01,-6.700000000000000000e+01,-2.680000000000000160e+00,7.669451236724853516e-01
1.296189519003221768e+01,-6.700000000000000000e+01,-2.680000000000000160e+00,7.668936848640441895e-01
1.297857716582376497e+01,-6.700000000000000000e+01,-2.680000000000000160e+00,7.660410404205322266e-01
1.299525914161531226e+01,-6.700000000000000000e+01,-2.680000000000000160e+00,7.658202648162841797e-01
1.301194111740685955e+01,-6.600000000000000000e+01,-2.640000000000000124e+00,7.661115527153015137e-01
1.302862309319840683e+01,-6.700000000000000000e+01,-2.680000000000000160e+00,7.665810585021972656e-01
1.304530506898995412e+01,-6.700000000000000000e+01,-2.680000000000000160e+00,7.663981318473815918e-01
1.306198704478150141e+01,-6.600000000000000000e+01,-2.640000000000000124e+00,7.666943669319152832e-01
1.307866902057304870e+01,-6.600000000000000000e+01,-2.640000000000000124e+00,7.664258480072021484e-01
1.309535099636459599e+01,-6.600000000000000000e+01,-2.640000000000000124e+00,7.667043209075927734e-01
1.311203297215614327e+01,-6.600000000000000000e+01,-2.640000000000000124e+00,7.667155265808105469e-01
1.312871494794769056e+01,-6.600000000000000000e+01,-2.640000000000000124e+00,7.670264840126037598e-01
1.314539692373923785e+01,-6.600000000000000000e+01,-2.640000000000000124e+00,7.668991088867187500e-01
1.316207889953078514e+01,-6.600000000000000000e+01,-2.640000000000000124e+00,7.665799260139465332e-01
1.317876087532233242e+01,-6.600000000000000000e+01,-2.640000000000000124e+00,7.663739323616027832e-01
1.319544285111387971e+01,-6.600000000000000000e+01,-2.640000000000000124e+00,7.667320370674133301e-01
1.321212482690542700e+01,-6.600000000000000000e+01,-2.640000000000000124e+00,7.658364772796630859e-01
1.322880680269697429e+01,-6.600000000000000000e+01,-2.640000000000000124e+00,7.662742733955383301e-01
1.324548877848852158e+01,-6.600000000000000000e+01,-2.640000000000000124e+00,7.655223608016967773e-01
1.326217075428006886e+01,-6.700000000000000000e+01,-2.680000000000000160e+00,7.681092619895935059e-01
1.327885273007161615e+01,-6.700000000000000000e+01,-2.680000000000000160e+00,7.695694565773010254e-01
1.329553470586316344e+01,-6.700000000000000000e+01,-2.680000000000000160e+00,7.694278955459594727e-01
1.331221668165471073e+01,-6.800000000000000000e+01,-2.720000000000000195e+00,7.702647447586059570e-01
1.332889865744625801e+01,-6.700000000000000000e+01,-2.680000000000000160e+00,7.730126976966857910e-01
1.334558063323780530e+01,-6.700000000000000000e+01,-2.680000000000000160e+00,7.725011110305786133e-01
1.336226260902935259e+01,-6.700000000000000000e+01,-2.680000000000000160e+00,7.711769342422485352e-01
1.337894458482089988e+01,-6.700000000000000000e+01,-2.680000000000000160e+00,7.681197524070739746e-01
1.339562656061244716e+01,-6.600000000000000000e+01,-2.640000000000000124e+00,7.659682035446166992e-01
1.341230853640399445e+01,-6.600000000000000000e+01,-2.640000000000000124e+00,7.672150731086730957e-01
1.342899051219554174e+01,-6.600000000000000000e+01,-2.640000000000000124e+00,7.679196596145629883e-01
1.344567248798708903e+01,-6.600000000000000000e+01,-2.640000000000000124e+00,7.682481408119201660e-01
1.346235446377863632e+01,-6.600000000000000000e+01,-2.640000000000000124e+00,7.685059309005737305e-01
1.347903643957018360e+01,-6.600000000000000000e+01,-2.640000000000000124e+00,7.683785557746887207e-01
1.349571841536173089e+01,-6.800000000000000000e+01,-2.720000000000000195e+00,7.682966589927673340e-01
1.351240039115327818e+01,-6.800000000000000000e+01,-2.720000000000000195e+00,7.699795365333557129e-01
1.352908236694482547e+01,-6.600000000000000000e+01,-2.640000000000000124e+00,7.685667276382446289e-01
1.354576434273637275e+01,-6.600000000000000000e+01,-2.640000000000000124e+00,7.686417698860168457e-01
1.356244631852792004e+01,-6.600000000000000000e+01,-2.640000000000000124e+00,7.678293585777282715e-01
1.357912829431946733e+01,-6.600000000000000000e+01,-2.640000000000000124e+00,7.675262689590454102e-01
1.359581027011101462e+01,-6.600000000000000000e+01,-2.640000000000000124e+00,7.679498195648193359e-01
1.361249224590256190e+01,-6.600000000000000000e+01,-2.640000000000000124e+00,7.676291465759277344e-01
1.362917422169410919e+01,-6.600000000000000000e+01,-2.640000000000000124e+00,7.671502232551574707e-01
1.364585619748565648e+01,-6.800000000000000000e+01,-2.720000000000000195e+00,7.733264565467834473e-01
1.366253817327720377e+01,-6.800000000000000000e+01,-2.720000000000000195e+00,7.696121931076049805e-01
1.367922014906875106e+01,-6.800000000000000000e+01,-2.720000000000000195e+00,7.675091028213500977e-01
1.369590212486029834e+01,-6.600000000000000000e+01,-2.640000000000000124e+00,7.669572830200195312e-01
1.371258410065184563e+01,-6.600000000000000000e+01,-2.640000000000000124e+00,7.672839164733886719e-01
1.372926607644339292e+01,-6.600000000000000000e+01,-2.640000000000000124e+00,7.678527832031250000e-01
1.374594805223494021e+01,-6.600000000000000000e+01,-2.640000000000000124e+00,7.678881287574768066e-01
1.376263002802648749e+01,-6.600000000000000000e+01,-2.640000000000000124e+00,7.681699395179748535e-01
1.377931200381803478e+01,-6.600000000000000000e+01,-2.640000000000000124e+00,7.683906555175781250e-01
1.379599397960958207e+01,-6.600000000000000000e+01,-2.640000000000000124e+00,7.684834599494934082e-01
1.381267595540112936e+01,-6.600000000000000000e+01,-2.640000000000000124e+00,7.686984539031982422e-01
1.382935793119267665e+01,-6.600000000000000000e+01,-2.640000000000000124e+00,7.689312100410461426e-01
1.384603990698422393e+01,-6.600000000000000000e+01,-2.640000000000000124e+00,7.681756615638732910e-01
1.386272188277576944e+01,-6.600000000000000000e+01,-2.640000000000000124e+00,7.681155800819396973e-01
1.387940385856731673e+01,-6.800000000000000000e+01,-2.720000000000000195e+00,7.689189910888671875e-01
1.389608583435886402e+01,-6.800000000000000000e+01,-2.720000000000000195e+00,7.740456461906433105e-01
1.391276781015041131e+01,-6.800000000000000000e+01,-2.720000000000000195e+00,7.745625376701354980e-01
1.392944978594195860e+01,-6.800000000000000000e+01,-2.720000000000000195e+00,7.742127776145935059e-01
1.394613176173350588e+01,-6.800000000000000000e+01,-2.720000000000000195e+00,7.728000879287719727e-01
1.396281373752505317e+01,-6.800000000000000000e+01,-2.720000000000000195e+00,7.669571042060852051e-01
1.397949571331660046e+01,-6.600000000000000000e+01,-2.640000000000000124e+00,7.674374580383300781e-01
1.399617768910814775e+01,-6.600000000000000000e+01,-2.640000000000000124e+00,7.674731612205505371e-01
1.401285966489969503e+01,-6.600000000000000000e+01,-2.640000000000000124e+00,7.669104933738708496e-01
1.402954164069124232e+01,-6.600000000000000000e+01,-2.640000000000000124e+00,7.671356797218322754e-01
1.404622361648278961e+01,-6.700000000000000000e+01,-2.680000000000000160e+00,7.681084871292114258e-01
1.406290559227433690e+01,-6.700000000000000000e+01,-2.680000000000000160e+00,7.693637609481811523e-01
1.407958756806588418e+01,-6.600000000000000000e+01,-2.640000000000000124e+00,7.681268453598022461e-01
1.409626954385743147e+01,-6.600000000000000000e+01,-2.640000000000000124e+00,7.673908472061157227e-01
1.411295151964897876e+01,-6.600000000000000000e+01,-2.640000000000000124e+00,7.676363587379455566e-01
1.412963349544052605e+01,-6.600000000000000000e+01,-2.640000000000000124e+00,7.674081921577453613e-01
1.414631547123207334e+01,-6.800000000000000000e+01,-2.720000000000000195e+00,7.668347358703613281e-01
1.416299744702362062e+01,-6.800000000000000000e+01,-2.720000000000000195e+00,7.678081393241882324e-01
1.417967942281516791e+01,-6.800000000000000000e+01,-2.720000000000000195e+00,7.679769992828369141e-01
1.419636139860671520e+01,-6.800000000000000000e+01,-2.720000000000000195e+00,7.660271525382995605e-01
1.421304337439826249e+01,-6.600000000000000000e+01,-2.640000000000000124e+00,7.668542861938476562e-01
1.422972535018980977e+01,-6.600000000000000000e+01,-2.640000000000000124e+00,7.659178972244262695e-01
1.424640732598135706e+01,-6.600000000000000000e+01,-2.640000000000000124e+00,7.659828066825866699e-01
1.426308930177290435e+01,-6.600000000000000000e+01,-2.640000000000000124e+00,7.666925191879272461e-01
1.427977127756445164e+01,-6.600000000000000000e+01,-2.640000000000000124e+00,7.666419744491577148e-01
1.429645325335599892e+01,-6.600000000000000000e+01,-2.640000000000000124e+00,7.660517096519470215e-01
1.431313522914754621e+01,-6.800000000000000000e+01,-2.720000000000000195e+00,7.664162516593933105e-01
1.432981720493909350e+01,-6.800000000000000000e+01,-2.720000000000000195e+00,7.677677869796752930e-01
1.434649918073064079e+01,-6.800000000000000000e+01,-2.720000000000000195e+00,7.689143419265747070e-01
1.436318115652218808e+01,-6.800000000000000000e+01,-2.720000000000000195e+00,7.730160355567932129e-01
1.437986313231373536e+01,-6.800000000000000000e+01,-2.720000000000000195e+00,7.741047739982604980e-01
1.439654510810528265e+01,-6.800000000000000000e+01,-2.720000000000000195e+00,7.737278342247009277e-01
1.441322708389682994e+01,-6.800000000000000000e+01,-2.720000000000000195e+00,7.734590768814086914e-01
1.442990905968837723e+01,-6.800000000000000000e+01,-2.720000000000000195e+00,7.725655436515808105e-01
1.444659103547992451e+01,-6.800000000000000000e+01,-2.720000000000000195e+00,7.697175145149230957e-01
1.446327301127147180e+01,-6.800000000000000000e+01,-2.720000000000000195e+00,7.690917849540710449e-01
1.447995498706301909e+01,-6.800000000000000000e+01,-2.720000000000000195e+00,7.733515501022338867e-01
1.449663696285456638e+01,-6.800000000000000000e+01,-2.720000000000000195e+00,7.737939953804016113e-01
1.451331893864611366e+01,-6.800000000000000000e+01,-2.720000000000000195e+00,7.739449739456176758e-01
1.453000091443766095e+01,-6.800000000000000000e+01,-2.720000000000000195e+00,7.734570503234863281e-01
1.454668289022920824e+01,-6.800000000000000000e+01,-2.720000000000000195e+00,7.752720713615417480e-01
1.456336486602075553e+01,-6.800000000000000000e+01,-2.720000000000000195e+00,7.781162858009338379e-01
1.458004684181230282e+01,-6.800000000000000000e+01,-2.720000000000000195e+00,7.777976989746093750e-01
1.459672881760385010e+01,-6.800000000000000000e+01,-2.720000000000000195e+00,7.772852778434753418e-01
1.461341079339539739e+01,-6.800000000000000000e+01,-2.720000000000000195e+00,7.768661379814147949e-01
1.463009276918694468e+01,-6.800000000000000000e+01,-2.720000000000000195e+00,7.762693166732788086e-01
1.464677474497849197e+01,-6.800000000000000000e+01,-2.720000000000000195e+00,7.770650386810302734e-01
1.466345672077003925e+01,-6.800000000000000000e+01,-2.720000000000000195e+00,7.755935788154602051e-01
1.468013869656158654e+01,-6.800000000000000000e+01,-2.720000000000000195e+00,7.759215235710144043e-01
1.469682067235313383e+01,-6.800000000000000000e+01,-2.720000000000000195e+00,7.731664776802062988e-01
1.471350264814468112e+01,-6.800000000000000000e+01,-2.720000000000000195e+00,7.693380713462829590e-01
1.473018462393622841e+01,-6.800000000000000000e+01,-2.720000000000000195e+00,7.650333046913146973e-01
1.474686659972777569e+01,-6.800000000000000000e+01,-2.720000000000000195e+00,7.662383913993835449e-01
1.476354857551932298e+01,-6.800000000000000000e+01,-2.720000000000000195e+00,7.674694657325744629e-01
1.478023055131087027e+01,-6.800000000000000000e+01,-2.720000000000000195e+00,7.668070197105407715e-01
1.479691252710241756e+01,-6.800000000000000000e+01,-2.720000000000000195e+00,7.667628526687622070e-01
1.481359450289396307e+01,-6.800000000000000000e+01,-2.720000000000000195e+00,7.700509428977966309e-01
1.483027647868551036e+01,-6.800000000000000000e+01,-2.720000000000000195e+00,7.697567343711853027e-01
1.484695845447705764e+01,-6.700000000000000000e+01,-2.680000000000000160e+00,7.639871835708618164e-01
1.486364043026860493e+01,-6.700000000000000000e+01,-2.680000000000000160e+00,7.637614011764526367e-01
1.488032240606015222e+01,-6.800000000000000000e+01,-2.720000000000000195e+00,7.676109671592712402e-01
1.489700438185169951e+01,-6.800000000000000000e+01,-2.720000000000000195e+00,7.728827595710754395e-01
1.491368635764324679e+01,-6.800000000000000000e+01,-2.720000000000000195e+00,7.725769281387329102e-01
1.493036833343479408e+01,-6.800000000000000000e+01,-2.720000000000000195e+00,7.713925838470458984e-01
1.494705030922634137e+01,-6.800000000000000000e+01,-2.720000000000000195e+00,7.704135179519653320e-01
1.496373228501788866e+01,-6.800000000000000000e+01,-2.720000000000000195e+00,7.718156576156616211e-01
1.498041426080943594e+01,-6.800000000000000000e+01,-2.720000000000000195e+00,7.730288505554199219e-01
1.499709623660098323e+01,-6.800000000000000000e+01,-2.720000000000000195e+00,7.697647809982299805e-01
1.501377821239253052e+01,-6.800000000000000000e+01,-2.720000000000000195e+00,7.673242688179016113e-01
1.503046018818407781e+01,-6.800000000000000000e+01,-2.720000000000000195e+00,7.668837904930114746e-01
1.504714216397562510e+01,-6.800000000000000000e+01,-2.720000000000000195e+00,7.643841505050659180e-01
1.506382413976717238e+01,-6.800000000000000000e+01,-2.720000000000000195e+00,7.641419768333435059e-01
1.508050611555871967e+01,-6.800000000000000000e+01,-2.720000000000000195e+00,7.696822285652160645e-01
1.509718809135026696e+01,-6.800000000000000000e+01,-2.720000000000000195e+00,7.707192301750183105e-01
1.511387006714181425e+01,-6.800000000000000000e+01,-2.720000000000000195e+00,7.752766609191894531e-01
1.513055204293336153e+01,-6.800000000000000000e+01,-2.720000000000000195e+00,7.777062058448791504e-01
1.514723401872490882e+01,-6.800000000000000000e+01,-2.720000000000000195e+00,7.779155373573303223e-01
1.516391599451645611e+01,-6.800000000000000000e+01,-2.720000000000000195e+00,7.792757749557495117e-01
1.518059797030800340e+01,-6.800000000000000000e+01,-2.720000000000000195e+00,7.782093882560729980e-01
1.519727994609955068e+01,-6.800000000000000000e+01,-2.720000000000000195e+00,7.781769037246704102e-01
1.521396192189109797e+01,-6.800000000000000000e+01,-2.720000000000000195e+00,7.773195505142211914e-01
1.523064389768264526e+01,-6.800000000000000000e+01,-2.720000000000000195e+00,7.764855623245239258e-01
1.524732587347419255e+01,-6.800000000000000000e+01,-2.720000000000000195e+00,7.748311161994934082e-01
1.526400784926573984e+01,-6.800000000000000000e+01,-2.720000000000000195e+00,7.744543552398681641e-01
1.528068982505728712e+01,-6.800000000000000000e+01,-2.720000000000000195e+00,7.749975919723510742e-01
1.529737180084883441e+01,-6.800000000000000000e+01,-2.720000000000000195e+00,7.748531699180603027e-01
1.531405377664038170e+01,-6.800000000000000000e+01,-2.720000000000000195e+00,7.754474878311157227e-01
1.533073575243192899e+01,-6.800000000000000000e+01,-2.720000000000000195e+00,7.760736346244812012e-01
1.534741772822347627e+01,-6.800000000000000000e+01,-2.720000000000000195e+00,7.763508558273315430e-01
1.536409970401502356e+01,-6.800000000000000000e+01,-2.720000000000000195e+00,7.755697965621948242e-01
1.538078167980657085e+01,-6.800000000000000000e+01,-2.720000000000000195e+00,7.761921286582946777e-01
1.539746365559811814e+01,-6.800000000000000000e+01,-2.720000000000000195e+00,7.761673927307128906e-01
1.541414563138966543e+01,-6.800000000000000000e+01,-2.720000000000000195e+00,7.756934762001037598e-01
1.543082760718121271e+01,-6.800000000000000000e+01,-2.720000000000000195e+00,7.763294577598571777e-01
1.544750958297276000e+01,-6.800000000000000000e+01,-2.720000000000000195e+00,7.788315415382385254e-01
1.546419155876430729e+01,-6.800000000000000000e+01,-2.720000000000000195e+00,7.786530852317810059e-01
1.548087353455585458e+01,-6.800000000000000000e+01,-2.720000000000000195e+00,7.787110209465026855e-01
1.549755551034740186e+01,-6.800000000000000000e+01,-2.720000000000000195e+00,7.784153819084167480e-01
1.551423748613894915e+01,-6.800000000000000000e+01,-2.720000000000000195e+00,7.778208851814270020e-01
1.553091946193049644e+01,-6.800000000000000000e+01,-2.720000000000000195e+00,7.733141183853149414e-01
1.554760143772204373e+01,-6.800000000000000000e+01,-2.720000000000000195e+00,7.722548842430114746e-01
1.556428341351359101e+01,-6.800000000000000000e+01,-2.720000000000000195e+00,7.721721529960632324e-01
1.558096538930513830e+01,-6.800000000000000000e+01,-2.720000000000000195e+00,7.746930718421936035e-01
1.559764736509668559e+01,-6.800000000000000000e+01,-2.720000000000000195e+00,7.736907601356506348e-01
1.561432934088823288e+01,-6.800000000000000000e+01,-2.720000000000000195e+00,7.718921303749084473e-01
1.563101131667978017e+01,-6.800000000000000000e+01,-2.720000000000000195e+00,7.731840014457702637e-01
1.564769329247132745e+01,-6.800000000000000000e+01,-2.720000000000000195e+00,7.755987048149108887e-01
1.566437526826287474e+01,-6.800000000000000000e+01,-2.720000000000000195e+00,7.783495783805847168e-01
1.568105724405442203e+01,-6.800000000000000000e+01,-2.720000000000000195e+00,7.774079442024230957e-01
1.569773921984596932e+01,-6.800000000000000000e+01,-2.720000000000000195e+00,7.765253782272338867e-01
1.571442119563751660e+01,-6.800000000000000000e+01,-2.720000000000000195e+00,7.754318714141845703e-01
1.573110317142906389e+01,-6.800000000000000000e+01,-2.720000000000000195e+00,7.749317884445190430e-01
1.574778514722061118e+01,-6.800000000000000000e+01,-2.720000000000000195e+00,7.772936224937438965e-01
1.576446712301215669e+01,-6.800000000000000000e+01,-2.720000000000000195e+00,7.750756740570068359e-01
1.578114909880370398e+01,-6.800000000000000000e+01,-2.720000000000000195e+00,7.696985602378845215e-01
1.579783107459525127e+01,-6.800000000000000000e+01,-2.720000000000000195e+00,7.678736448287963867e-01
1.581451305038679855e+01,-6.800000000000000000e+01,-2.720000000000000195e+00,7.668421864509582520e-01
1.583119502617834584e+01,-6.800000000000000000e+01,-2.720000000000000195e+00,7.661774754524230957e-01
1.584787700196989313e+01,-6.700000000000000000e+01,-2.680000000000000160e+00,7.695124745368957520e-01
1.586455897776144042e+01,-6.700000000000000000e+01,-2.680000000000000160e+00,7.691610455513000488e-01
1.588124095355298770e+01,-6.700000000000000000e+01,-2.680000000000000160e+00,7.683493494987487793e-01
1.589792292934453499e+01,-6.700000000000000000e+01,-2.680000000000000160e+00,7.658473849296569824e-01
1.591460490513608228e+01,-6.700000000000000000e+01,-2.680000000000000160e+00,7.661766409873962402e-01
1.593128688092762957e+01,-6.700000000000000000e+01,-2.680000000000000160e+00,7.660721540451049805e-01
1.594796885671917686e+01,-6.800000000000000000e+01,-2.720000000000000195e+00,7.663106322288513184e-01
1.596465083251072414e+01,-6.800000000000000000e+01,-2.720000000000000195e+00,7.705810666084289551e-01
1.598133280830227143e+01,-6.800000000000000000e+01,-2.720000000000000195e+00,7.713364362716674805e-01
1.599801478409381872e+01,-6.800000000000000000e+01,-2.720000000000000195e+00,7.696917057037353516e-01
1.601469675988536778e+01,-6.800000000000000000e+01,-2.720000000000000195e+00,7.691760659217834473e-01
1.603137873567691329e+01,-6.800000000000000000e+01,-2.720000000000000195e+00,7.714185714721679688e-01
1.604806071146846236e+01,-6.800000000000000000e+01,-2.720000000000000195e+00,7.754374146461486816e-01
1.606474268726000787e+01,-6.800000000000000000e+01,-2.720000000000000195e+00,7.774363160133361816e-01
1.608142466305155693e+01,-6.800000000000000000e+01,-2.720000000000000195e+00,7.772062420845031738e-01
1.609810663884310244e+01,-6.800000000000000000e+01,-2.720000000000000195e+00,7.765327095985412598e-01
1.611478861463465151e+01,-6.800000000000000000e+01,-2.720000000000000195e+00,7.780372500419616699e-01
1.613147059042619702e+01,-6.800000000000000000e+01,-2.720000000000000195e+00,7.770254611968994141e-01
1.614815256621774608e+01,-6.800000000000000000e+01,-2.720000000000000195e+00,7.747685313224792480e-01
1.616483454200929160e+01,-6.800000000000000000e+01,-2.720000000000000195e+00,7.740324735641479492e-01
1.618151651780084066e+01,-6.800000000000000000e+01,-2.720000000000000195e+00,7.742781639099121094e-01
1.619819849359238617e+01,-6.800000000000000000e+01,-2.720000000000000195e+00,7.744611501693725586e-01
1.621488046938393524e+01,-6.800000000000000000e+01,-2.720000000000000195e+00,7.724501490592956543e-01
1.623156244517548075e+01,-6.800000000000000000e+01,-2.720000000000000195e+00,7.730039954185485840e-01
1.624824442096702626e+01,-6.800000000000000000e+01,-2.720000000000000195e+00,7.727438211441040039e-01
1.626492639675857532e+01,-6.800000000000000000e+01,-2.720000000000000195e+00,7.750315666198730469e-01
1.628160837255012083e+01,-6.800000000000000000e+01,-2.720000000000000195e+00,7.756712436676025391e-01
1.629829034834166990e+01,-6.900000000000000000e+01,-2.759999999999999787e+00,7.725527882575988770e-01
1.631497232413321541e+01,-6.800000000000000000e+01,-2.720000000000000195e+00,7.714806199073791504e-01
1.633165429992476447e+01,-6.800000000000000000e+01,-2.720000000000000195e+00,7.730522155761718750e-01
1.634833627571630998e+01,-6.800000000000000000e+01,-2.720000000000000195e+00,7.744511961936950684e-01
1.636501825150785905e+01,-6.800000000000000000e+01,-2.720000000000000195e+00,7.741371989250183105e-01
1.638170022729940456e+01,-6.800000000000000000e+01,-2.720000000000000195e+00,7.747993469238281250e-01
1.639838220309095362e+01,-6.800000000000000000e+01,-2.720000000000000195e+00,7.778341770172119141e-01
1.641506417888249914e+01,-6.800000000000000000e+01,-2.720000000000000195e+00,7.778758406639099121e-01
1.643174615467404820e+01,-6.800000000000000000e+01,-2.720000000000000195e+00,7.760725021362304688e-01
1.644842813046559371e+01,-6.800000000000000000e+01,-2.720000000000000195e+00,7.758522033691406250e-01
1.646511010625714277e+01,-6.800000000000000000e+01,-2.720000000000000195e+00,7.725525498390197754e-01
1.648179208204868829e+01,-6.900000000000000000e+01,-2.759999999999999787e+00,7.687999606132507324e-01
1.649847405784023735e+01,-6.900000000000000000e+01,-2.759999999999999787e+00,7.697666287422180176e-01
1.651515603363178286e+01,-6.900000000000000000e+01,-2.759999999999999787e+00,7.713273763656616211e-01
1.653183800942333193e+01,-6.800000000000000000e+01,-2.720000000000000195e+00,7.763573527336120605e-01
1.654851998521487744e+01,-6.800000000000000000e+01,-2.720000000000000195e+00,7.781242132186889648e-01
1.656520196100642650e+01,-6.800000000000000000e+01,-2.720000000000000195e+00,7.788872718811035156e-01
1.658188393679797201e+01,-6.800000000000000000e+01,-2.720000000000000195e+00,7.800693511962890625e-01
1.659856591258952108e+01,-6.800000000000000000e+01,-2.720000000000000195e+00,7.800386548042297363e-01
1.661524788838106659e+01,-6.800000000000000000e+01,-2.720000000000000195e+00,7.796975970268249512e-01
1.663192986417261565e+01,-6.800000000000000000e+01,-2.720000000000000195e+00,7.803303003311157227e-01
1.664861183996416116e+01,-6.800000000000000000e+01,-2.720000000000000195e+00,7.810873985290527344e-01
1.666529381575571023e+01,-6.800000000000000000e+01,-2.720000000000000195e+00,7.785101532936096191e-01
1.668197579154725574e+01,-6.800000000000000000e+01,-2.720000000000000195e+00,7.778041958808898926e-01
1.669865776733880480e+01,-6.800000000000000000e+01,-2.720000000000000195e+00,7.768984436988830566e-01
1.671533974313035031e+01,-6.800000000000000000e+01,-2.720000000000000195e+00,7.777080535888671875e-01
1.673202171892189938e+01,-6.800000000000000000e+01,-2.720000000000000195e+00,7.770889401435852051e-01
1.674870369471344489e+01,-6.800000000000000000e+01,-2.720000000000000195e+00,7.764644026756286621e-01
1.676538567050499395e+01,-6.800000000000000000e+01,-2.720000000000000195e+00,7.785589694976806641e-01
1.678206764629653946e+01,-6.800000000000000000e+01,-2.720000000000000195e+00,7.795958518981933594e-01
1.679874962208808853e+01,-6.800000000000000000e+01,-2.720000000000000195e+00,7.799086570739746094e-01
1.681543159787963404e+01,-6.800000000000000000e+01,-2.720000000000000195e+00,7.796092629432678223e-01
1.683211357367118310e+01,-6.800000000000000000e+01,-2.720000000000000195e+00,7.796383500099182129e-01
1.684879554946272862e+01,-6.800000000000000000e+01,-2.720000000000000195e+00,7.793323993682861328e-01
1.686547752525427768e+01,-6.800000000000000000e+01,-2.720000000000000195e+00,7.813516855239868164e-01
1.688215950104582319e+01,-6.800000000000000000e+01,-2.720000000000000195e+00,7.807798981666564941e-01
1.689884147683737226e+01,-6.800000000000000000e+01,-2.720000000000000195e+00,7.800728082656860352e-01
1.691552345262891777e+01,-6.800000000000000000e+01,-2.720000000000000195e+00,7.796542644500732422e-01
1.693220542842046683e+01,-6.800000000000000000e+01,-2.720000000000000195e+00,7.792907357215881348e-01
1.694888740421201234e+01,-6.800000000000000000e+01,-2.720000000000000195e+00,7.779636383056640625e-01
1.696556938000356141e+01,-6.800000000000000000e+01,-2.720000000000000195e+00,7.774152159690856934e-01
1.698225135579510692e+01,-6.800000000000000000e+01,-2.720000000000000195e+00,7.809338569641113281e-01
1.699893333158665598e+01,-6.800000000000000000e+01,-2.720000000000000195e+00,7.801455855369567871e-01
1.701561530737820149e+01,-6.800000000000000000e+01,-2.720000000000000195e+00,7.804844379425048828e-01
1.703229728316975056e+01,-6.800000000000000000e+01,-2.720000000000000195e+00,7.803922295570373535e-01
1.704897925896129607e+01,-6.800000000000000000e+01,-2.720000000000000195e+00,7.800807356834411621e-01
1.706566123475284513e+01,-6.800000000000000000e+01,-2.720000000000000195e+00,7.793903350830078125e-01
1.708234321054439064e+01,-6.800000000000000000e+01,-2.720000000000000195e+00,7.801244258880615234e-01
1.709902518633593971e+01,-6.800000000000000000e+01,-2.720000000000000195e+00,7.803776264190673828e-01
1.711570716212748522e+01,-6.800000000000000000e+01,-2.720000000000000195e+00,7.805309891700744629e-01
1.713238913791903428e+01,-6.800000000000000000e+01,-2.720000000000000195e+00,7.807732820510864258e-01
1.714907111371057979e+01,-6.800000000000000000e+01,-2.720000000000000195e+00,7.798811197280883789e-01
1.716575308950212886e+01,-6.800000000000000000e+01,-2.720000000000000195e+00,7.795162200927734375e-01
1.718243506529367437e+01,-6.800000000000000000e+01,-2.720000000000000195e+00,7.795928716659545898e-01
1.719911704108521988e+01,-6.800000000000000000e+01,-2.720000000000000195e+00,7.797696590423583984e-01
1.721579901687676895e+01,-6.800000000000000000e+01,-2.720000000000000195e+00,7.798305153846740723e-01
1.723248099266831446e+01,-6.800000000000000000e+01,-2.720000000000000195e+00,7.798233628273010254e-01
1.724916296845986352e+01,-6.800000000000000000e+01,-2.720000000000000195e+00,7.810057997703552246e-01
1.726584494425140903e+01,-6.800000000000000000e+01,-2.720000000000000195e+00,7.813668847084045410e-01
1.728252692004295810e+01,-6.800000000000000000e+01,-2.720000000000000195e+00,7.807112336158752441e-01
1.729920889583450361e+01,-6.800000000000000000e+01,-2.720000000000000195e+00,7.804184556007385254e-01
1.731589087162605267e+01,-6.800000000000000000e+01,-2.720000000000000195e+00,7.799042463302612305e-01
1.733257284741759818e+01,-6.800000000000000000e+01,-2.720000000000000195e+00,7.797417640686035156e-01
1.734925482320914725e+01,-6.800000000000000000e+01,-2.720000000000000195e+00,7.787160873413085938e-01
1.736593679900069276e+01,-6.800000000000000000e+01,-2.720000000000000195e+00,7.787379622459411621e-01
1.738261877479224182e+01,-6.800000000000000000e+01,-2.720000000000000195e+00,7.784744501113891602e-01
1.739930075058378733e+01,-6.800000000000000000e+01,-2.720000000000000195e+00,7.790552377700805664e-01
1.741598272637533640e+01,-6.800000000000000000e+01,-2.720000000000000195e+00,7.787375450134277344e-01
1.743266470216688191e+01,-6.900000000000000000e+01,-2.759999999999999787e+00,7.762877941131591797e-01
1.744934667795843097e+01,-6.900000000000000000e+01,-2.759999999999999787e+00,7.765273451805114746e-01
1.746602865374997648e+01,-6.900000000000000000e+01,-2.759999999999999787e+00,7.770907282829284668e-01
1.748271062954152555e+01,-6.900000000000000000e+01,-2.759999999999999787e+00,7.737501859664916992e-01
1.749939260533307106e+01,-6.900000000000000000e+01,-2.759999999999999787e+00,7.722845673561096191e-01
1.751607458112462012e+01,-6.900000000000000000e+01,-2.759999999999999787e+00,7.739145159721374512e-01
1.753275655691616564e+01,-6.900000000000000000e+01,-2.759999999999999787e+00,7.785930633544921875e-01
1.754943853270771470e+01,-6.800000000000000000e+01,-2.720000000000000195e+00,7.805280089378356934e-01
1.756612050849926021e+01,-6.900000000000000000e+01,-2.759999999999999787e+00,7.802037000656127930e-01
1.758280248429080928e+01,-6.900000000000000000e+01,-2.759999999999999787e+00,7.795048952102661133e-01
1.759948446008235479e+01,-6.900000000000000000e+01,-2.759999999999999787e+00,7.795122265815734863e-01
1.761616643587390385e+01,-6.900000000000000000e+01,-2.759999999999999787e+00,7.792664766311645508e-01
1.763284841166544936e+01,-6.900000000000000000e+01,-2.759999999999999787e+00,7.788922190666198730e-01
1.764953038745699843e+01,-6.900000000000000000e+01,-2.759999999999999787e+00,7.782542705535888672e-01
1.766621236324854394e+01,-6.900000000000000000e+01,-2.759999999999999787e+00,7.794565558433532715e-01
1.768289433904009300e+01,-6.800000000000000000e+01,-2.720000000000000195e+00,7.811003923416137695e-01
1.769957631483163851e+01,-6.800000000000000000e+01,-2.720000000000000195e+00,7.809722423553466797e-01
1.771625829062318758e+01,-6.800000000000000000e+01,-2.720000000000000195e+00,7.804804444313049316e-01
1.773294026641473309e+01,-6.900000000000000000e+01,-2.759999999999999787e+00,7.803110480308532715e-01
1.774962224220628215e+01,-6.900000000000000000e+01,-2.759999999999999787e+00,7.797101140022277832e-01
1.776630421799782766e+01,-6.900000000000000000e+01,-2.759999999999999787e+00,7.792066931724548340e-01
1.778298619378937673e+01,-6.900000000000000000e+01,-2.759999999999999787e+00,7.770135402679443359e-01
1.779966816958092224e+01,-6.900000000000000000e+01,-2.759999999999999787e+00,7.756355404853820801e-01
1.781635014537247130e+01,-6.900000000000000000e+01,-2.759999999999999787e+00,7.779244780540466309e-01
1.783303212116401681e+01,-6.900000000000000000e+01,-2.759999999999999787e+00,7.775732278823852539e-01
1.784971409695556588e+01,-6.900000000000000000e+01,-2.759999999999999787e+00,7.763647437095642090e-01
1.786639607274711139e+01,-6.900000000000000000e+01,-2.759999999999999787e+00,7.765750885009765625e-01
1.788307804853866045e+01,-6.900000000000000000e+01,-2.759999999999999787e+00,7.766416072845458984e-01
1.789976002433020597e+01,-6.900000000000000000e+01,-2.759999999999999787e+00,7.764870524406433105e-01
1.791644200012175503e+01,-6.900000000000000000e+01,-2.759999999999999787e+00,7.771939039230346680e-01
1.793312397591330054e+01,-6.900000000000000000e+01,-2.759999999999999787e+00,7.734511494636535645e-01
1.794980595170484960e+01,-6.900000000000000000e+01,-2.759999999999999787e+00,7.727329134941101074e-01
1.796648792749639512e+01,-6.900000000000000000e+01,-2.759999999999999787e+00,7.744396924972534180e-01
1.798316990328794418e+01,-6.900000000000000000e+01,-2.759999999999999787e+00,7.760670781135559082e-01
1.799985187907948969e+01,-6.900000000000000000e+01,-2.759999999999999787e+00,7.757948040962219238e-01
1.801653385487103876e+01,-6.900000000000000000e+01,-2.759999999999999787e+00,7.758455872535705566e-01
1.803321583066258427e+01,-6.900000000000000000e+01,-2.759999999999999787e+00,7.756491899490356445e-01
1.804989780645413333e+01,-6.900000000000000000e+01,-2.759999999999999787e+00,7.754118442535400391e-01
1.806657978224567884e+01,-6.900000000000000000e+01,-2.759999999999999787e+00,7.756009101867675781e-01
1.808326175803722791e+01,-6.900000000000000000e+01,-2.759999999999999787e+00,7.743459939956665039e-01
1.809994373382877342e+01,-6.900000000000000000e+01,-2.759999999999999787e+00,7.734693884849548340e-01
1.811662570962032248e+01,-6.900000000000000000e+01,-2.759999999999999787e+00,7.752519845962524414e-01
1.813330768541186799e+01,-6.900000000000000000e+01,-2.759999999999999787e+00,7.761508822441101074e-01
1.814998966120341350e+01,-6.900000000000000000e+01,-2.759999999999999787e+00,7.744543552398681641e-01
1.816667163699496257e+01,-6.900000000000000000e+01,-2.759999999999999787e+00,7.739067077636718750e-01
1.818335361278650808e+01,-6.900000000000000000e+01,-2.759999999999999787e+00,7.757349014282226562e-01
1.820003558857805714e+01,-6.900000000000000000e+01,-2.759999999999999787e+00,7.782139182090759277e-01
1.821671756436960266e+01,-6.900000000000000000e+01,-2.759999999999999787e+00,7.804529070854187012e-01
1.823339954016115172e+01,-6.900000000000000000e+01,-2.759999999999999787e+00,7.785534262657165527e-01
1.825008151595269723e+01,-6.900000000000000000e+01,-2.759999999999999787e+00,7.756184339523315430e-01
1.826676349174424629e+01,-6.900000000000000000e+01,-2.759999999999999787e+00,7.761994004249572754e-01
1.828344546753579181e+01,-6.900000000000000000e+01,-2.759999999999999787e+00,7.743364572525024414e-01
1.830012744332734087e+01,-6.900000000000000000e+01,-2.759999999999999787e+00,7.721034884452819824e-01
1.831680941911888638e+01,-6.900000000000000000e+01,-2.759999999999999787e+00,7.697794437408447266e-01
1.833349139491043545e+01,-6.900000000000000000e+01,-2.759999999999999787e+00,7.705544233322143555e-01
1.835017337070198096e+01,-6.900000000000000000e+01,-2.759999999999999787e+00,7.699160575866699219e-01
1.836685534649353002e+01,-6.900000000000000000e+01,-2.759999999999999787e+00,7.693877816200256348e-01
1.838353732228507553e+01,-6.900000000000000000e+01,-2.759999999999999787e+00,7.703738212585449219e-01
1.840021929807662460e+01,-6.900000000000000000e+01,-2.759999999999999787e+00,7.705423831939697266e-01
1.841690127386817011e+01,-6.900000000000000000e+01,-2.759999999999999787e+00,7.707095742225646973e-01
1.843358324965971917e+01,-6.900000000000000000e+01,-2.759999999999999787e+00,7.703984379768371582e-01
1.845026522545126468e+01,-6.900000000000000000e+01,-2.759999999999999787e+00,7.703419923782348633e-01
1.846694720124281375e+01,-6.900000000000000000e+01,-2.759999999999999787e+00,7.688242793083190918e-01
1.848362917703435926e+01,-6.900000000000000000e+01,-2.759999999999999787e+00,7.681830525398254395e-01
1.850031115282590832e+01,-6.900000000000000000e+01,-2.759999999999999787e+00,7.681851387023925781e-01
1.851699312861745383e+01,-6.900000000000000000e+01,-2.759999999999999787e+00,7.672306299209594727e-01
1.853367510440900290e+01,-6.900000000000000000e+01,-2.759999999999999787e+00,7.672430276870727539e-01
1.855035708020054841e+01,-6.900000000000000000e+01,-2.759999999999999787e+00,7.681553363800048828e-01
1.856703905599209747e+01,-6.900000000000000000e+01,-2.759999999999999787e+00,7.677900791168212891e-01
1.858372103178364299e+01,-7.000000000000000000e+01,-2.799999999999999822e+00,7.634415626525878906e-01
1.860040300757519205e+01,-6.800000000000000000e+01,-2.720000000000000195e+00,7.637997269630432129e-01
1.861708498336673756e+01,-6.800000000000000000e+01,-2.720000000000000195e+00,7.638437151908874512e-01
1.863376695915828662e+01,-6.800000000000000000e+01,-2.720000000000000195e+00,7.640266418457031250e-01
1.865044893494983214e+01,-6.800000000000000000e+01,-2.720000000000000195e+00,7.650067210197448730e-01
1.866713091074138120e+01,-6.800000000000000000e+01,-2.720000000000000195e+00,7.660462260246276855e-01
1.868381288653292671e+01,-6.800000000000000000e+01,-2.720000000000000195e+00,7.659280300140380859e-01
1.870049486232447578e+01,-6.900000000000000000e+01,-2.759999999999999787e+00,7.696954607963562012e-01
1.871717683811602129e+01,-6.900000000000000000e+01,-2.759999999999999787e+00,7.693252563476562500e-01
1.873385881390757035e+01,-7.000000000000000000e+01,-2.799999999999999822e+00,7.652171254158020020e-01
1.875054078969911586e+01,-7.000000000000000000e+01,-2.799999999999999822e+00,7.642396688461303711e-01
1.876722276549066493e+01,-7.000000000000000000e+01,-2.799999999999999822e+00,7.648394107818603516e-01
1.878390474128221044e+01,-7.000000000000000000e+01,-2.799999999999999822e+00,7.649407982826232910e-01
1.880058671707375950e+01,-7.000000000000000000e+01,-2.799999999999999822e+00,7.651824951171875000e-01
1.881726869286530501e+01,-7.000000000000000000e+01,-2.799999999999999822e+00,7.673476338386535645e-01
1.883395066865685408e+01,-6.900000000000000000e+01,-2.759999999999999787e+00,7.696083784103393555e-01
1.885063264444839959e+01,-6.900000000000000000e+01,-2.759999999999999787e+00,7.699717283248901367e-01
1.886731462023994865e+01,-6.900000000000000000e+01,-2.759999999999999787e+00,7.711734771728515625e-01
1.888399659603149416e+01,-6.900000000000000000e+01,-2.759999999999999787e+00,7.726064324378967285e-01
1.890067857182304323e+01,-6.900000000000000000e+01,-2.759999999999999787e+00,7.723919153213500977e-01
1.891736054761458874e+01,-6.900000000000000000e+01,-2.759999999999999787e+00,7.728380560874938965e-01
1.893404252340613780e+01,-6.900000000000000000e+01,-2.759999999999999787e+00,7.723229527473449707e-01
1.895072449919768331e+01,-6.900000000000000000e+01,-2.759999999999999787e+00,7.713615298271179199e-01
1.896740647498923238e+01,-6.900000000000000000e+01,-2.759999999999999787e+00,7.709537148475646973e-01
1.898408845078077789e+01,-6.900000000000000000e+01,-2.759999999999999787e+00,7.683566212654113770e-01
1.900077042657232695e+01,-7.000000000000000000e+01,-2.799999999999999822e+00,7.684752345085144043e-01
1.901745240236387247e+01,-7.000000000000000000e+01,-2.799999999999999822e+00,7.680743336677551270e-01
1.903413437815542153e+01,-6.900000000000000000e+01,-2.759999999999999787e+00,7.681452631950378418e-01
1.905081635394696704e+01,-6.900000000000000000e+01,-2.759999999999999787e+00,7.711652517318725586e-01
1.906749832973851611e+01,-6.900000000000000000e+01,-2.759999999999999787e+00,7.711900472640991211e-01
1.908418030553006162e+01,-7.000000000000000000e+01,-2.799999999999999822e+00,7.711573839187622070e-01
1.910086228132160713e+01,-6.900000000000000000e+01,-2.759999999999999787e+00,7.716154456138610840e-01
1.911754425711315619e+01,-6.900000000000000000e+01,-2.759999999999999787e+00,7.725039124488830566e-01
1.913422623290470170e+01,-7.000000000000000000e+01,-2.799999999999999822e+00,7.722240090370178223e-01
1.915090820869625077e+01,-7.000000000000000000e+01,-2.799999999999999822e+00,7.725606560707092285e-01
1.916759018448779628e+01,-7.000000000000000000e+01,-2.799999999999999822e+00,7.755968570709228516e-01
1.918427216027934534e+01,-7.000000000000000000e+01,-2.799999999999999822e+00,7.729483246803283691e-01
1.920095413607089085e+01,-7.000000000000000000e+01,-2.799999999999999822e+00,7.700025439262390137e-01
1.921763611186243992e+01,-7.000000000000000000e+01,-2.799999999999999822e+00,7.720530629158020020e-01
1.923431808765398543e+01,-7.000000000000000000e+01,-2.799999999999999822e+00,7.757877111434936523e-01
1.925100006344553449e+01,-7.000000000000000000e+01,-2.799999999999999822e+00,7.757705450057983398e-01
1.926768203923708001e+01,-7.000000000000000000e+01,-2.799999999999999822e+00,7.724542617797851562e-01
1.928436401502862907e+01,-7.000000000000000000e+01,-2.799999999999999822e+00,7.717319726943969727e-01
1.930104599082017458e+01,-7.000000000000000000e+01,-2.799999999999999822e+00,7.738670706748962402e-01
1.931772796661172364e+01,-7.000000000000000000e+01,-2.799999999999999822e+00,7.734308242797851562e-01
1.933440994240326916e+01,-7.000000000000000000e+01,-2.799999999999999822e+00,7.712350487709045410e-01
1.935109191819481822e+01,-7.000000000000000000e+01,-2.799999999999999822e+00,7.712177634239196777e-01
1.936777389398636373e+01,-7.000000000000000000e+01,-2.799999999999999822e+00,7.749575972557067871e-01
1.938445586977791280e+01,-6.900000000000000000e+01,-2.759999999999999787e+00,7.799944877624511719e-01
1.940113784556945831e+01,-7.000000000000000000e+01,-2.799999999999999822e+00,7.790938019752502441e-01
1.941781982136100737e+01,-7.000000000000000000e+01,-2.799999999999999822e+00,7.764015793800354004e-01
1.943450179715255288e+01,-7.000000000000000000e+01,-2.799999999999999822e+00,7.760846614837646484e-01
1.945118377294410195e+01,-7.000000000000000000e+01,-2.799999999999999822e+00,7.778401374816894531e-01
1.946786574873564746e+01,-7.000000000000000000e+01,-2.799999999999999822e+00,7.818166017532348633e-01
1.948454772452719652e+01,-7.000000000000000000e+01,-2.799999999999999822e+00,7.811128497123718262e-01
1.950122970031874203e+01,-7.000000000000000000e+01,-2.799999999999999822e+00,7.803820967674255371e-01
1.951791167611029110e+01,-7.000000000000000000e+01,-2.799999999999999822e+00,7.813672423362731934e-01
1.953459365190183661e+01,-6.900000000000000000e+01,-2.759999999999999787e+00,7.819916605949401855e-01
1.955127562769338567e+01,-6.900000000000000000e+01,-2.759999999999999787e+00,7.820159196853637695e-01
1.956795760348493118e+01,-6.900000000000000000e+01,-2.759999999999999787e+00,7.813571095466613770e-01
1.958463957927648025e+01,-6.900000000000000000e+01,-2.759999999999999787e+00,7.814425826072692871e-01
1.960132155506802576e+01,-6.900000000000000000e+01,-2.759999999999999787e+00,7.810161709785461426e-01
1.961800353085957482e+01,-7.000000000000000000e+01,-2.799999999999999822e+00,7.777823209762573242e-01
1.963468550665112033e+01,-7.000000000000000000e+01,-2.799999999999999822e+00,7.768501043319702148e-01
1.965136748244266940e+01,-7.000000000000000000e+01,-2.799999999999999822e+00,7.766032218933105469e-01
1.966804945823421491e+01,-7.000000000000000000e+01,-2.799999999999999822e+00,7.776361703872680664e-01
1.968473143402576397e+01,-7.000000000000000000e+01,-2.799999999999999822e+00,7.775268554687500000e-01
1.970141340981730949e+01,-7.000000000000000000e+01,-2.799999999999999822e+00,7.774761319160461426e-01
1.971809538560885855e+01,-7.000000000000000000e+01,-2.799999999999999822e+00,7.772927880287170410e-01
1.973477736140040406e+01,-7.000000000000000000e+01,-2.799999999999999822e+00,7.811796069145202637e-01
1.975145933719195313e+01,-7.000000000000000000e+01,-2.799999999999999822e+00,7.821123600006103516e-01
1.976814131298349864e+01,-7.000000000000000000e+01,-2.799999999999999822e+00,7.810912728309631348e-01
1.978482328877504770e+01,-7.000000000000000000e+01,-2.799999999999999822e+00,7.805402874946594238e-01
1.980150526456659321e+01,-7.000000000000000000e+01,-2.799999999999999822e+00,7.811360955238342285e-01
1.981818724035814228e+01,-7.000000000000000000e+01,-2.799999999999999822e+00,7.809119820594787598e-01
1.983486921614968779e+01,-7.000000000000000000e+01,-2.799999999999999822e+00,7.789279222488403320e-01
1.985155119194123685e+01,-7.000000000000000000e+01,-2.799999999999999822e+00,7.785069346427917480e-01
1.986823316773278236e+01,-7.000000000000000000e+01,-2.799999999999999822e+00,7.799706459045410156e-01
1.988491514352433143e+01,-7.000000000000000000e+01,-2.799999999999999822e+00,7.801343798637390137e-01
1.990159711931587694e+01,-7.000000000000000000e+01,-2.799999999999999822e+00,7.799847126007080078e-01
1.991827909510742600e+01,-7.000000000000000000e+01,-2.799999999999999822e+00,7.799715399742126465e-01
1.993496107089897151e+01,-7.000000000000000000e+01,-2.799999999999999822e+00,7.811057567596435547e-01
1.995164304669052058e+01,-7.000000000000000000e+01,-2.799999999999999822e+00,7.813326716423034668e-01
1.996832502248206609e+01,-7.000000000000000000e+01,-2.799999999999999822e+00,7.807745337486267090e-01
1.998500699827361515e+01,-7.000000000000000000e+01,-2.799999999999999822e+00,7.818210721015930176e-01
2.000168897406516066e+01,-7.000000000000000000e+01,-2.799999999999999822e+00,7.822172641754150391e-01
2.001837094985670973e+01,-7.000000000000000000e+01,-2.799999999999999822e+00,7.809334993362426758e-01
2.003505292564825524e+01,-7.000000000000000000e+01,-2.799999999999999822e+00,7.805580496788024902e-01
2.005173490143980430e+01,-7.000000000000000000e+01,-2.799999999999999822e+00,7.805564999580383301e-01
2.006841687723134982e+01,-6.900000000000000000e+01,-2.759999999999999787e+00,7.813501358032226562e-01
2.008509885302289533e+01,-6.900000000000000000e+01,-2.759999999999999787e+00,7.808108329772949219e-01
2.010178082881444439e+01,-6.900000000000000000e+01,-2.759999999999999787e+00,7.808172106742858887e-01
2.011846280460598990e+01,-6.900000000000000000e+01,-2.759999999999999787e+00,7.802061438560485840e-01
2.013514478039753897e+01,-7.000000000000000000e+01,-2.799999999999999822e+00,7.800183892250061035e-01
2.015182675618908448e+01,-7.000000000000000000e+01,-2.799999999999999822e+00,7.800685167312622070e-01
2.016850873198063354e+01,-7.000000000000000000e+01,-2.799999999999999822e+00,7.800937891006469727e-01
2.018519070777217905e+01,-6.900000000000000000e+01,-2.759999999999999787e+00,7.804125547409057617e-01
2.020187268356372812e+01,-6.900000000000000000e+01,-2.759999999999999787e+00,7.804416418075561523e-01
2.021855465935527363e+01,-6.900000000000000000e+01,-2.759999999999999787e+00,7.802448868751525879e-01
2.023523663514682269e+01,-6.900000000000000000e+01,-2.759999999999999787e+00,7.799230813980102539e-01
2.025191861093836820e+01,-7.000000000000000000e+01,-2.799999999999999822e+00,7.802513241767883301e-01
2.026860058672991727e+01,-6.900000000000000000e+01,-2.759999999999999787e+00,7.808053493499755859e-01
2.028528256252146278e+01,-6.900000000000000000e+01,-2.759999999999999787e+00,7.807301282882690430e-01
2.030196453831301184e+01,-7.000000000000000000e+01,-2.799999999999999822e+00,7.811959385871887207e-01
2.031864651410455735e+01,-7.000000000000000000e+01,-2.799999999999999822e+00,7.814123034477233887e-01
2.033532848989610642e+01,-7.000000000000000000e+01,-2.799999999999999822e+00,7.823055386543273926e-01
2.035201046568765193e+01,-6.900000000000000000e+01,-2.759999999999999787e+00,7.817603945732116699e-01
2.036869244147920099e+01,-6.900000000000000000e+01,-2.759999999999999787e+00,7.814063429832458496e-01
2.038537441727074651e+01,-7.000000000000000000e+01,-2.799999999999999822e+00,7.814015150070190430e-01
2.040205639306229557e+01,-7.000000000000000000e+01,-2.799999999999999822e+00,7.810260057449340820e-01
2.041873836885384108e+01,-7.000000000000000000e+01,-2.799999999999999822e+00,7.806813120841979980e-01
2.043542034464539014e+01,-7.000000000000000000e+01,-2.799999999999999822e+00,7.804139852523803711e-01
2.045210232043693566e+01,-7.000000000000000000e+01,-2.799999999999999822e+00,7.806723713874816895e-01
2.046878429622848472e+01,-7.000000000000000000e+01,-2.799999999999999822e+00,7.806531190872192383e-01
2.048546627202003023e+01,-7.000000000000000000e+01,-2.799999999999999822e+00,7.811032533645629883e-01
2.050214824781157930e+01,-7.000000000000000000e+01,-2.799999999999999822e+00,7.807975411415100098e-01
2.051883022360312481e+01,-7.000000000000000000e+01,-2.799999999999999822e+00,7.800646424293518066e-01
2.053551219939467387e+01,-7.000000000000000000e+01,-2.799999999999999822e+00,7.799444198608398438e-01
2.055219417518621938e+01,-7.000000000000000000e+01,-2.799999999999999822e+00,7.805771827697753906e-01
2.056887615097776845e+01,-7.000000000000000000e+01,-2.799999999999999822e+00,7.810340523719787598e-01
2.058555812676931396e+01,-7.000000000000000000e+01,-2.799999999999999822e+00,7.807307243347167969e-01
2.060224010256086302e+01,-7.000000000000000000e+01,-2.799999999999999822e+00,7.797090411186218262e-01
2.061892207835240853e+01,-7.000000000000000000e+01,-2.799999999999999822e+00,7.797245383262634277e-01
2.063560405414395760e+01,-7.000000000000000000e+01,-2.799999999999999822e+00,7.789791822433471680e-01
2.065228602993550311e+01,-7.000000000000000000e+01,-2.799999999999999822e+00,7.801653146743774414e-01
2.066896800572705217e+01,-7.000000000000000000e+01,-2.799999999999999822e+00,7.802769541740417480e-01
2.068564998151859768e+01,-7.000000000000000000e+01,-2.799999999999999822e+00,7.794516086578369141e-01
2.070233195731014675e+01,-7.000000000000000000e+01,-2.799999999999999822e+00,7.797753214836120605e-01
2.071901393310169226e+01,-7.000000000000000000e+01,-2.799999999999999822e+00,7.801263332366943359e-01
2.073569590889324132e+01,-7.000000000000000000e+01,-2.799999999999999822e+00,7.799122929573059082e-01
2.075237788468478684e+01,-7.000000000000000000e+01,-2.799999999999999822e+00,7.797125577926635742e-01
2.076905986047633590e+01,-7.000000000000000000e+01,-2.799999999999999822e+00,7.814553976058959961e-01
2.078574183626788141e+01,-7.000000000000000000e+01,-2.799999999999999822e+00,7.815511822700500488e-01
2.080242381205943047e+01,-7.000000000000000000e+01,-2.799999999999999822e+00,7.811592817306518555e-01
2.081910578785097599e+01,-7.000000000000000000e+01,-2.799999999999999822e+00,7.811799645423889160e-01
2.083578776364252505e+01,-7.000000000000000000e+01,-2.799999999999999822e+00,7.813397645950317383e-01
2.085246973943407056e+01,-7.000000000000000000e+01,-2.799999999999999822e+00,7.798112034797668457e-01
2.086915171522561963e+01,-7.000000000000000000e+01,-2.799999999999999822e+00,7.801578044891357422e-01
2.088583369101716514e+01,-7.000000000000000000e+01,-2.799999999999999822e+00,7.805315852165222168e-01
2.090251566680871420e+01,-7.000000000000000000e+01,-2.799999999999999822e+00,7.813338041305541992e-01
2.091919764260025971e+01,-7.000000000000000000e+01,-2.799999999999999822e+00,7.808247804641723633e-01
2.093587961839180878e+01,-7.000000000000000000e+01,-2.799999999999999822e+00,7.804724574089050293e-01
2.095256159418335429e+01,-7.000000000000000000e+01,-2.799999999999999822e+00,7.811955809593200684e-01
2.096924356997490335e+01,-7.000000000000000000e+01,-2.799999999999999822e+00,7.812794446945190430e-01
2.098592554576644886e+01,-7.000000000000000000e+01,-2.799999999999999822e+00,7.811731696128845215e-01
2.100260752155799793e+01,-7.000000000000000000e+01,-2.799999999999999822e+00,7.813935279846191406e-01
2.101928949734954344e+01,-7.000000000000000000e+01,-2.799999999999999822e+00,7.806640267372131348e-01
2.103597147314108895e+01,-7.000000000000000000e+01,-2.799999999999999822e+00,7.820165753364562988e-01
2.105265344893263801e+01,-7.000000000000000000e+01,-2.799999999999999822e+00,7.819456458091735840e-01
2.106933542472418353e+01,-7.000000000000000000e+01,-2.799999999999999822e+00,7.820844650268554688e-01
2.108601740051573259e+01,-7.000000000000000000e+01,-2.799999999999999822e+00,7.819452881813049316e-01
2.110269937630727810e+01,-7.000000000000000000e+01,-2.799999999999999822e+00,7.826714515686035156e-01
2.111938135209882716e+01,-7.000000000000000000e+01,-2.799999999999999822e+00,7.829852700233459473e-01
2.113606332789037268e+01,-7.000000000000000000e+01,-2.799999999999999822e+00,7.815322279930114746e-01
2.115274530368192174e+01,-7.000000000000000000e+01,-2.799999999999999822e+00,7.796422243118286133e-01
2.116942727947346725e+01,-7.000000000000000000e+01,-2.799999999999999822e+00,7.804632782936096191e-01
2.118610925526501632e+01,-7.000000000000000000e+01,-2.799999999999999822e+00,7.805989980697631836e-01
2.120279123105656183e+01,-7.000000000000000000e+01,-2.799999999999999822e+00,7.803814411163330078e-01
2.121947320684811089e+01,-7.000000000000000000e+01,-2.799999999999999822e+00,7.805142998695373535e-01
2.123615518263965640e+01,-7.000000000000000000e+01,-2.799999999999999822e+00,7.823942899703979492e-01
2.125283715843120547e+01,-7.000000000000000000e+01,-2.799999999999999822e+00,7.821936011314392090e-01
2.126951913422275098e+01,-7.000000000000000000e+01,-2.799999999999999822e+00,7.813743352890014648e-01
2.128620111001430004e+01,-7.000000000000000000e+01,-2.799999999999999822e+00,7.812891602516174316e-01
2.130288308580584555e+01,-7.000000000000000000e+01,-2.799999999999999822e+00,7.805353999137878418e-01
2.131956506159739462e+01,-7.000000000000000000e+01,-2.799999999999999822e+00,7.803539037704467773e-01
2.133624703738894013e+01,-7.000000000000000000e+01,-2.799999999999999822e+00,7.820552587509155273e-01
2.135292901318048919e+01,-7.000000000000000000e+01,-2.799999999999999822e+00,7.867408990859985352e-01
2.136961098897203470e+01,-7.000000000000000000e+01,-2.799999999999999822e+00,7.861026525497436523e-01
2.138629296476358377e+01,-7.000000000000000000e+01,-2.799999999999999822e+00,7.857382893562316895e-01
2.140297494055512928e+01,-7.000000000000000000e+01,-2.799999999999999822e+00,7.847999334335327148e-01
2.141965691634667834e+01,-7.000000000000000000e+01,-2.799999999999999822e+00,7.823439836502075195e-01
2.143633889213822385e+01,-7.000000000000000000e+01,-2.799999999999999822e+00,7.824105620384216309e-01
2.145302086792977292e+01,-7.000000000000000000e+01,-2.799999999999999822e+00,7.811701297760009766e-01
2.146970284372131843e+01,-7.100000000000000000e+01,-2.839999999999999858e+00,7.785145044326782227e-01
2.148638481951286749e+01,-7.100000000000000000e+01,-2.839999999999999858e+00,7.789532542228698730e-01
2.150306679530441301e+01,-7.100000000000000000e+01,-2.839999999999999858e+00,7.773579955101013184e-01
2.151974877109596207e+01,-7.100000000000000000e+01,-2.839999999999999858e+00,7.778800725936889648e-01
2.153643074688750758e+01,-7.100000000000000000e+01,-2.839999999999999858e+00,7.802439928054809570e-01
2.155311272267905665e+01,-7.100000000000000000e+01,-2.839999999999999858e+00,7.799763679504394531e-01
2.156979469847060216e+01,-7.100000000000000000e+01,-2.839999999999999858e+00,7.829056978225708008e-01
2.158647667426215122e+01,-7.000000000000000000e+01,-2.799999999999999822e+00,7.866195440292358398e-01
2.160315865005369673e+01,-7.000000000000000000e+01,-2.799999999999999822e+00,7.845655083656311035e-01
2.161984062584524580e+01,-7.100000000000000000e+01,-2.839999999999999858e+00,7.771903872489929199e-01
2.163652260163679131e+01,-7.100000000000000000e+01,-2.839999999999999858e+00,7.769295573234558105e-01
2.165320457742834037e+01,-7.100000000000000000e+01,-2.839999999999999858e+00,7.775168418884277344e-01
2.166988655321988588e+01,-7.100000000000000000e+01,-2.839999999999999858e+00,7.835655808448791504e-01
2.168656852901143495e+01,-7.100000000000000000e+01,-2.839999999999999858e+00,7.778234481811523438e-01
2.170325050480298046e+01,-6.900000000000000000e+01,-2.759999999999999787e+00,7.741734385490417480e-01
2.171993248059452952e+01,-7.000000000000000000e+01,-2.799999999999999822e+00,7.743423581123352051e-01
2.173661445638607503e+01,-6.900000000000000000e+01,-2.759999999999999787e+00,7.746458053588867188e-01
2.175329643217762410e+01,-7.100000000000000000e+01,-2.839999999999999858e+00,7.736104130744934082e-01
2.176997840796916961e+01,-7.100000000000000000e+01,-2.839999999999999858e+00,7.783813476562500000e-01
2.178666038376071867e+01,-7.100000000000000000e+01,-2.839999999999999858e+00,7.796375751495361328e-01
2.180334235955226418e+01,-7.100000000000000000e+01,-2.839999999999999858e+00,7.814769744873046875e-01
2.182002433534381325e+01,-7.000000000000000000e+01,-2.799999999999999822e+00,7.870338559150695801e-01
2.183670631113535876e+01,-7.000000000000000000e+01,-2.799999999999999822e+00,7.876036763191223145e-01
2.185338828692690782e+01,-7.000000000000000000e+01,-2.799999999999999822e+00,7.872279286384582520e-01
2.187007026271845334e+01,-7.000000000000000000e+01,-2.799999999999999822e+00,7.880432605743408203e-01
2.188675223851000240e+01,-7.000000000000000000e+01,-2.799999999999999822e+00,7.872941493988037109e-01
2.190343421430154791e+01,-7.100000000000000000e+01,-2.839999999999999858e+00,7.861940860748291016e-01
2.192011619009309698e+01,-7.100000000000000000e+01,-2.839999999999999858e+00,7.859560847282409668e-01
2.193679816588464249e+01,-7.100000000000000000e+01,-2.839999999999999858e+00,7.882012724876403809e-01
2.195348014167619155e+01,-7.100000000000000000e+01,-2.839999999999999858e+00,7.856557369232177734e-01
2.197016211746773706e+01,-7.100000000000000000e+01,-2.839999999999999858e+00,7.779412865638732910e-01
2.198684409325928257e+01,-7.100000000000000000e+01,-2.839999999999999858e+00,7.768336534500122070e-01
2.200352606905083164e+01,-7.100000000000000000e+01,-2.839999999999999858e+00,7.774602770805358887e-01
2.202020804484237715e+01,-7.100000000000000000e+01,-2.839999999999999858e+00,7.832319140434265137e-01
2.203689002063392621e+01,-7.100000000000000000e+01,-2.839999999999999858e+00,7.792630195617675781e-01
2.205357199642547172e+01,-7.100000000000000000e+01,-2.839999999999999858e+00,7.785040140151977539e-01
2.207025397221702079e+01,-7.100000000000000000e+01,-2.839999999999999858e+00,7.791224122047424316e-01
2.208693594800856630e+01,-7.100000000000000000e+01,-2.839999999999999858e+00,7.802371978759765625e-01
2.210361792380011536e+01,-7.100000000000000000e+01,-2.839999999999999858e+00,7.797539234161376953e-01
2.212029989959166087e+01,-7.100000000000000000e+01,-2.839999999999999858e+00,7.789000868797302246e-01
2.213698187538320994e+01,-7.100000000000000000e+01,-2.839999999999999858e+00,7.783077359199523926e-01
2.215366385117475545e+01,-7.100000000000000000e+01,-2.839999999999999858e+00,7.784562110900878906e-01
2.217034582696630451e+01,-7.100000000000000000e+01,-2.839999999999999858e+00,7.784042358398437500e-01
2.218702780275785003e+01,-7.100000000000000000e+01,-2.839999999999999858e+00,7.816324830055236816e-01
2.220370977854939909e+01,-7.100000000000000000e+01,-2.839999999999999858e+00,7.825363278388977051e-01
2.222039175434094460e+01,-7.100000000000000000e+01,-2.839999999999999858e+00,7.827393412590026855e-01
2.223707373013249367e+01,-7.100000000000000000e+01,-2.839999999999999858e+00,7.823563814163208008e-01
2.225375570592403918e+01,-7.100000000000000000e+01,-2.839999999999999858e+00,7.825731039047241211e-01
2.227043768171558824e+01,-7.100000000000000000e+01,-2.839999999999999858e+00,7.793526649475097656e-01
2.228711965750713375e+01,-7.100000000000000000e+01,-2.839999999999999858e+00,7.786788940429687500e-01
2.230380163329868282e+01,-7.100000000000000000e+01,-2.839999999999999858e+00,7.774422168731689453e-01
2.232048360909022833e+01,-7.100000000000000000e+01,-2.839999999999999858e+00,7.745766043663024902e-01
2.233716558488177739e+01,-7.100000000000000000e+01,-2.839999999999999858e+00,7.755346894264221191e-01
2.235384756067332290e+01,-7.100000000000000000e+01,-2.839999999999999858e+00,7.768852114677429199e-01
2.237052953646487197e+01,-7.100000000000000000e+01,-2.839999999999999858e+00,7.781047224998474121e-01
2.238721151225641748e+01,-7.100000000000000000e+01,-2.839999999999999858e+00,7.787102460861206055e-01
2.240389348804796654e+01,-7.100000000000000000e+01,-2.839999999999999858e+00,7.770757079124450684e-01
2.242057546383951205e+01,-7.100000000000000000e+01,-2.839999999999999858e+00,7.772867083549499512e-01
2.243725743963106112e+01,-7.100000000000000000e+01,-2.839999999999999858e+00,7.776291966438293457e-01
2.245393941542260663e+01,-7.100000000000000000e+01,-2.839999999999999858e+00,7.718405127525329590e-01
2.247062139121415569e+01,-7.000000000000000000e+01,-2.799999999999999822e+00,7.722042798995971680e-01
2.248730336700570120e+01,-7.000000000000000000e+01,-2.799999999999999822e+00,7.715371251106262207e-01
2.250398534279725027e+01,-7.000000000000000000e+01,-2.799999999999999822e+00,7.729374170303344727e-01
2.252066731858879578e+01,-7.000000000000000000e+01,-2.799999999999999822e+00,7.729050517082214355e-01
2.253734929438034484e+01,-7.000000000000000000e+01,-2.799999999999999822e+00,7.712720632553100586e-01
2.255403127017189036e+01,-7.100000000000000000e+01,-2.839999999999999858e+00,7.772362828254699707e-01
2.257071324596343942e+01,-7.100000000000000000e+01,-2.839999999999999858e+00,7.736213803291320801e-01
2.258739522175498493e+01,-7.100000000000000000e+01,-2.839999999999999858e+00,7.730787992477416992e-01
2.260407719754653399e+01,-7.000000000000000000e+01,-2.799999999999999822e+00,7.726016640663146973e-01
2.262075917333807951e+01,-7.000000000000000000e+01,-2.799999999999999822e+00,7.781056165695190430e-01
2.263744114912962857e+01,-7.000000000000000000e+01,-2.799999999999999822e+00,7.770150899887084961e-01
2.265412312492117408e+01,-7.000000000000000000e+01,-2.799999999999999822e+00,7.776725888252258301e-01
2.267080510071272315e+01,-7.000000000000000000e+01,-2.799999999999999822e+00,7.774320840835571289e-01
2.268748707650426866e+01,-7.000000000000000000e+01,-2.799999999999999822e+00,7.780059576034545898e-01
2.270416905229581772e+01,-7.000000000000000000e+01,-2.799999999999999822e+00,7.778354287147521973e-01
2.272085102808736323e+01,-7.000000000000000000e+01,-2.799999999999999822e+00,7.773813009262084961e-01
2.273753300387891230e+01,-7.000000000000000000e+01,-2.799999999999999822e+00,7.755179405212402344e-01
2.275421497967045781e+01,-7.100000000000000000e+01,-2.839999999999999858e+00,7.744230628013610840e-01
2.277089695546200687e+01,-7.100000000000000000e+01,-2.839999999999999858e+00,7.750752568244934082e-01
2.278757893125355238e+01,-7.100000000000000000e+01,-2.839999999999999858e+00,7.726299166679382324e-01
2.280426090704510145e+01,-7.000000000000000000e+01,-2.799999999999999822e+00,7.750401496887207031e-01
2.282094288283664696e+01,-7.000000000000000000e+01,-2.799999999999999822e+00,7.746250629425048828e-01
2.283762485862819602e+01,-7.000000000000000000e+01,-2.799999999999999822e+00,7.739614248275756836e-01
2.285430683441974153e+01,-7.000000000000000000e+01,-2.799999999999999822e+00,7.741377353668212891e-01
2.287098881021129060e+01,-7.000000000000000000e+01,-2.799999999999999822e+00,7.732287645339965820e-01
2.288767078600283611e+01,-7.000000000000000000e+01,-2.799999999999999822e+00,7.732307910919189453e-01
2.290435276179438517e+01,-7.000000000000000000e+01,-2.799999999999999822e+00,7.728115320205688477e-01
2.292103473758593069e+01,-7.000000000000000000e+01,-2.799999999999999822e+00,7.726743221282958984e-01
2.293771671337747620e+01,-7.000000000000000000e+01,-2.799999999999999822e+00,7.722483277320861816e-01
2.295439868916902526e+01,-7.000000000000000000e+01,-2.799999999999999822e+00,7.723498940467834473e-01
2.297108066496057077e+01,-7.000000000000000000e+01,-2.799999999999999822e+00,7.722433209419250488e-01
2.298776264075211984e+01,-7.000000000000000000e+01,-2.799999999999999822e+00,7.733253836631774902e-01
2.300444461654366535e+01,-7.000000000000000000e+01,-2.799999999999999822e+00,7.744539380073547363e-01
2.302112659233521441e+01,-7.000000000000000000e+01,-2.799999999999999822e+00,7.740914821624755859e-01
2.303780856812675992e+01,-7.000000000000000000e+01,-2.799999999999999822e+00,7.757480740547180176e-01
2.305449054391830899e+01,-7.000000000000000000e+01,-2.799999999999999822e+00,7.764025926589965820e-01
2.307117251970985450e+01,-7.000000000000000000e+01,-2.799999999999999822e+00,7.763583064079284668e-01
2.308785449550140356e+01,-7.000000000000000000e+01,-2.799999999999999822e+00,7.761968970298767090e-01
2.310453647129294907e+01,-7.000000000000000000e+01,-2.799999999999999822e+00,7.754601240158081055e-01
2.312121844708449814e+01,-7.000000000000000000e+01,-2.799999999999999822e+00,7.756068110466003418e-01
2.313790042287604365e+01,-7.000000000000000000e+01,-2.799999999999999822e+00,7.754048109054565430e-01
2.315458239866759271e+01,-7.000000000000000000e+01,-2.799999999999999822e+00,7.753210663795471191e-01
2.317126437445913822e+01,-7.000000000000000000e+01,-2.799999999999999822e+00,7.763358950614929199e-01
2.318794635025068729e+01,-7.000000000000000000e+01,-2.799999999999999822e+00,7.773918509483337402e-01
2.320462832604223280e+01,-7.000000000000000000e+01,-2.799999999999999822e+00,7.773098945617675781e-01
2.322131030183378186e+01,-7.000000000000000000e+01,-2.799999999999999822e+00,7.769435644149780273e-01
2.323799227762532738e+01,-7.000000000000000000e+01,-2.799999999999999822e+00,7.771284580230712891e-01
2.325467425341687644e+01,-7.000000000000000000e+01,-2.799999999999999822e+00,7.749619483947753906e-01
2.327135622920842195e+01,-7.000000000000000000e+01,-2.799999999999999822e+00,7.741488218307495117e-01
2.328803820499997101e+01,-7.000000000000000000e+01,-2.799999999999999822e+00,7.739636301994323730e-01
2.330472018079151653e+01,-7.000000000000000000e+01,-2.799999999999999822e+00,7.743785381317138672e-01
2.332140215658306559e+01,-7.000000000000000000e+01,-2.799999999999999822e+00,7.752398252487182617e-01
2.333808413237461110e+01,-7.000000000000000000e+01,-2.799999999999999822e+00,7.755668759346008301e-01
2.335476610816616017e+01,-7.000000000000000000e+01,-2.799999999999999822e+00,7.765945196151733398e-01
2.337144808395770568e+01,-7.000000000000000000e+01,-2.799999999999999822e+00,7.769696116447448730e-01
2.338813005974925474e+01,-7.000000000000000000e+01,-2.799999999999999822e+00,7.766028046607971191e-01
2.340481203554080025e+01,-7.000000000000000000e+01,-2.799999999999999822e+00,7.770782709121704102e-01
2.342149401133234932e+01,-7.000000000000000000e+01,-2.799999999999999822e+00,7.771838307380676270e-01
2.343817598712389483e+01,-7.000000000000000000e+01,-2.799999999999999822e+00,7.772524356842041016e-01
2.345485796291544389e+01,-7.000000000000000000e+01,-2.799999999999999822e+00,7.774727940559387207e-01
2.347153993870698940e+01,-7.000000000000000000e+01,-2.799999999999999822e+00,7.777594327926635742e-01
2.348822191449853847e+01,-7.000000000000000000e+01,-2.799999999999999822e+00,7.778736352920532227e-01
2.350490389029008398e+01,-7.000000000000000000e+01,-2.799999999999999822e+00,7.777447700500488281e-01
2.352158586608163304e+01,-7.000000000000000000e+01,-2.799999999999999822e+00,7.773289084434509277e-01
2.353826784187317855e+01,-7.000000000000000000e+01,-2.799999999999999822e+00,7.769427299499511719e-01
2.355494981766472762e+01,-7.000000000000000000e+01,-2.799999999999999822e+00,7.768663763999938965e-01
2.357163179345627313e+01,-7.000000000000000000e+01,-2.799999999999999822e+00,7.768359184265136719e-01
2.358831376924782219e+01,-7.000000000000000000e+01,-2.799999999999999822e+00,7.779995799064636230e-01
2.360499574503936770e+01,-7.000000000000000000e+01,-2.799999999999999822e+00,7.784360647201538086e-01
2.362167772083091677e+01,-7.000000000000000000e+01,-2.799999999999999822e+00,7.782433629035949707e-01
2.363835969662246228e+01,-7.100000000000000000e+01,-2.839999999999999858e+00,7.791549563407897949e-01
2.365504167241401134e+01,-7.100000000000000000e+01,-2.839999999999999858e+00,7.795662283897399902e-01
2.367172364820555686e+01,-7.000000000000000000e+01,-2.799999999999999822e+00,7.792853116989135742e-01
2.368840562399710592e+01,-7.000000000000000000e+01,-2.799999999999999822e+00,7.770206928253173828e-01
2.370508759978865143e+01,-7.000000000000000000e+01,-2.799999999999999822e+00,7.762876152992248535e-01
2.372176957558020050e+01,-7.000000000000000000e+01,-2.799999999999999822e+00,7.768388986587524414e-01
2.373845155137174601e+01,-7.000000000000000000e+01,-2.799999999999999822e+00,7.767790555953979492e-01
2.375513352716329507e+01,-7.000000000000000000e+01,-2.799999999999999822e+00,7.767391800880432129e-01
2.377181550295484058e+01,-7.000000000000000000e+01,-2.799999999999999822e+00,7.782777547836303711e-01
2.378849747874638965e+01,-7.100000000000000000e+01,-2.839999999999999858e+00,7.771439552307128906e-01
2.380517945453793516e+01,-7.100000000000000000e+01,-2.839999999999999858e+00,7.773763537406921387e-01
2.382186143032948422e+01,-7.100000000000000000e+01,-2.839999999999999858e+00,7.779906988143920898e-01
2.383854340612102973e+01,-7.100000000000000000e+01,-2.839999999999999858e+00,7.783834934234619141e-01
2.385522538191257880e+01,-7.000000000000000000e+01,-2.799999999999999822e+00,7.771602272987365723e-01
2.387190735770412431e+01,-7.000000000000000000e+01,-2.799999999999999822e+00,7.776150703430175781e-01
2.388858933349566982e+01,-7.000000000000000000e+01,-2.799999999999999822e+00,7.773239612579345703e-01
2.390527130928721888e+01,-7.000000000000000000e+01,-2.799999999999999822e+00,7.773020863533020020e-01
2.392195328507876440e+01,-7.000000000000000000e+01,-2.799999999999999822e+00,7.768166661262512207e-01
2.393863526087031346e+01,-7.000000000000000000e+01,-2.799999999999999822e+00,7.760441303253173828e-01
2.395531723666185897e+01,-7.200000000000000000e+01,-2.879999999999999893e+00,7.774939537048339844e-01
2.397199921245340803e+01,-7.000000000000000000e+01,-2.799999999999999822e+00,7.756983637809753418e-01
2.398868118824495355e+01,-7.000000000000000000e+01,-2.799999999999999822e+00,7.768906354904174805e-01
2.400536316403650261e+01,-7.000000000000000000e+01,-2.799999999999999822e+00,7.767226099967956543e-01
2.402204513982804812e+01,-7.000000000000000000e+01,-2.799999999999999822e+00,7.757959961891174316e-01
2.403872711561959719e+01,-7.000000000000000000e+01,-2.799999999999999822e+00,7.757992744445800781e-01
2.405540909141114270e+01,-7.000000000000000000e+01,-2.799999999999999822e+00,7.757541537284851074e-01
2.407209106720269176e+01,-7.000000000000000000e+01,-2.799999999999999822e+00,7.755674123764038086e-01
2.408877304299423727e+01,-7.000000000000000000e+01,-2.799999999999999822e+00,7.760435938835144043e-01
2.410545501878578634e+01,-7.000000000000000000e+01,-2.799999999999999822e+00,7.782260775566101074e-01
2.412213699457733185e+01,-7.100000000000000000e+01,-2.839999999999999858e+00,7.776139974594116211e-01
2.413881897036888091e+01,-7.100000000000000000e+01,-2.839999999999999858e+00,7.775892615318298340e-01
2.415550094616042642e+01,-7.000000000000000000e+01,-2.799999999999999822e+00,7.772435545921325684e-01
2.417218292195197549e+01,-7.000000000000000000e+01,-2.799999999999999822e+00,7.769812941551208496e-01
2.418886489774352100e+01,-7.000000000000000000e+01,-2.799999999999999822e+00,7.767909765243530273e-01
2.420554687353507006e+01,-7.000000000000000000e+01,-2.799999999999999822e+00,7.761607766151428223e-01
2.422222884932661557e+01,-7.000000000000000000e+01,-2.799999999999999822e+00,7.758342623710632324e-01
2.423891082511816464e+01,-7.000000000000000000e+01,-2.799999999999999822e+00,7.752647995948791504e-01
2.425559280090971015e+01,-7.100000000000000000e+01,-2.839999999999999858e+00,7.751085758209228516e-01
2.427227477670125921e+01,-7.100000000000000000e+01,-2.839999999999999858e+00,7.754812836647033691e-01
2.428895675249280472e+01,-7.100000000000000000e+01,-2.839999999999999858e+00,7.762051820755004883e-01
2.430563872828435379e+01,-7.100000000000000000e+01,-2.839999999999999858e+00,7.760518789291381836e-01
2.432232070407589930e+01,-7.100000000000000000e+01,-2.839999999999999858e+00,7.780703902244567871e-01
2.433900267986744836e+01,-7.100000000000000000e+01,-2.839999999999999858e+00,7.779719829559326172e-01
2.435568465565899388e+01,-7.100000000000000000e+01,-2.839999999999999858e+00,7.770568132400512695e-01
2.437236663145054294e+01,-7.000000000000000000e+01,-2.799999999999999822e+00,7.769587635993957520e-01
2.438904860724208845e+01,-7.000000000000000000e+01,-2.799999999999999822e+00,7.764950990676879883e-01
2.440573058303363752e+01,-7.100000000000000000e+01,-2.839999999999999858e+00,7.758401036262512207e-01
2.442241255882518303e+01,-7.100000000000000000e+01,-2.839999999999999858e+00,7.762261629104614258e-01
2.443909453461673209e+01,-7.100000000000000000e+01,-2.839999999999999858e+00,7.802638411521911621e-01
2.445577651040827760e+01,-7.100000000000000000e+01,-2.839999999999999858e+00,7.799559235572814941e-01
2.447245848619982667e+01,-7.100000000000000000e+01,-2.839999999999999858e+00,7.808123826980590820e-01
2.448914046199137218e+01,-7.100000000000000000e+01,-2.839999999999999858e+00,7.799693346023559570e-01
2.450582243778292124e+01,-7.100000000000000000e+01,-2.839999999999999858e+00,7.800753712654113770e-01
2.452250441357446675e+01,-7.100000000000000000e+01,-2.839999999999999858e+00,7.795171141624450684e-01
2.453918638936601582e+01,-7.100000000000000000e+01,-2.839999999999999858e+00,7.806710600852966309e-01
2.455586836515756133e+01,-7.100000000000000000e+01,-2.839999999999999858e+00,7.802627086639404297e-01
2.457255034094911039e+01,-7.100000000000000000e+01,-2.839999999999999858e+00,7.818458676338195801e-01
2.458923231674065590e+01,-7.100000000000000000e+01,-2.839999999999999858e+00,7.786133289337158203e-01
2.460591429253220497e+01,-7.100000000000000000e+01,-2.839999999999999858e+00,7.780053615570068359e-01
2.462259626832375048e+01,-7.100000000000000000e+01,-2.839999999999999858e+00,7.809405922889709473e-01
2.463927824411529954e+01,-7.100000000000000000e+01,-2.839999999999999858e+00,7.806413173675537109e-01
2.465596021990684505e+01,-7.100000000000000000e+01,-2.839999999999999858e+00,7.800736427307128906e-01
2.467264219569839412e+01,-7.100000000000000000e+01,-2.839999999999999858e+00,7.805568575859069824e-01
2.468932417148993963e+01,-7.100000000000000000e+01,-2.839999999999999858e+00,7.800090312957763672e-01
2.470600614728148869e+01,-7.100000000000000000e+01,-2.839999999999999858e+00,7.812450528144836426e-01
2.472268812307303421e+01,-7.100000000000000000e+01,-2.839999999999999858e+00,7.798118591308593750e-01
2.473937009886458327e+01,-7.100000000000000000e+01,-2.839999999999999858e+00,7.794302701950073242e-01
2.475605207465612878e+01,-7.100000000000000000e+01,-2.839999999999999858e+00,7.801981568336486816e-01
2.477273405044767784e+01,-7.100000000000000000e+01,-2.839999999999999858e+00,7.809522747993469238e-01
2.478941602623922336e+01,-7.100000000000000000e+01,-2.839999999999999858e+00,7.795141935348510742e-01
2.480609800203077242e+01,-7.100000000000000000e+01,-2.839999999999999858e+00,7.788364887237548828e-01
2.482277997782231793e+01,-7.100000000000000000e+01,-2.839999999999999858e+00,7.802374362945556641e-01
2.483946195361386344e+01,-7.100000000000000000e+01,-2.839999999999999858e+00,7.821788787841796875e-01
2.485614392940541251e+01,-7.100000000000000000e+01,-2.839999999999999858e+00,7.819116711616516113e-01
2.487282590519695802e+01,-7.100000000000000000e+01,-2.839999999999999858e+00,7.821238040924072266e-01
2.488950788098850708e+01,-7.100000000000000000e+01,-2.839999999999999858e+00,7.816598415374755859e-01
2.490618985678005259e+01,-7.100000000000000000e+01,-2.839999999999999858e+00,7.811229228973388672e-01
2.492287183257160166e+01,-7.100000000000000000e+01,-2.839999999999999858e+00,7.809974551200866699e-01
2.493955380836314717e+01,-7.100000000000000000e+01,-2.839999999999999858e+00,7.806194424629211426e-01
2.495623578415469623e+01,-7.100000000000000000e+01,-2.839999999999999858e+00,7.808946371078491211e-01
2.497291775994624174e+01,-7.100000000000000000e+01,-2.839999999999999858e+00,7.803111672401428223e-01
2.498959973573779081e+01,-7.100000000000000000e+01,-2.839999999999999858e+00,7.797755002975463867e-01
2.500628171152933632e+01,-7.100000000000000000e+01,-2.839999999999999858e+00,7.790659666061401367e-01
2.502296368732088538e+01,-7.100000000000000000e+01,-2.839999999999999858e+00,7.789177298545837402e-01
2.503964566311243090e+01,-7.100000000000000000e+01,-2.839999999999999858e+00,7.807424068450927734e-01
2.505632763890397996e+01,-7.100000000000000000e+01,-2.839999999999999858e+00,7.800832390785217285e-01
2.507300961469552547e+01,-7.100000000000000000e+01,-2.839999999999999858e+00,7.796349525451660156e-01
2.508969159048707454e+01,-7.100000000000000000e+01,-2.839999999999999858e+00,7.795960903167724609e-01
2.510637356627862005e+01,-7.100000000000000000e+01,-2.839999999999999858e+00,7.803614735603332520e-01
2.512305554207016911e+01,-7.100000000000000000e+01,-2.839999999999999858e+00,7.800735831260681152e-01
2.513973751786171462e+01,-7.100000000000000000e+01,-2.839999999999999858e+00,7.812790870666503906e-01
2.515641949365326369e+01,-7.100000000000000000e+01,-2.839999999999999858e+00,7.790162563323974609e-01
2.517310146944480920e+01,-7.100000000000000000e+01,-2.839999999999999858e+00,7.789876461029052734e-01
2.518978344523635826e+01,-7.100000000000000000e+01,-2.839999999999999858e+00,7.796784639358520508e-01
2.520646542102790377e+01,-7.100000000000000000e+01,-2.839999999999999858e+00,7.800112962722778320e-01
2.522314739681945284e+01,-7.100000000000000000e+01,-2.839999999999999858e+00,7.796463370323181152e-01
2.523982937261099835e+01,-7.100000000000000000e+01,-2.839999999999999858e+00,7.798981666564941406e-01
2.525651134840254741e+01,-7.100000000000000000e+01,-2.839999999999999858e+00,7.791579961776733398e-01
2.527319332419409292e+01,-7.100000000000000000e+01,-2.839999999999999858e+00,7.795665860176086426e-01
2.528987529998564199e+01,-7.100000000000000000e+01,-2.839999999999999858e+00,7.808807492256164551e-01
2.530655727577718750e+01,-7.100000000000000000e+01,-2.839999999999999858e+00,7.819480299949645996e-01
2.532323925156873656e+01,-7.100000000000000000e+01,-2.839999999999999858e+00,7.815016508102416992e-01
2.533992122736028207e+01,-7.100000000000000000e+01,-2.839999999999999858e+00,7.814173698425292969e-01
2.535660320315183114e+01,-7.100000000000000000e+01,-2.839999999999999858e+00,7.804422378540039062e-01
2.537328517894337665e+01,-7.100000000000000000e+01,-2.839999999999999858e+00,7.808156013488769531e-01
2.538996715473492571e+01,-7.100000000000000000e+01,-2.839999999999999858e+00,7.811390161514282227e-01
2.540664913052647123e+01,-7.100000000000000000e+01,-2.839999999999999858e+00,7.807855606079101562e-01
2.542333110631802029e+01,-7.100000000000000000e+01,-2.839999999999999858e+00,7.790583372116088867e-01
2.544001308210956580e+01,-7.100000000000000000e+01,-2.839999999999999858e+00,7.798030376434326172e-01
2.545669505790111486e+01,-7.100000000000000000e+01,-2.839999999999999858e+00,7.808380126953125000e-01
2.547337703369266038e+01,-7.100000000000000000e+01,-2.839999999999999858e+00,7.811525464057922363e-01
2.549005900948420944e+01,-7.100000000000000000e+01,-2.839999999999999858e+00,7.807087302207946777e-01
2.550674098527575495e+01,-7.100000000000000000e+01,-2.839999999999999858e+00,7.807684540748596191e-01
2.552342296106730402e+01,-7.100000000000000000e+01,-2.839999999999999858e+00,7.806982398033142090e-01
2.554010493685884953e+01,-7.100000000000000000e+01,-2.839999999999999858e+00,7.813990116119384766e-01
2.555678691265039859e+01,-7.100000000000000000e+01,-2.839999999999999858e+00,7.810710668563842773e-01
2.557346888844194410e+01,-7.100000000000000000e+01,-2.839999999999999858e+00,7.809333205223083496e-01
2.559015086423349317e+01,-7.100000000000000000e+01,-2.839999999999999858e+00,7.803603410720825195e-01
2.560683284002503868e+01,-7.100000000000000000e+01,-2.839999999999999858e+00,7.794691324234008789e-01
2.562351481581658774e+01,-7.100000000000000000e+01,-2.839999999999999858e+00,7.788820862770080566e-01
2.564019679160813325e+01,-7.100000000000000000e+01,-2.839999999999999858e+00,7.786982059478759766e-01
2.565687876739968232e+01,-7.100000000000000000e+01,-2.839999999999999858e+00,7.784414291381835938e-01
2.567356074319122783e+01,-7.100000000000000000e+01,-2.839999999999999858e+00,7.776713371276855469e-01
2.569024271898277689e+01,-7.100000000000000000e+01,-2.839999999999999858e+00,7.780067324638366699e-01
2.570692469477432240e+01,-7.100000000000000000e+01,-2.839999999999999858e+00,7.776740193367004395e-01
2.572360667056587147e+01,-7.100000000000000000e+01,-2.839999999999999858e+00,7.781601548194885254e-01
2.574028864635741698e+01,-7.100000000000000000e+01,-2.839999999999999858e+00,7.782175540924072266e-01
2.575697062214896604e+01,-7.100000000000000000e+01,-2.839999999999999858e+00,7.793805003166198730e-01
2.577365259794051155e+01,-7.100000000000000000e+01,-2.839999999999999858e+00,7.794616222381591797e-01
2.579033457373205707e+01,-7.100000000000000000e+01,-2.839999999999999858e+00,7.795987725257873535e-01
2.580701654952360613e+01,-7.100000000000000000e+01,-2.839999999999999858e+00,7.801225781440734863e-01
2.582369852531515164e+01,-7.100000000000000000e+01,-2.839999999999999858e+00,7.805778980255126953e-01
2.584038050110670071e+01,-7.100000000000000000e+01,-2.839999999999999858e+00,7.807740569114685059e-01
2.585706247689824622e+01,-7.100000000000000000e+01,-2.839999999999999858e+00,7.799499630928039551e-01
2.587374445268979528e+01,-7.100000000000000000e+01,-2.839999999999999858e+00,7.781667709350585938e-01
2.589042642848134079e+01,-7.100000000000000000e+01,-2.839999999999999858e+00,7.793153524398803711e-01
2.590710840427288986e+01,-7.100000000000000000e+01,-2.839999999999999858e+00,7.791285514831542969e-01
2.592379038006443537e+01,-7.100000000000000000e+01,-2.839999999999999858e+00,7.765777111053466797e-01
2.594047235585598443e+01,-7.200000000000000000e+01,-2.879999999999999893e+00,7.779296040534973145e-01
2.595715433164752994e+01,-7.200000000000000000e+01,-2.879999999999999893e+00,7.775253653526306152e-01
2.597383630743907901e+01,-7.100000000000000000e+01,-2.839999999999999858e+00,7.808496356010437012e-01
2.599051828323062452e+01,-7.100000000000000000e+01,-2.839999999999999858e+00,7.793492078781127930e-01
2.600720025902217358e+01,-7.200000000000000000e+01,-2.879999999999999893e+00,7.750508189201354980e-01
2.602388223481371909e+01,-7.200000000000000000e+01,-2.879999999999999893e+00,7.750287055969238281e-01
2.604056421060526816e+01,-7.200000000000000000e+01,-2.879999999999999893e+00,7.751855850219726562e-01
2.605724618639681367e+01,-7.200000000000000000e+01,-2.879999999999999893e+00,7.777674198150634766e-01
2.607392816218836273e+01,-7.200000000000000000e+01,-2.879999999999999893e+00,7.778182029724121094e-01
2.609061013797990825e+01,-7.200000000000000000e+01,-2.879999999999999893e+00,7.778319120407104492e-01
2.610729211377145731e+01,-7.200000000000000000e+01,-2.879999999999999893e+00,7.785166501998901367e-01
2.612397408956300282e+01,-7.200000000000000000e+01,-2.879999999999999893e+00,7.780840992927551270e-01
2.614065606535455188e+01,-7.200000000000000000e+01,-2.879999999999999893e+00,7.782960534095764160e-01
2.615733804114609740e+01,-7.200000000000000000e+01,-2.879999999999999893e+00,7.775579690933227539e-01
2.617402001693764646e+01,-7.200000000000000000e+01,-2.879999999999999893e+00,7.769602537155151367e-01
2.619070199272919197e+01,-7.200000000000000000e+01,-2.879999999999999893e+00,7.773101329803466797e-01
2.620738396852074104e+01,-7.200000000000000000e+01,-2.879999999999999893e+00,7.773659825325012207e-01
2.622406594431228655e+01,-7.200000000000000000e+01,-2.879999999999999893e+00,7.772947549819946289e-01
2.624074792010383561e+01,-7.200000000000000000e+01,-2.879999999999999893e+00,7.792121767997741699e-01
2.625742989589538112e+01,-7.200000000000000000e+01,-2.879999999999999893e+00,7.789687514305114746e-01
2.627411187168693019e+01,-7.200000000000000000e+01,-2.879999999999999893e+00,7.794085741043090820e-01
2.629079384747847570e+01,-7.200000000000000000e+01,-2.879999999999999893e+00,7.790568470954895020e-01
2.630747582327002476e+01,-7.200000000000000000e+01,-2.879999999999999893e+00,7.797245979309082031e-01
2.632415779906157027e+01,-7.100000000000000000e+01,-2.839999999999999858e+00,7.807906866073608398e-01
2.634083977485311934e+01,-7.100000000000000000e+01,-2.839999999999999858e+00,7.804934382438659668e-01
2.635752175064466485e+01,-7.100000000000000000e+01,-2.839999999999999858e+00,7.797263860702514648e-01
2.637420372643621391e+01,-7.100000000000000000e+01,-2.839999999999999858e+00,7.799932360649108887e-01
2.639088570222775942e+01,-7.100000000000000000e+01,-2.839999999999999858e+00,7.798362970352172852e-01
2.640756767801930849e+01,-7.100000000000000000e+01,-2.839999999999999858e+00,7.791189551353454590e-01
2.642424965381085400e+01,-7.100000000000000000e+01,-2.839999999999999858e+00,7.797055244445800781e-01
2.644093162960240306e+01,-7.100000000000000000e+01,-2.839999999999999858e+00,7.794792652130126953e-01
2.645761360539394857e+01,-7.200000000000000000e+01,-2.879999999999999893e+00,7.756671905517578125e-01
2.647429558118549764e+01,-7.200000000000000000e+01,-2.879999999999999893e+00,7.760065197944641113e-01
2.649097755697704315e+01,-7.200000000000000000e+01,-2.879999999999999893e+00,7.755479812622070312e-01
2.650765953276859221e+01,-7.200000000000000000e+01,-2.879999999999999893e+00,7.749005556106567383e-01
2.652434150856013773e+01,-7.200000000000000000e+01,-2.879999999999999893e+00,7.749018669128417969e-01
2.654102348435168679e+01,-7.200000000000000000e+01,-2.879999999999999893e+00,7.773537635803222656e-01
2.655770546014323230e+01,-7.100000000000000000e+01,-2.839999999999999858e+00,7.776018381118774414e-01
2.657438743593478137e+01,-7.100000000000000000e+01,-2.839999999999999858e+00,7.785750031471252441e-01
2.659106941172632688e+01,-7.100000000000000000e+01,-2.839999999999999858e+00,7.781744003295898438e-01
2.660775138751787594e+01,-7.100000000000000000e+01,-2.839999999999999858e+00,7.788432240486145020e-01
2.662443336330942145e+01,-7.200000000000000000e+01,-2.879999999999999893e+00,7.793394327163696289e-01
2.664111533910097052e+01,-7.200000000000000000e+01,-2.879999999999999893e+00,7.792594432830810547e-01
2.665779731489251603e+01,-7.100000000000000000e+01,-2.839999999999999858e+00,7.796120643615722656e-01
2.667447929068406509e+01,-7.100000000000000000e+01,-2.839999999999999858e+00,7.791761755943298340e-01
2.669116126647561060e+01,-7.100000000000000000e+01,-2.839999999999999858e+00,7.794468998908996582e-01
2.670784324226715967e+01,-7.100000000000000000e+01,-2.839999999999999858e+00,7.792149186134338379e-01
2.672452521805870518e+01,-7.100000000000000000e+01,-2.839999999999999858e+00,7.796785235404968262e-01
2.674120719385025069e+01,-7.100000000000000000e+01,-2.839999999999999858e+00,7.793009281158447266e-01
2.675788916964179975e+01,-7.200000000000000000e+01,-2.879999999999999893e+00,7.797945141792297363e-01
2.677457114543334527e+01,-7.200000000000000000e+01,-2.879999999999999893e+00,7.778152823448181152e-01
2.679125312122489433e+01,-7.200000000000000000e+01,-2.879999999999999893e+00,7.772603631019592285e-01
2.680793509701643984e+01,-7.200000000000000000e+01,-2.879999999999999893e+00,7.756025195121765137e-01
2.682461707280798890e+01,-7.200000000000000000e+01,-2.879999999999999893e+00,7.714348435401916504e-01
2.684129904859953442e+01,-7.200000000000000000e+01,-2.879999999999999893e+00,7.703129649162292480e-01
2.685798102439108348e+01,-7.200000000000000000e+01,-2.879999999999999893e+00,7.696305513381958008e-01
2.687466300018262899e+01,-7.200000000000000000e+01,-2.879999999999999893e+00,7.710522413253784180e-01
2.689134497597417806e+01,-7.200000000000000000e+01,-2.879999999999999893e+00,7.729893326759338379e-01
2.690802695176572357e+01,-7.200000000000000000e+01,-2.879999999999999893e+00,7.779414653778076172e-01
2.692470892755727263e+01,-7.200000000000000000e+01,-2.879999999999999893e+00,7.810126543045043945e-01
2.694139090334881814e+01,-7.200000000000000000e+01,-2.879999999999999893e+00,7.806683182716369629e-01
2.695807287914036721e+01,-7.200000000000000000e+01,-2.879999999999999893e+00,7.810931801795959473e-01
2.697475485493191272e+01,-7.200000000000000000e+01,-2.879999999999999893e+00,7.812492847442626953e-01
2.699143683072346178e+01,-7.200000000000000000e+01,-2.879999999999999893e+00,7.808084487915039062e-01
2.700811880651500729e+01,-7.200000000000000000e+01,-2.879999999999999893e+00,7.806236147880554199e-01
2.702480078230655636e+01,-7.200000000000000000e+01,-2.879999999999999893e+00,7.780898213386535645e-01
2.704148275809810187e+01,-7.200000000000000000e+01,-2.879999999999999893e+00,7.778044939041137695e-01
2.705816473388965093e+01,-7.200000000000000000e+01,-2.879999999999999893e+00,7.778640389442443848e-01
2.707484670968119644e+01,-7.200000000000000000e+01,-2.879999999999999893e+00,7.801258563995361328e-01
2.709152868547274551e+01,-7.200000000000000000e+01,-2.879999999999999893e+00,7.800591588020324707e-01
2.710821066126429102e+01,-7.200000000000000000e+01,-2.879999999999999893e+00,7.791161537170410156e-01
2.712489263705584008e+01,-7.200000000000000000e+01,-2.879999999999999893e+00,7.793457508087158203e-01
2.714157461284738559e+01,-7.200000000000000000e+01,-2.879999999999999893e+00,7.789505720138549805e-01
2.715825658863893466e+01,-7.200000000000000000e+01,-2.879999999999999893e+00,7.777724266052246094e-01
2.717493856443048017e+01,-7.200000000000000000e+01,-2.879999999999999893e+00,7.784280776977539062e-01
2.719162054022202923e+01,-7.200000000000000000e+01,-2.879999999999999893e+00,7.779469490051269531e-01
2.720830251601357475e+01,-7.200000000000000000e+01,-2.879999999999999893e+00,7.782239913940429688e-01
2.722498449180512381e+01,-7.200000000000000000e+01,-2.879999999999999893e+00,7.787150740623474121e-01
2.724166646759666932e+01,-7.200000000000000000e+01,-2.879999999999999893e+00,7.791839241981506348e-01
2.725834844338821839e+01,-7.200000000000000000e+01,-2.879999999999999893e+00,7.792702317237854004e-01
2.727503041917976390e+01,-7.200000000000000000e+01,-2.879999999999999893e+00,7.792054414749145508e-01
2.729171239497131296e+01,-7.200000000000000000e+01,-2.879999999999999893e+00,7.799643874168395996e-01
2.730839437076285847e+01,-7.200000000000000000e+01,-2.879999999999999893e+00,7.800430655479431152e-01
2.732507634655440754e+01,-7.200000000000000000e+01,-2.879999999999999893e+00,7.793127894401550293e-01
2.734175832234595305e+01,-7.200000000000000000e+01,-2.879999999999999893e+00,7.786310315132141113e-01
2.735844029813750211e+01,-7.200000000000000000e+01,-2.879999999999999893e+00,7.783046960830688477e-01
2.737512227392904762e+01,-7.200000000000000000e+01,-2.879999999999999893e+00,7.792596817016601562e-01
2.739180424972059669e+01,-7.200000000000000000e+01,-2.879999999999999893e+00,7.792021036148071289e-01
2.740848622551214220e+01,-7.200000000000000000e+01,-2.879999999999999893e+00,7.789341211318969727e-01
2.742516820130369126e+01,-7.200000000000000000e+01,-2.879999999999999893e+00,7.787128090858459473e-01
2.744185017709523677e+01,-7.200000000000000000e+01,-2.879999999999999893e+00,7.790538072586059570e-01
2.745853215288678584e+01,-7.200000000000000000e+01,-2.879999999999999893e+00,7.794234156608581543e-01
2.747521412867833135e+01,-7.200000000000000000e+01,-2.879999999999999893e+00,7.791975736618041992e-01
2.749189610446988041e+01,-7.200000000000000000e+01,-2.879999999999999893e+00,7.788375020027160645e-01
2.750857808026142592e+01,-7.200000000000000000e+01,-2.879999999999999893e+00,7.787226438522338867e-01
2.752526005605297499e+01,-7.200000000000000000e+01,-2.879999999999999893e+00,7.784419059753417969e-01
2.754194203184452050e+01,-7.200000000000000000e+01,-2.879999999999999893e+00,7.794239521026611328e-01
2.755862400763606956e+01,-7.200000000000000000e+01,-2.879999999999999893e+00,7.790043354034423828e-01
2.757530598342761508e+01,-7.200000000000000000e+01,-2.879999999999999893e+00,7.790755033493041992e-01
2.759198795921916414e+01,-7.200000000000000000e+01,-2.879999999999999893e+00,7.786702513694763184e-01
2.760866993501070965e+01,-7.200000000000000000e+01,-2.879999999999999893e+00,7.790716290473937988e-01
2.762535191080225871e+01,-7.200000000000000000e+01,-2.879999999999999893e+00,7.794523835182189941e-01
2.764203388659380423e+01,-7.200000000000000000e+01,-2.879999999999999893e+00,7.777841091156005859e-01
2.765871586238535329e+01,-7.200000000000000000e+01,-2.879999999999999893e+00,7.779803276062011719e-01
2.767539783817689880e+01,-7.200000000000000000e+01,-2.879999999999999893e+00,7.789186239242553711e-01
2.769207981396844787e+01,-7.200000000000000000e+01,-2.879999999999999893e+00,7.782531976699829102e-01
2.770876178975999338e+01,-7.200000000000000000e+01,-2.879999999999999893e+00,7.759810686111450195e-01
2.772544376555153889e+01,-7.200000000000000000e+01,-2.879999999999999893e+00,7.755370140075683594e-01
2.774212574134308795e+01,-7.200000000000000000e+01,-2.879999999999999893e+00,7.781403660774230957e-01
2.775880771713463346e+01,-7.200000000000000000e+01,-2.879999999999999893e+00,7.796794176101684570e-01
2.777548969292618253e+01,-7.200000000000000000e+01,-2.879999999999999893e+00,7.790332436561584473e-01
2.779217166871772804e+01,-7.200000000000000000e+01,-2.879999999999999893e+00,7.784882783889770508e-01
2.780885364450927710e+01,-7.200000000000000000e+01,-2.879999999999999893e+00,7.793381214141845703e-01
2.782553562030082261e+01,-7.200000000000000000e+01,-2.879999999999999893e+00,7.785115242004394531e-01
2.784221759609237168e+01,-7.200000000000000000e+01,-2.879999999999999893e+00,7.793225049972534180e-01
2.785889957188391719e+01,-7.200000000000000000e+01,-2.879999999999999893e+00,7.788152098655700684e-01
2.787558154767546625e+01,-7.200000000000000000e+01,-2.879999999999999893e+00,7.785733342170715332e-01
2.789226352346701177e+01,-7.200000000000000000e+01,-2.879999999999999893e+00,7.774689197540283203e-01
2.790894549925856083e+01,-7.200000000000000000e+01,-2.879999999999999893e+00,7.777051329612731934e-01
2.792562747505010634e+01,-7.200000000000000000e+01,-2.879999999999999893e+00,7.777224779129028320e-01
2.794230945084165540e+01,-7.200000000000000000e+01,-2.879999999999999893e+00,7.780945897102355957e-01
2.795899142663320092e+01,-7.200000000000000000e+01,-2.879999999999999893e+00,7.779294252395629883e-01
2.797567340242474998e+01,-7.200000000000000000e+01,-2.879999999999999893e+00,7.777426838874816895e-01
2.799235537821629549e+01,-7.100000000000000000e+01,-2.839999999999999858e+00,7.756451368331909180e-01
2.800903735400784456e+01,-7.200000000000000000e+01,-2.879999999999999893e+00,7.750003933906555176e-01
2.802571932979939007e+01,-7.100000000000000000e+01,-2.839999999999999858e+00,7.758699059486389160e-01
2.804240130559093913e+01,-7.200000000000000000e+01,-2.879999999999999893e+00,7.755526304244995117e-01
2.805908328138248464e+01,-7.200000000000000000e+01,-2.879999999999999893e+00,7.749569416046142578e-01
2.807576525717403371e+01,-7.200000000000000000e+01,-2.879999999999999893e+00,7.762872576713562012e-01
2.809244723296557922e+01,-7.200000000000000000e+01,-2.879999999999999893e+00,7.753165960311889648e-01
2.810912920875712828e+01,-7.200000000000000000e+01,-2.879999999999999893e+00,7.763374447822570801e-01
2.812581118454867379e+01,-7.100000000000000000e+01,-2.839999999999999858e+00,7.744417786598205566e-01
2.814249316034022286e+01,-7.100000000000000000e+01,-2.839999999999999858e+00,7.732546925544738770e-01
2.815917513613176837e+01,-7.100000000000000000e+01,-2.839999999999999858e+00,7.744453549385070801e-01
2.817585711192331743e+01,-7.100000000000000000e+01,-2.839999999999999858e+00,7.747246026992797852e-01
2.819253908771486294e+01,-7.100000000000000000e+01,-2.839999999999999858e+00,7.745867967605590820e-01
2.820922106350641201e+01,-7.200000000000000000e+01,-2.879999999999999893e+00,7.772653698921203613e-01
2.822590303929795752e+01,-7.200000000000000000e+01,-2.879999999999999893e+00,7.765474915504455566e-01
2.824258501508950658e+01,-7.200000000000000000e+01,-2.879999999999999893e+00,7.768706679344177246e-01
2.825926699088105210e+01,-7.100000000000000000e+01,-2.839999999999999858e+00,7.753170728683471680e-01
2.827594896667260116e+01,-7.100000000000000000e+01,-2.839999999999999858e+00,7.746458053588867188e-01
2.829263094246414667e+01,-7.200000000000000000e+01,-2.879999999999999893e+00,7.742616534233093262e-01
2.830931291825569573e+01,-7.200000000000000000e+01,-2.879999999999999893e+00,7.735555171966552734e-01
2.832599489404724125e+01,-7.300000000000000000e+01,-2.919999999999999929e+00,7.717514038085937500e-01
2.834267686983879031e+01,-7.300000000000000000e+01,-2.919999999999999929e+00,7.724477648735046387e-01
2.835935884563033582e+01,-7.300000000000000000e+01,-2.919999999999999929e+00,7.702482938766479492e-01
2.837604082142188489e+01,-7.300000000000000000e+01,-2.919999999999999929e+00,7.702572345733642578e-01
2.839272279721343040e+01,-7.300000000000000000e+01,-2.919999999999999929e+00,7.749688029289245605e-01
2.840940477300497946e+01,-7.300000000000000000e+01,-2.919999999999999929e+00,7.738657593727111816e-01
2.842608674879652497e+01,-7.300000000000000000e+01,-2.919999999999999929e+00,7.727831006050109863e-01
2.844276872458807404e+01,-7.300000000000000000e+01,-2.919999999999999929e+00,7.735884785652160645e-01
2.845945070037961955e+01,-7.300000000000000000e+01,-2.919999999999999929e+00,7.758082151412963867e-01
2.847613267617116861e+01,-7.300000000000000000e+01,-2.919999999999999929e+00,7.710238099098205566e-01
2.849281465196271412e+01,-7.100000000000000000e+01,-2.839999999999999858e+00,7.708656787872314453e-01
2.850949662775426319e+01,-7.100000000000000000e+01,-2.839999999999999858e+00,7.711293697357177734e-01
2.852617860354580870e+01,-7.300000000000000000e+01,-2.919999999999999929e+00,7.752713561058044434e-01
2.854286057933735776e+01,-7.300000000000000000e+01,-2.919999999999999929e+00,7.755809426307678223e-01
2.855954255512890327e+01,-7.300000000000000000e+01,-2.919999999999999929e+00,7.717176079750061035e-01
2.857622453092045234e+01,-7.300000000000000000e+01,-2.919999999999999929e+00,7.709208130836486816e-01
2.859290650671199785e+01,-7.300000000000000000e+01,-2.919999999999999929e+00,7.711553573608398438e-01
2.860958848250354691e+01,-7.100000000000000000e+01,-2.839999999999999858e+00,7.704114317893981934e-01
2.862627045829509242e+01,-7.100000000000000000e+01,-2.839999999999999858e+00,7.705587744712829590e-01
2.864295243408664149e+01,-7.300000000000000000e+01,-2.919999999999999929e+00,7.720234394073486328e-01
2.865963440987818700e+01,-7.300000000000000000e+01,-2.919999999999999929e+00,7.722017168998718262e-01
2.867631638566973251e+01,-7.300000000000000000e+01,-2.919999999999999929e+00,7.725040316581726074e-01
2.869299836146128158e+01,-7.300000000000000000e+01,-2.919999999999999929e+00,7.769064307212829590e-01
2.870968033725282709e+01,-7.300000000000000000e+01,-2.919999999999999929e+00,7.743330001831054688e-01
2.872636231304437615e+01,-7.300000000000000000e+01,-2.919999999999999929e+00,7.733781337738037109e-01
2.874304428883592166e+01,-7.300000000000000000e+01,-2.919999999999999929e+00,7.738721370697021484e-01
2.875972626462747073e+01,-7.300000000000000000e+01,-2.919999999999999929e+00,7.782494425773620605e-01
2.877640824041901624e+01,-7.300000000000000000e+01,-2.919999999999999929e+00,7.782859206199645996e-01
2.879309021621056530e+01,-7.300000000000000000e+01,-2.919999999999999929e+00,7.730544209480285645e-01
2.880977219200211081e+01,-7.300000000000000000e+01,-2.919999999999999929e+00,7.716816663742065430e-01
2.882645416779365988e+01,-7.300000000000000000e+01,-2.919999999999999929e+00,7.726162672042846680e-01
2.884313614358520539e+01,-7.300000000000000000e+01,-2.919999999999999929e+00,7.713308930397033691e-01
2.885981811937675445e+01,-7.200000000000000000e+01,-2.879999999999999893e+00,7.722960114479064941e-01
2.887650009516829996e+01,-7.200000000000000000e+01,-2.879999999999999893e+00,7.717235684394836426e-01
2.889318207095984903e+01,-7.300000000000000000e+01,-2.919999999999999929e+00,7.733394503593444824e-01
2.890986404675139454e+01,-7.300000000000000000e+01,-2.919999999999999929e+00,7.738161087036132812e-01
2.892654602254294360e+01,-7.300000000000000000e+01,-2.919999999999999929e+00,7.742093801498413086e-01
2.894322799833448911e+01,-7.300000000000000000e+01,-2.919999999999999929e+00,7.777611613273620605e-01
2.895990997412603818e+01,-7.300000000000000000e+01,-2.919999999999999929e+00,7.828689813613891602e-01
2.897659194991758369e+01,-7.300000000000000000e+01,-2.919999999999999929e+00,7.790542840957641602e-01
2.899327392570913275e+01,-7.300000000000000000e+01,-2.919999999999999929e+00,7.721816897392272949e-01
2.900995590150067827e+01,-7.300000000000000000e+01,-2.919999999999999929e+00,7.715562582015991211e-01
2.902663787729222733e+01,-7.300000000000000000e+01,-2.919999999999999929e+00,7.740426659584045410e-01
2.904331985308377284e+01,-7.300000000000000000e+01,-2.919999999999999929e+00,7.795161008834838867e-01
2.906000182887532191e+01,-7.300000000000000000e+01,-2.919999999999999929e+00,7.787367701530456543e-01
2.907668380466686742e+01,-7.300000000000000000e+01,-2.919999999999999929e+00,7.784954905509948730e-01
2.909336578045841648e+01,-7.300000000000000000e+01,-2.919999999999999929e+00,7.795562148094177246e-01
2.911004775624996199e+01,-7.300000000000000000e+01,-2.919999999999999929e+00,7.801780104637145996e-01
2.912672973204151106e+01,-7.300000000000000000e+01,-2.919999999999999929e+00,7.791887521743774414e-01
2.914341170783305657e+01,-7.300000000000000000e+01,-2.919999999999999929e+00,7.777352929115295410e-01
2.916009368362460563e+01,-7.300000000000000000e+01,-2.919999999999999929e+00,7.777737975120544434e-01
2.917677565941615114e+01,-7.300000000000000000e+01,-2.919999999999999929e+00,7.788701057434082031e-01
2.919345763520770021e+01,-7.300000000000000000e+01,-2.919999999999999929e+00,7.773992419242858887e-01
2.921013961099924572e+01,-7.300000000000000000e+01,-2.919999999999999929e+00,7.776159644126892090e-01
2.922682158679079478e+01,-7.300000000000000000e+01,-2.919999999999999929e+00,7.774412631988525391e-01
2.924350356258234029e+01,-7.300000000000000000e+01,-2.919999999999999929e+00,7.777695655822753906e-01
2.926018553837388936e+01,-7.300000000000000000e+01,-2.919999999999999929e+00,7.790973782539367676e-01
2.927686751416543487e+01,-7.300000000000000000e+01,-2.919999999999999929e+00,7.847539782524108887e-01
2.929354948995698393e+01,-7.300000000000000000e+01,-2.919999999999999929e+00,7.796006798744201660e-01
2.931023146574852944e+01,-7.300000000000000000e+01,-2.919999999999999929e+00,7.713805437088012695e-01
2.932691344154007851e+01,-7.200000000000000000e+01,-2.879999999999999893e+00,7.703136801719665527e-01
2.934359541733162402e+01,-7.200000000000000000e+01,-2.879999999999999893e+00,7.701588869094848633e-01
2.936027739312317308e+01,-7.200000000000000000e+01,-2.879999999999999893e+00,7.728416919708251953e-01
2.937695936891471860e+01,-7.200000000000000000e+01,-2.879999999999999893e+00,7.728769779205322266e-01
2.939364134470626766e+01,-7.200000000000000000e+01,-2.879999999999999893e+00,7.732868194580078125e-01
2.941032332049781317e+01,-7.100000000000000000e+01,-2.839999999999999858e+00,7.716763615608215332e-01
2.942700529628936224e+01,-7.200000000000000000e+01,-2.879999999999999893e+00,7.724573016166687012e-01
2.944368727208090775e+01,-7.200000000000000000e+01,-2.879999999999999893e+00,7.735110521316528320e-01
2.946036924787245681e+01,-7.200000000000000000e+01,-2.879999999999999893e+00,7.734170556068420410e-01
2.947705122366400232e+01,-7.200000000000000000e+01,-2.879999999999999893e+00,7.731343507766723633e-01
2.949373319945555139e+01,-7.200000000000000000e+01,-2.879999999999999893e+00,7.746393084526062012e-01
2.951041517524709690e+01,-7.200000000000000000e+01,-2.879999999999999893e+00,7.744490504264831543e-01
2.952709715103864596e+01,-7.200000000000000000e+01,-2.879999999999999893e+00,7.751151323318481445e-01
2.954377912683019147e+01,-7.200000000000000000e+01,-2.879999999999999893e+00,7.750049233436584473e-01
2.956046110262174054e+01,-7.200000000000000000e+01,-2.879999999999999893e+00,7.744944095611572266e-01
2.957714307841328605e+01,-7.200000000000000000e+01,-2.879999999999999893e+00,7.741709947586059570e-01
2.959382505420483511e+01,-7.200000000000000000e+01,-2.879999999999999893e+00,7.740119099617004395e-01
2.961050702999638062e+01,-7.200000000000000000e+01,-2.879999999999999893e+00,7.733794450759887695e-01
2.962718900578792613e+01,-7.100000000000000000e+01,-2.839999999999999858e+00,7.720215320587158203e-01
2.964387098157947520e+01,-7.100000000000000000e+01,-2.839999999999999858e+00,7.715131640434265137e-01
2.966055295737102071e+01,-7.100000000000000000e+01,-2.839999999999999858e+00,7.715376019477844238e-01
2.967723493316256977e+01,-7.300000000000000000e+01,-2.919999999999999929e+00,7.709636092185974121e-01
2.969391690895411529e+01,-7.300000000000000000e+01,-2.919999999999999929e+00,7.712594270706176758e-01
2.971059888474566435e+01,-7.100000000000000000e+01,-2.839999999999999858e+00,7.713226079940795898e-01
2.972728086053720986e+01,-7.100000000000000000e+01,-2.839999999999999858e+00,7.721705436706542969e-01
2.974396283632875893e+01,-7.200000000000000000e+01,-2.879999999999999893e+00,7.732816338539123535e-01
2.976064481212030444e+01,-7.200000000000000000e+01,-2.879999999999999893e+00,7.737904787063598633e-01
2.977732678791185350e+01,-7.200000000000000000e+01,-2.879999999999999893e+00,7.743405699729919434e-01
2.979400876370339901e+01,-7.200000000000000000e+01,-2.879999999999999893e+00,7.748106122016906738e-01
2.981069073949494808e+01,-7.200000000000000000e+01,-2.879999999999999893e+00,7.745831608772277832e-01
2.982737271528649359e+01,-7.200000000000000000e+01,-2.879999999999999893e+00,7.742022275924682617e-01
2.984405469107804265e+01,-7.200000000000000000e+01,-2.879999999999999893e+00,7.736164927482604980e-01
2.986073666686958816e+01,-7.200000000000000000e+01,-2.879999999999999893e+00,7.735117077827453613e-01
2.987741864266113723e+01,-7.200000000000000000e+01,-2.879999999999999893e+00,7.736034989356994629e-01
2.989410061845268274e+01,-7.200000000000000000e+01,-2.879999999999999893e+00,7.754540443420410156e-01
2.991078259424423180e+01,-7.200000000000000000e+01,-2.879999999999999893e+00,7.754071354866027832e-01
2.992746457003577731e+01,-7.200000000000000000e+01,-2.879999999999999893e+00,7.756509184837341309e-01
2.994414654582732638e+01,-7.200000000000000000e+01,-2.879999999999999893e+00,7.757475972175598145e-01
2.996082852161887189e+01,-7.200000000000000000e+01,-2.879999999999999893e+00,7.759647369384765625e-01
2.997751049741042095e+01,-7.200000000000000000e+01,-2.879999999999999893e+00,7.759142518043518066e-01
2.999419247320196646e+01,-7.200000000000000000e+01,-2.879999999999999893e+00,7.755116224288940430e-01
3.001087444899351553e+01,-7.200000000000000000e+01,-2.879999999999999893e+00,7.759466767311096191e-01
3.002755642478506104e+01,-7.200000000000000000e+01,-2.879999999999999893e+00,7.760805487632751465e-01
3.004423840057661010e+01,-7.200000000000000000e+01,-2.879999999999999893e+00,7.762572765350341797e-01
3.006092037636815562e+01,-7.200000000000000000e+01,-2.879999999999999893e+00,7.757375240325927734e-01
3.007760235215970468e+01,-7.200000000000000000e+01,-2.879999999999999893e+00,7.752602696418762207e-01
3.009428432795125019e+01,-7.200000000000000000e+01,-2.879999999999999893e+00,7.750210762023925781e-01
3.011096630374279925e+01,-7.200000000000000000e+01,-2.879999999999999893e+00,7.773799896240234375e-01
3.012764827953434477e+01,-7.200000000000000000e+01,-2.879999999999999893e+00,7.765634059906005859e-01
3.014433025532589383e+01,-7.200000000000000000e+01,-2.879999999999999893e+00,7.746173739433288574e-01
3.016101223111743934e+01,-7.200000000000000000e+01,-2.879999999999999893e+00,7.744055390357971191e-01
3.017769420690898841e+01,-7.200000000000000000e+01,-2.879999999999999893e+00,7.751095294952392578e-01
3.019437618270053392e+01,-7.200000000000000000e+01,-2.879999999999999893e+00,7.773872613906860352e-01
3.021105815849208298e+01,-7.200000000000000000e+01,-2.879999999999999893e+00,7.768704891204833984e-01
3.022774013428362849e+01,-7.200000000000000000e+01,-2.879999999999999893e+00,7.763369679450988770e-01
3.024442211007517756e+01,-7.200000000000000000e+01,-2.879999999999999893e+00,7.763234972953796387e-01
3.026110408586672307e+01,-7.200000000000000000e+01,-2.879999999999999893e+00,7.758055329322814941e-01
3.027778606165827213e+01,-7.200000000000000000e+01,-2.879999999999999893e+00,7.754973769187927246e-01
3.029446803744981764e+01,-7.200000000000000000e+01,-2.879999999999999893e+00,7.749777436256408691e-01
3.031115001324136671e+01,-7.200000000000000000e+01,-2.879999999999999893e+00,7.746699452400207520e-01
3.032783198903291222e+01,-7.200000000000000000e+01,-2.879999999999999893e+00,7.744925022125244141e-01
3.034451396482446128e+01,-7.200000000000000000e+01,-2.879999999999999893e+00,7.744837403297424316e-01
3.036119594061600679e+01,-7.200000000000000000e+01,-2.879999999999999893e+00,7.749412059783935547e-01
3.037787791640755586e+01,-7.200000000000000000e+01,-2.879999999999999893e+00,7.737325429916381836e-01
3.039455989219910137e+01,-7.200000000000000000e+01,-2.879999999999999893e+00,7.735440135002136230e-01
3.041124186799065043e+01,-7.100000000000000000e+01,-2.839999999999999858e+00,7.730993032455444336e-01
3.042792384378219595e+01,-7.100000000000000000e+01,-2.839999999999999858e+00,7.715870738029479980e-01
3.044460581957374501e+01,-7.100000000000000000e+01,-2.839999999999999858e+00,7.711697220802307129e-01
3.046128779536529052e+01,-7.300000000000000000e+01,-2.919999999999999929e+00,7.726444005966186523e-01
3.047796977115683958e+01,-7.300000000000000000e+01,-2.919999999999999929e+00,7.727873921394348145e-01
3.049465174694838510e+01,-7.300000000000000000e+01,-2.919999999999999929e+00,7.752308249473571777e-01
3.051133372273993416e+01,-7.300000000000000000e+01,-2.919999999999999929e+00,7.747182846069335938e-01
3.052801569853147967e+01,-7.300000000000000000e+01,-2.919999999999999929e+00,7.743336558341979980e-01
3.054469767432302874e+01,-7.300000000000000000e+01,-2.919999999999999929e+00,7.746857404708862305e-01
3.056137965011457425e+01,-7.300000000000000000e+01,-2.919999999999999929e+00,7.746666073799133301e-01
3.057806162590611976e+01,-7.300000000000000000e+01,-2.919999999999999929e+00,7.732374072074890137e-01
3.059474360169766882e+01,-7.300000000000000000e+01,-2.919999999999999929e+00,7.726959586143493652e-01
3.061142557748921433e+01,-7.300000000000000000e+01,-2.919999999999999929e+00,7.723305225372314453e-01
3.062810755328076340e+01,-7.300000000000000000e+01,-2.919999999999999929e+00,7.691937088966369629e-01
3.064478952907230891e+01,-7.300000000000000000e+01,-2.919999999999999929e+00,7.680772542953491211e-01
3.066147150486385797e+01,-7.300000000000000000e+01,-2.919999999999999929e+00,7.708481550216674805e-01
3.067815348065540348e+01,-7.300000000000000000e+01,-2.919999999999999929e+00,7.715760469436645508e-01
3.069483545644695255e+01,-7.300000000000000000e+01,-2.919999999999999929e+00,7.704739570617675781e-01
3.071151743223849806e+01,-7.300000000000000000e+01,-2.919999999999999929e+00,7.691252231597900391e-01
3.072819940803004712e+01,-7.300000000000000000e+01,-2.919999999999999929e+00,7.702593803405761719e-01
3.074488138382159264e+01,-7.300000000000000000e+01,-2.919999999999999929e+00,7.691998481750488281e-01
3.076156335961314170e+01,-7.300000000000000000e+01,-2.919999999999999929e+00,7.665792703628540039e-01
3.077824533540468721e+01,-7.300000000000000000e+01,-2.919999999999999929e+00,7.657856941223144531e-01
3.079492731119623627e+01,-7.300000000000000000e+01,-2.919999999999999929e+00,7.669416069984436035e-01
3.081160928698778179e+01,-7.100000000000000000e+01,-2.839999999999999858e+00,7.665048837661743164e-01
3.082829126277933085e+01,-7.200000000000000000e+01,-2.879999999999999893e+00,7.665172219276428223e-01
3.084497323857087636e+01,-7.300000000000000000e+01,-2.919999999999999929e+00,7.692515254020690918e-01
3.086165521436242543e+01,-7.300000000000000000e+01,-2.919999999999999929e+00,7.750962972640991211e-01
3.087833719015397094e+01,-7.300000000000000000e+01,-2.919999999999999929e+00,7.744649648666381836e-01
3.089501916594552000e+01,-7.300000000000000000e+01,-2.919999999999999929e+00,7.738705277442932129e-01
3.091170114173706551e+01,-7.300000000000000000e+01,-2.919999999999999929e+00,7.743699550628662109e-01
3.092838311752861458e+01,-7.300000000000000000e+01,-2.919999999999999929e+00,7.737406492233276367e-01
3.094506509332016009e+01,-7.300000000000000000e+01,-2.919999999999999929e+00,7.705336809158325195e-01
3.096174706911170915e+01,-7.300000000000000000e+01,-2.919999999999999929e+00,7.708600163459777832e-01
3.097842904490325466e+01,-7.300000000000000000e+01,-2.919999999999999929e+00,7.712447643280029297e-01
3.099511102069480373e+01,-7.300000000000000000e+01,-2.919999999999999929e+00,7.709530591964721680e-01
3.101179299648634924e+01,-7.300000000000000000e+01,-2.919999999999999929e+00,7.673481106758117676e-01
3.102847497227789830e+01,-7.300000000000000000e+01,-2.919999999999999929e+00,7.665459513664245605e-01
3.104515694806944381e+01,-7.300000000000000000e+01,-2.919999999999999929e+00,7.661626338958740234e-01
3.106183892386099288e+01,-7.300000000000000000e+01,-2.919999999999999929e+00,7.655815482139587402e-01
3.107852089965253839e+01,-7.300000000000000000e+01,-2.919999999999999929e+00,7.663834691047668457e-01
3.109520287544408745e+01,-7.300000000000000000e+01,-2.919999999999999929e+00,7.670480012893676758e-01
3.111188485123563296e+01,-7.300000000000000000e+01,-2.919999999999999929e+00,7.664198279380798340e-01
3.112856682702718203e+01,-7.300000000000000000e+01,-2.919999999999999929e+00,7.662586569786071777e-01
3.114524880281872754e+01,-7.300000000000000000e+01,-2.919999999999999929e+00,7.661023736000061035e-01
3.116193077861027660e+01,-7.300000000000000000e+01,-2.919999999999999929e+00,7.662126421928405762e-01
3.117861275440182212e+01,-7.300000000000000000e+01,-2.919999999999999929e+00,7.644432783126831055e-01
3.119529473019337118e+01,-7.300000000000000000e+01,-2.919999999999999929e+00,7.641539573669433594e-01
3.121197670598491669e+01,-7.300000000000000000e+01,-2.919999999999999929e+00,7.666034698486328125e-01
3.122865868177646576e+01,-7.300000000000000000e+01,-2.919999999999999929e+00,7.643705010414123535e-01
3.124534065756801127e+01,-7.300000000000000000e+01,-2.919999999999999929e+00,7.642147541046142578e-01
3.126202263335956033e+01,-7.300000000000000000e+01,-2.919999999999999929e+00,7.673178911209106445e-01
3.127870460915110584e+01,-7.300000000000000000e+01,-2.919999999999999929e+00,7.730663418769836426e-01
3.129538658494265491e+01,-7.300000000000000000e+01,-2.919999999999999929e+00,7.722911834716796875e-01
3.131206856073420042e+01,-7.300000000000000000e+01,-2.919999999999999929e+00,7.723557353019714355e-01
3.132875053652574948e+01,-7.300000000000000000e+01,-2.919999999999999929e+00,7.747139930725097656e-01
3.134543251231729499e+01,-7.300000000000000000e+01,-2.919999999999999929e+00,7.748747467994689941e-01
3.136211448810884406e+01,-7.300000000000000000e+01,-2.919999999999999929e+00,7.726202011108398438e-01
3.137879646390038957e+01,-7.300000000000000000e+01,-2.919999999999999929e+00,7.704588770866394043e-01
3.139547843969193863e+01,-7.300000000000000000e+01,-2.919999999999999929e+00,7.718812823295593262e-01
3.141216041548348414e+01,-7.300000000000000000e+01,-2.919999999999999929e+00,7.734972238540649414e-01
3.142884239127503321e+01,-7.300000000000000000e+01,-2.919999999999999929e+00,7.723741531372070312e-01
3.144552436706657872e+01,-7.300000000000000000e+01,-2.919999999999999929e+00,7.717580795288085938e-01
3.146220634285812778e+01,-7.300000000000000000e+01,-2.919999999999999929e+00,7.741271853446960449e-01
3.147888831864967329e+01,-7.300000000000000000e+01,-2.919999999999999929e+00,7.784906029701232910e-01
3.149557029444122236e+01,-7.300000000000000000e+01,-2.919999999999999929e+00,7.773390412330627441e-01
3.151225227023276787e+01,-7.300000000000000000e+01,-2.919999999999999929e+00,7.770603299140930176e-01
3.152893424602431338e+01,-7.300000000000000000e+01,-2.919999999999999929e+00,7.770974040031433105e-01
3.154561622181586245e+01,-7.300000000000000000e+01,-2.919999999999999929e+00,7.765867710113525391e-01
3.156229819760740796e+01,-7.300000000000000000e+01,-2.919999999999999929e+00,7.751151919364929199e-01
3.157898017339895702e+01,-7.300000000000000000e+01,-2.919999999999999929e+00,7.737949490547180176e-01
3.159566214919050253e+01,-7.300000000000000000e+01,-2.919999999999999929e+00,7.759711146354675293e-01
3.161234412498205160e+01,-7.300000000000000000e+01,-2.919999999999999929e+00,7.763025760650634766e-01
3.162902610077359711e+01,-7.300000000000000000e+01,-2.919999999999999929e+00,7.768113613128662109e-01
3.164570807656514617e+01,-7.300000000000000000e+01,-2.919999999999999929e+00,7.778677344322204590e-01
3.166239005235669168e+01,-7.300000000000000000e+01,-2.919999999999999929e+00,7.778757214546203613e-01
3.167907202814824075e+01,-7.300000000000000000e+01,-2.919999999999999929e+00,7.779308557510375977e-01
3.169575400393978626e+01,-7.300000000000000000e+01,-2.919999999999999929e+00,7.787210345268249512e-01
3.171243597973133532e+01,-7.300000000000000000e+01,-2.919999999999999929e+00,7.753342390060424805e-01
3.172911795552288083e+01,-7.300000000000000000e+01,-2.919999999999999929e+00,7.751044631004333496e-01
3.174579993131442990e+01,-7.300000000000000000e+01,-2.919999999999999929e+00,7.777976393699645996e-01
3.176248190710597541e+01,-7.300000000000000000e+01,-2.919999999999999929e+00,7.774131894111633301e-01
3.177916388289752447e+01,-7.300000000000000000e+01,-2.919999999999999929e+00,7.742499709129333496e-01
3.179584585868906998e+01,-7.300000000000000000e+01,-2.919999999999999929e+00,7.730218172073364258e-01
3.181252783448061905e+01,-7.300000000000000000e+01,-2.919999999999999929e+00,7.752207517623901367e-01
3.182920981027216456e+01,-7.300000000000000000e+01,-2.919999999999999929e+00,7.766081094741821289e-01
3.184589178606371362e+01,-7.300000000000000000e+01,-2.919999999999999929e+00,7.761086821556091309e-01
3.186257376185525914e+01,-7.300000000000000000e+01,-2.919999999999999929e+00,7.764262557029724121e-01
3.187925573764680820e+01,-7.300000000000000000e+01,-2.919999999999999929e+00,7.792764306068420410e-01
3.189593771343835371e+01,-7.300000000000000000e+01,-2.919999999999999929e+00,7.807200551033020020e-01
3.191261968922990278e+01,-7.300000000000000000e+01,-2.919999999999999929e+00,7.803577184677124023e-01
3.192930166502144829e+01,-7.300000000000000000e+01,-2.919999999999999929e+00,7.800256609916687012e-01
3.194598364081299735e+01,-7.300000000000000000e+01,-2.919999999999999929e+00,7.812680006027221680e-01
3.196266561660454286e+01,-7.200000000000000000e+01,-2.879999999999999893e+00,7.805933952331542969e-01
3.197934759239609193e+01,-7.300000000000000000e+01,-2.919999999999999929e+00,7.804530262947082520e-01
3.199602956818763744e+01,-7.300000000000000000e+01,-2.919999999999999929e+00,7.803809642791748047e-01
3.201271154397918650e+01,-7.300000000000000000e+01,-2.919999999999999929e+00,7.804254889488220215e-01
3.202939351977073557e+01,-7.200000000000000000e+01,-2.879999999999999893e+00,7.793396711349487305e-01
3.204607549556227752e+01,-7.200000000000000000e+01,-2.879999999999999893e+00,7.788171768188476562e-01
3.206275747135382659e+01,-7.200000000000000000e+01,-2.879999999999999893e+00,7.785228490829467773e-01
3.207943944714537565e+01,-7.200000000000000000e+01,-2.879999999999999893e+00,7.773896455764770508e-01
3.209612142293692472e+01,-7.200000000000000000e+01,-2.879999999999999893e+00,7.776239514350891113e-01
3.211280339872846668e+01,-7.200000000000000000e+01,-2.879999999999999893e+00,7.784625887870788574e-01
3.212948537452001574e+01,-7.200000000000000000e+01,-2.879999999999999893e+00,7.781447172164916992e-01
3.214616735031156480e+01,-7.200000000000000000e+01,-2.879999999999999893e+00,7.779046297073364258e-01
3.216284932610311387e+01,-7.200000000000000000e+01,-2.879999999999999893e+00,7.772316932678222656e-01
3.217953130189465583e+01,-7.200000000000000000e+01,-2.879999999999999893e+00,7.770019769668579102e-01
3.219621327768620489e+01,-7.200000000000000000e+01,-2.879999999999999893e+00,7.762823700904846191e-01
3.221289525347775395e+01,-7.200000000000000000e+01,-2.879999999999999893e+00,7.739755511283874512e-01
3.222957722926930302e+01,-7.400000000000000000e+01,-2.959999999999999964e+00,7.804265618324279785e-01
3.224625920506084498e+01,-7.200000000000000000e+01,-2.879999999999999893e+00,7.755979895591735840e-01
3.226294118085239404e+01,-7.200000000000000000e+01,-2.879999999999999893e+00,7.771099209785461426e-01
3.227962315664394310e+01,-7.200000000000000000e+01,-2.879999999999999893e+00,7.774354815483093262e-01
3.229630513243549217e+01,-7.400000000000000000e+01,-2.959999999999999964e+00,7.754650712013244629e-01
3.231298710822703413e+01,-7.200000000000000000e+01,-2.879999999999999893e+00,7.758072018623352051e-01
3.232966908401858319e+01,-7.200000000000000000e+01,-2.879999999999999893e+00,7.780635952949523926e-01
3.234635105981013226e+01,-7.200000000000000000e+01,-2.879999999999999893e+00,7.777559161186218262e-01
3.236303303560168132e+01,-7.200000000000000000e+01,-2.879999999999999893e+00,7.764105796813964844e-01
3.237971501139322328e+01,-7.200000000000000000e+01,-2.879999999999999893e+00,7.764273881912231445e-01
3.239639698718477234e+01,-7.200000000000000000e+01,-2.879999999999999893e+00,7.764788269996643066e-01
3.241307896297632141e+01,-7.200000000000000000e+01,-2.879999999999999893e+00,7.772035598754882812e-01
3.242976093876787047e+01,-7.200000000000000000e+01,-2.879999999999999893e+00,7.769684791564941406e-01
3.244644291455941243e+01,-7.200000000000000000e+01,-2.879999999999999893e+00,7.767669558525085449e-01
3.246312489035096149e+01,-7.200000000000000000e+01,-2.879999999999999893e+00,7.775501608848571777e-01
3.247980686614251056e+01,-7.200000000000000000e+01,-2.879999999999999893e+00,7.777439355850219727e-01
3.249648884193405252e+01,-7.200000000000000000e+01,-2.879999999999999893e+00,7.776168584823608398e-01
3.251317081772560158e+01,-7.200000000000000000e+01,-2.879999999999999893e+00,7.770118117332458496e-01
3.252985279351715064e+01,-7.200000000000000000e+01,-2.879999999999999893e+00,7.772703766822814941e-01
3.254653476930869971e+01,-7.200000000000000000e+01,-2.879999999999999893e+00,7.772708535194396973e-01
3.256321674510024167e+01,-7.200000000000000000e+01,-2.879999999999999893e+00,7.769848108291625977e-01
3.257989872089179073e+01,-7.200000000000000000e+01,-2.879999999999999893e+00,7.769085168838500977e-01
3.259658069668333980e+01,-7.200000000000000000e+01,-2.879999999999999893e+00,7.764943242073059082e-01
3.261326267247488886e+01,-7.200000000000000000e+01,-2.879999999999999893e+00,7.763923406600952148e-01
3.262994464826643082e+01,-7.200000000000000000e+01,-2.879999999999999893e+00,7.770063281059265137e-01
3.264662662405797988e+01,-7.200000000000000000e+01,-2.879999999999999893e+00,7.765638828277587891e-01
3.266330859984952895e+01,-7.200000000000000000e+01,-2.879999999999999893e+00,7.764488458633422852e-01
3.267999057564107801e+01,-7.300000000000000000e+01,-2.919999999999999929e+00,7.766411900520324707e-01
3.269667255143261997e+01,-7.300000000000000000e+01,-2.919999999999999929e+00,7.780750989913940430e-01
3.271335452722416903e+01,-7.200000000000000000e+01,-2.879999999999999893e+00,7.777206301689147949e-01
3.273003650301571810e+01,-7.400000000000000000e+01,-2.959999999999999964e+00,7.757362723350524902e-01
3.274671847880726716e+01,-7.400000000000000000e+01,-2.959999999999999964e+00,7.755448222160339355e-01
3.276340045459880912e+01,-7.300000000000000000e+01,-2.919999999999999929e+00,7.785946130752563477e-01
3.278008243039035818e+01,-7.300000000000000000e+01,-2.919999999999999929e+00,7.789876461029052734e-01
3.279676440618190725e+01,-7.300000000000000000e+01,-2.919999999999999929e+00,7.780783772468566895e-01
3.281344638197345631e+01,-7.400000000000000000e+01,-2.959999999999999964e+00,7.745412588119506836e-01
3.283012835776499827e+01,-7.400000000000000000e+01,-2.959999999999999964e+00,7.799080014228820801e-01
3.284681033355654733e+01,-7.200000000000000000e+01,-2.879999999999999893e+00,7.746741771697998047e-01
3.286349230934809640e+01,-7.200000000000000000e+01,-2.879999999999999893e+00,7.754882574081420898e-01
3.288017428513964546e+01,-7.200000000000000000e+01,-2.879999999999999893e+00,7.748941183090209961e-01
3.289685626093118742e+01,-7.400000000000000000e+01,-2.959999999999999964e+00,7.814901471138000488e-01
3.291353823672273649e+01,-7.400000000000000000e+01,-2.959999999999999964e+00,7.861209511756896973e-01
3.293022021251428555e+01,-7.400000000000000000e+01,-2.959999999999999964e+00,7.805418968200683594e-01
3.294690218830583461e+01,-7.400000000000000000e+01,-2.959999999999999964e+00,7.785841226577758789e-01
3.296358416409737657e+01,-7.400000000000000000e+01,-2.959999999999999964e+00,7.800731062889099121e-01
3.298026613988892564e+01,-7.400000000000000000e+01,-2.959999999999999964e+00,7.804973721504211426e-01
3.299694811568047470e+01,-7.400000000000000000e+01,-2.959999999999999964e+00,7.807810902595520020e-01
3.301363009147202376e+01,-7.400000000000000000e+01,-2.959999999999999964e+00,7.757052183151245117e-01
3.303031206726356572e+01,-7.400000000000000000e+01,-2.959999999999999964e+00,7.740703225135803223e-01
3.304699404305511479e+01,-7.400000000000000000e+01,-2.959999999999999964e+00,7.760269641876220703e-01
3.306367601884666385e+01,-7.400000000000000000e+01,-2.959999999999999964e+00,7.763724327087402344e-01
3.308035799463821292e+01,-7.400000000000000000e+01,-2.959999999999999964e+00,7.767434716224670410e-01
3.309703997042975487e+01,-7.400000000000000000e+01,-2.959999999999999964e+00,7.764146924018859863e-01
3.311372194622130394e+01,-7.400000000000000000e+01,-2.959999999999999964e+00,7.756463289260864258e-01
3.313040392201285300e+01,-7.400000000000000000e+01,-2.959999999999999964e+00,7.755573391914367676e-01
3.314708589780440207e+01,-7.400000000000000000e+01,-2.959999999999999964e+00,7.790173888206481934e-01
3.316376787359594402e+01,-7.400000000000000000e+01,-2.959999999999999964e+00,7.786388993263244629e-01
3.318044984938749309e+01,-7.400000000000000000e+01,-2.959999999999999964e+00,7.779937386512756348e-01
3.319713182517904215e+01,-7.400000000000000000e+01,-2.959999999999999964e+00,7.774930000305175781e-01
3.321381380097059122e+01,-7.400000000000000000e+01,-2.959999999999999964e+00,7.735684514045715332e-01
3.323049577676213318e+01,-7.200000000000000000e+01,-2.879999999999999893e+00,7.733270525932312012e-01
3.324717775255368224e+01,-7.200000000000000000e+01,-2.879999999999999893e+00,7.739901542663574219e-01
3.326385972834523130e+01,-7.200000000000000000e+01,-2.879999999999999893e+00,7.734547853469848633e-01
3.328054170413678037e+01,-7.200000000000000000e+01,-2.879999999999999893e+00,7.735399007797241211e-01
3.329722367992832233e+01,-7.400000000000000000e+01,-2.959999999999999964e+00,7.735905647277832031e-01
3.331390565571987139e+01,-7.400000000000000000e+01,-2.959999999999999964e+00,7.756398320198059082e-01
3.333058763151142045e+01,-7.400000000000000000e+01,-2.959999999999999964e+00,7.778966426849365234e-01
3.334726960730296952e+01,-7.400000000000000000e+01,-2.959999999999999964e+00,7.803286910057067871e-01
3.336395158309451148e+01,-7.400000000000000000e+01,-2.959999999999999964e+00,7.789444923400878906e-01
3.338063355888606054e+01,-7.400000000000000000e+01,-2.959999999999999964e+00,7.784199714660644531e-01
3.339731553467760961e+01,-7.400000000000000000e+01,-2.959999999999999964e+00,7.743662595748901367e-01
3.341399751046915867e+01,-7.200000000000000000e+01,-2.879999999999999893e+00,7.732358574867248535e-01
3.343067948626070063e+01,-7.400000000000000000e+01,-2.959999999999999964e+00,7.737841606140136719e-01
3.344736146205224969e+01,-7.400000000000000000e+01,-2.959999999999999964e+00,7.735677361488342285e-01
3.346404343784379876e+01,-7.200000000000000000e+01,-2.879999999999999893e+00,7.752762436866760254e-01
3.348072541363534071e+01,-7.200000000000000000e+01,-2.879999999999999893e+00,7.770547866821289062e-01
3.349740738942688978e+01,-7.200000000000000000e+01,-2.879999999999999893e+00,7.769137620925903320e-01
3.351408936521843884e+01,-7.200000000000000000e+01,-2.879999999999999893e+00,7.747861146926879883e-01
3.353077134100998791e+01,-7.200000000000000000e+01,-2.879999999999999893e+00,7.755845189094543457e-01
3.354745331680152987e+01,-7.200000000000000000e+01,-2.879999999999999893e+00,7.752968668937683105e-01
3.356413529259307893e+01,-7.400000000000000000e+01,-2.959999999999999964e+00,7.757115960121154785e-01
3.358081726838462799e+01,-7.400000000000000000e+01,-2.959999999999999964e+00,7.798827290534973145e-01
3.359749924417617706e+01,-7.400000000000000000e+01,-2.959999999999999964e+00,7.755383849143981934e-01
3.361418121996771902e+01,-7.200000000000000000e+01,-2.879999999999999893e+00,7.746970653533935547e-01
3.363086319575926808e+01,-7.200000000000000000e+01,-2.879999999999999893e+00,7.753660678863525391e-01
3.364754517155081714e+01,-7.200000000000000000e+01,-2.879999999999999893e+00,7.756895422935485840e-01
3.366422714734236621e+01,-7.200000000000000000e+01,-2.879999999999999893e+00,7.753416299819946289e-01
3.368090912313390817e+01,-7.300000000000000000e+01,-2.919999999999999929e+00,7.760178446769714355e-01
3.369759109892545723e+01,-7.200000000000000000e+01,-2.879999999999999893e+00,7.760509848594665527e-01
3.371427307471700630e+01,-7.400000000000000000e+01,-2.959999999999999964e+00,7.780972719192504883e-01
3.373095505050855536e+01,-7.400000000000000000e+01,-2.959999999999999964e+00,7.863003015518188477e-01
3.374763702630009732e+01,-7.400000000000000000e+01,-2.959999999999999964e+00,7.838611006736755371e-01
3.376431900209164638e+01,-7.400000000000000000e+01,-2.959999999999999964e+00,7.810820937156677246e-01
3.378100097788319545e+01,-7.400000000000000000e+01,-2.959999999999999964e+00,7.799038290977478027e-01
3.379768295367474451e+01,-7.400000000000000000e+01,-2.959999999999999964e+00,7.797356843948364258e-01
3.381436492946628647e+01,-7.400000000000000000e+01,-2.959999999999999964e+00,7.772901058197021484e-01
3.383104690525783553e+01,-7.400000000000000000e+01,-2.959999999999999964e+00,7.751221656799316406e-01
3.384772888104938460e+01,-7.400000000000000000e+01,-2.959999999999999964e+00,7.758934497833251953e-01
3.386441085684093366e+01,-7.400000000000000000e+01,-2.959999999999999964e+00,7.757706046104431152e-01
3.388109283263247562e+01,-7.300000000000000000e+01,-2.919999999999999929e+00,7.738496661186218262e-01
3.389777480842402468e+01,-7.300000000000000000e+01,-2.919999999999999929e+00,7.745329141616821289e-01
3.391445678421557375e+01,-7.400000000000000000e+01,-2.959999999999999964e+00,7.750168442726135254e-01
3.393113876000712281e+01,-7.400000000000000000e+01,-2.959999999999999964e+00,7.816693782806396484e-01
3.394782073579866477e+01,-7.400000000000000000e+01,-2.959999999999999964e+00,7.804522514343261719e-01
3.396450271159021383e+01,-7.400000000000000000e+01,-2.959999999999999964e+00,7.774862647056579590e-01
3.398118468738176290e+01,-7.400000000000000000e+01,-2.959999999999999964e+00,7.756966948509216309e-01
3.399786666317331196e+01,-7.400000000000000000e+01,-2.959999999999999964e+00,7.778066992759704590e-01
3.401454863896485392e+01,-7.400000000000000000e+01,-2.959999999999999964e+00,7.771948575973510742e-01
3.403123061475640299e+01,-7.400000000000000000e+01,-2.959999999999999964e+00,7.763695716857910156e-01
3.404791259054795205e+01,-7.400000000000000000e+01,-2.959999999999999964e+00,7.772182822227478027e-01
3.406459456633950111e+01,-7.400000000000000000e+01,-2.959999999999999964e+00,7.789036631584167480e-01
3.408127654213104307e+01,-7.400000000000000000e+01,-2.959999999999999964e+00,7.748326063156127930e-01
3.409795851792259214e+01,-7.400000000000000000e+01,-2.959999999999999964e+00,7.744350433349609375e-01
3.411464049371414120e+01,-7.400000000000000000e+01,-2.959999999999999964e+00,7.743747234344482422e-01
3.413132246950569026e+01,-7.400000000000000000e+01,-2.959999999999999964e+00,7.778229713439941406e-01
3.414800444529723222e+01,-7.300000000000000000e+01,-2.919999999999999929e+00,7.744564414024353027e-01
3.416468642108878129e+01,-7.300000000000000000e+01,-2.919999999999999929e+00,7.780815958976745605e-01
3.418136839688033035e+01,-7.300000000000000000e+01,-2.919999999999999929e+00,7.778149247169494629e-01
3.419805037267187942e+01,-7.400000000000000000e+01,-2.959999999999999964e+00,7.763687372207641602e-01
3.421473234846342137e+01,-7.200000000000000000e+01,-2.879999999999999893e+00,7.752339839935302734e-01
3.423141432425497044e+01,-7.300000000000000000e+01,-2.919999999999999929e+00,7.764725685119628906e-01
3.424809630004651950e+01,-7.300000000000000000e+01,-2.919999999999999929e+00,7.771411538124084473e-01
3.426477827583806857e+01,-7.300000000000000000e+01,-2.919999999999999929e+00,7.763117551803588867e-01
3.428146025162961053e+01,-7.300000000000000000e+01,-2.919999999999999929e+00,7.768679857254028320e-01
3.429814222742115959e+01,-7.300000000000000000e+01,-2.919999999999999929e+00,7.775185108184814453e-01
3.431482420321270865e+01,-7.300000000000000000e+01,-2.919999999999999929e+00,7.773280143737792969e-01
3.433150617900425772e+01,-7.400000000000000000e+01,-2.959999999999999964e+00,7.788419127464294434e-01
3.434818815479579968e+01,-7.400000000000000000e+01,-2.959999999999999964e+00,7.843257188796997070e-01
3.436487013058734874e+01,-7.400000000000000000e+01,-2.959999999999999964e+00,7.839614748954772949e-01
3.438155210637889780e+01,-7.400000000000000000e+01,-2.959999999999999964e+00,7.834106683731079102e-01
3.439823408217043976e+01,-7.400000000000000000e+01,-2.959999999999999964e+00,7.834053635597229004e-01
3.441491605796198883e+01,-7.400000000000000000e+01,-2.959999999999999964e+00,7.837414741516113281e-01
3.443159803375353789e+01,-7.400000000000000000e+01,-2.959999999999999964e+00,7.827162146568298340e-01
3.444828000954508695e+01,-7.400000000000000000e+01,-2.959999999999999964e+00,7.794384360313415527e-01
3.446496198533662891e+01,-7.400000000000000000e+01,-2.959999999999999964e+00,7.812280654907226562e-01
3.448164396112817798e+01,-7.400000000000000000e+01,-2.959999999999999964e+00,7.836124897003173828e-01
3.449832593691972704e+01,-7.400000000000000000e+01,-2.959999999999999964e+00,7.782852649688720703e-01
3.451500791271127611e+01,-7.400000000000000000e+01,-2.959999999999999964e+00,7.780225276947021484e-01
3.453168988850281806e+01,-7.400000000000000000e+01,-2.959999999999999964e+00,7.791772484779357910e-01
3.454837186429436713e+01,-7.400000000000000000e+01,-2.959999999999999964e+00,7.809554338455200195e-01
3.456505384008591619e+01,-7.400000000000000000e+01,-2.959999999999999964e+00,7.777954936027526855e-01
3.458173581587746526e+01,-7.400000000000000000e+01,-2.959999999999999964e+00,7.760686874389648438e-01
3.459841779166900722e+01,-7.400000000000000000e+01,-2.959999999999999964e+00,7.779223918914794922e-01
3.461509976746055628e+01,-7.400000000000000000e+01,-2.959999999999999964e+00,7.832921147346496582e-01
3.463178174325210534e+01,-7.400000000000000000e+01,-2.959999999999999964e+00,7.802349328994750977e-01
3.464846371904365441e+01,-7.400000000000000000e+01,-2.959999999999999964e+00,7.795729637145996094e-01
3.466514569483519637e+01,-7.400000000000000000e+01,-2.959999999999999964e+00,7.814249992370605469e-01
3.468182767062674543e+01,-7.400000000000000000e+01,-2.959999999999999964e+00,7.902331352233886719e-01
3.469850964641829449e+01,-7.400000000000000000e+01,-2.959999999999999964e+00,7.887012958526611328e-01
3.471519162220984356e+01,-7.400000000000000000e+01,-2.959999999999999964e+00,7.833146452903747559e-01
3.473187359800138552e+01,-7.400000000000000000e+01,-2.959999999999999964e+00,7.817369103431701660e-01
3.474855557379293458e+01,-7.400000000000000000e+01,-2.959999999999999964e+00,7.838425636291503906e-01
3.476523754958448365e+01,-7.400000000000000000e+01,-2.959999999999999964e+00,7.907838225364685059e-01
3.478191952537603271e+01,-7.400000000000000000e+01,-2.959999999999999964e+00,7.879902720451354980e-01
3.479860150116757467e+01,-7.400000000000000000e+01,-2.959999999999999964e+00,7.845404148101806641e-01
3.481528347695912373e+01,-7.400000000000000000e+01,-2.959999999999999964e+00,7.842757105827331543e-01
3.483196545275067280e+01,-7.400000000000000000e+01,-2.959999999999999964e+00,7.879533171653747559e-01
3.484864742854222186e+01,-7.400000000000000000e+01,-2.959999999999999964e+00,7.885836958885192871e-01
3.486532940433376382e+01,-7.400000000000000000e+01,-2.959999999999999964e+00,7.865794897079467773e-01
3.488201138012531288e+01,-7.400000000000000000e+01,-2.959999999999999964e+00,7.862980365753173828e-01
3.489869335591686195e+01,-7.400000000000000000e+01,-2.959999999999999964e+00,7.877185940742492676e-01
3.491537533170841101e+01,-7.400000000000000000e+01,-2.959999999999999964e+00,7.878103852272033691e-01
3.493205730749995297e+01,-7.400000000000000000e+01,-2.959999999999999964e+00,7.853283286094665527e-01
3.494873928329150203e+01,-7.400000000000000000e+01,-2.959999999999999964e+00,7.851216793060302734e-01
3.496542125908305110e+01,-7.400000000000000000e+01,-2.959999999999999964e+00,7.866841554641723633e-01
3.498210323487460016e+01,-7.400000000000000000e+01,-2.959999999999999964e+00,7.873156666755676270e-01
3.499878521066614212e+01,-7.400000000000000000e+01,-2.959999999999999964e+00,7.845144867897033691e-01
3.501546718645769118e+01,-7.400000000000000000e+01,-2.959999999999999964e+00,7.836378216743469238e-01
3.503214916224924025e+01,-7.400000000000000000e+01,-2.959999999999999964e+00,7.839972972869873047e-01
3.504883113804078931e+01,-7.400000000000000000e+01,-2.959999999999999964e+00,7.830887436866760254e-01
3.506551311383233127e+01,-7.400000000000000000e+01,-2.959999999999999964e+00,7.807433605194091797e-01
3.508219508962388034e+01,-7.400000000000000000e+01,-2.959999999999999964e+00,7.812336087226867676e-01
3.509887706541542940e+01,-7.400000000000000000e+01,-2.959999999999999964e+00,7.817249894142150879e-01
3.511555904120697846e+01,-7.400000000000000000e+01,-2.959999999999999964e+00,7.776793837547302246e-01
3.513224101699852042e+01,-7.400000000000000000e+01,-2.959999999999999964e+00,7.772505283355712891e-01
3.514892299279006949e+01,-7.400000000000000000e+01,-2.959999999999999964e+00,7.777296900749206543e-01
3.516560496858161855e+01,-7.400000000000000000e+01,-2.959999999999999964e+00,7.816109061241149902e-01
3.518228694437316761e+01,-7.400000000000000000e+01,-2.959999999999999964e+00,7.816973328590393066e-01
3.519896892016470957e+01,-7.400000000000000000e+01,-2.959999999999999964e+00,7.801579236984252930e-01
3.521565089595625864e+01,-7.400000000000000000e+01,-2.959999999999999964e+00,7.798151373863220215e-01
3.523233287174780770e+01,-7.400000000000000000e+01,-2.959999999999999964e+00,7.804971933364868164e-01
3.524901484753935677e+01,-7.400000000000000000e+01,-2.959999999999999964e+00,7.797682285308837891e-01
3.526569682333089872e+01,-7.400000000000000000e+01,-2.959999999999999964e+00,7.779347300529479980e-01
3.528237879912244779e+01,-7.400000000000000000e+01,-2.959999999999999964e+00,7.766677737236022949e-01
3.529906077491399685e+01,-7.400000000000000000e+01,-2.959999999999999964e+00,7.793066501617431641e-01
3.531574275070554592e+01,-7.400000000000000000e+01,-2.959999999999999964e+00,7.834020256996154785e-01
3.533242472649708787e+01,-7.400000000000000000e+01,-2.959999999999999964e+00,7.822606563568115234e-01
3.534910670228863694e+01,-7.400000000000000000e+01,-2.959999999999999964e+00,7.785609364509582520e-01
3.536578867808018600e+01,-7.400000000000000000e+01,-2.959999999999999964e+00,7.775631546974182129e-01
3.538247065387172796e+01,-7.400000000000000000e+01,-2.959999999999999964e+00,7.779666185379028320e-01
3.539915262966327703e+01,-7.400000000000000000e+01,-2.959999999999999964e+00,7.781202793121337891e-01
3.541583460545482609e+01,-7.300000000000000000e+01,-2.919999999999999929e+00,7.744233608245849609e-01
3.543251658124637515e+01,-7.300000000000000000e+01,-2.919999999999999929e+00,7.750672698020935059e-01
3.544919855703791711e+01,-7.400000000000000000e+01,-2.959999999999999964e+00,7.748607397079467773e-01
3.546588053282946618e+01,-7.400000000000000000e+01,-2.959999999999999964e+00,7.789932489395141602e-01
3.548256250862101524e+01,-7.400000000000000000e+01,-2.959999999999999964e+00,7.785724997520446777e-01
3.549924448441256430e+01,-7.400000000000000000e+01,-2.959999999999999964e+00,7.783070206642150879e-01
3.551592646020410626e+01,-7.400000000000000000e+01,-2.959999999999999964e+00,7.786607742309570312e-01
3.553260843599565533e+01,-7.400000000000000000e+01,-2.959999999999999964e+00,7.782566547393798828e-01
3.554929041178720439e+01,-7.400000000000000000e+01,-2.959999999999999964e+00,7.782884240150451660e-01
3.556597238757875346e+01,-7.400000000000000000e+01,-2.959999999999999964e+00,7.779344320297241211e-01
3.558265436337029541e+01,-7.400000000000000000e+01,-2.959999999999999964e+00,7.743369340896606445e-01
3.559933633916184448e+01,-7.300000000000000000e+01,-2.919999999999999929e+00,7.745008468627929688e-01
3.561601831495339354e+01,-7.400000000000000000e+01,-2.959999999999999964e+00,7.744356989860534668e-01
3.563270029074494261e+01,-7.400000000000000000e+01,-2.959999999999999964e+00,7.753077149391174316e-01
3.564938226653648456e+01,-7.400000000000000000e+01,-2.959999999999999964e+00,7.745336294174194336e-01
3.566606424232803363e+01,-7.400000000000000000e+01,-2.959999999999999964e+00,7.742830514907836914e-01
3.568274621811958269e+01,-7.400000000000000000e+01,-2.959999999999999964e+00,7.772797346115112305e-01
3.569942819391113176e+01,-7.400000000000000000e+01,-2.959999999999999964e+00,7.779993414878845215e-01
3.571611016970267372e+01,-7.400000000000000000e+01,-2.959999999999999964e+00,7.785840630531311035e-01
3.573279214549422278e+01,-7.400000000000000000e+01,-2.959999999999999964e+00,7.777513861656188965e-01
3.574947412128577184e+01,-7.400000000000000000e+01,-2.959999999999999964e+00,7.774029970169067383e-01
3.576615609707732091e+01,-7.400000000000000000e+01,-2.959999999999999964e+00,7.771179676055908203e-01
3.578283807286886287e+01,-7.300000000000000000e+01,-2.919999999999999929e+00,7.737435102462768555e-01
3.579952004866041193e+01,-7.300000000000000000e+01,-2.919999999999999929e+00,7.778226137161254883e-01
3.581620202445196099e+01,-7.300000000000000000e+01,-2.919999999999999929e+00,7.778133749961853027e-01
3.583288400024351006e+01,-7.300000000000000000e+01,-2.919999999999999929e+00,7.786573767662048340e-01
3.584956597603505202e+01,-7.300000000000000000e+01,-2.919999999999999929e+00,7.783192396163940430e-01
3.586624795182660108e+01,-7.300000000000000000e+01,-2.919999999999999929e+00,7.792243957519531250e-01
3.588292992761815015e+01,-7.300000000000000000e+01,-2.919999999999999929e+00,7.791056632995605469e-01
3.589961190340969921e+01,-7.300000000000000000e+01,-2.919999999999999929e+00,7.763397693634033203e-01
3.591629387920124117e+01,-7.300000000000000000e+01,-2.919999999999999929e+00,7.756893634796142578e-01
3.593297585499279023e+01,-7.300000000000000000e+01,-2.919999999999999929e+00,7.753847837448120117e-01
3.594965783078433930e+01,-7.300000000000000000e+01,-2.919999999999999929e+00,7.752224206924438477e-01
3.596633980657588836e+01,-7.400000000000000000e+01,-2.959999999999999964e+00,7.755592465400695801e-01
3.598302178236743032e+01,-7.400000000000000000e+01,-2.959999999999999964e+00,7.736164927482604980e-01
3.599970375815897938e+01,-7.300000000000000000e+01,-2.919999999999999929e+00,7.737950682640075684e-01
3.601638573395052845e+01,-7.300000000000000000e+01,-2.919999999999999929e+00,7.738826274871826172e-01
3.603306770974207751e+01,-7.300000000000000000e+01,-2.919999999999999929e+00,7.747778296470642090e-01
3.604974968553361947e+01,-7.300000000000000000e+01,-2.919999999999999929e+00,7.807866930961608887e-01
3.606643166132516853e+01,-7.300000000000000000e+01,-2.919999999999999929e+00,7.808800935745239258e-01
3.608311363711671760e+01,-7.300000000000000000e+01,-2.919999999999999929e+00,7.810361981391906738e-01
3.609979561290826666e+01,-7.300000000000000000e+01,-2.919999999999999929e+00,7.802920937538146973e-01
3.611647758869980862e+01,-7.300000000000000000e+01,-2.919999999999999929e+00,7.800374627113342285e-01
3.613315956449135768e+01,-7.300000000000000000e+01,-2.919999999999999929e+00,7.796467542648315430e-01
3.614984154028290675e+01,-7.300000000000000000e+01,-2.919999999999999929e+00,7.802101969718933105e-01
3.616652351607445581e+01,-7.300000000000000000e+01,-2.919999999999999929e+00,7.800534367561340332e-01
3.618320549186599777e+01,-7.400000000000000000e+01,-2.959999999999999964e+00,7.791125774383544922e-01
3.619988746765754684e+01,-7.400000000000000000e+01,-2.959999999999999964e+00,7.790495157241821289e-01
3.621656944344909590e+01,-7.400000000000000000e+01,-2.959999999999999964e+00,7.770174145698547363e-01
3.623325141924064496e+01,-7.400000000000000000e+01,-2.959999999999999964e+00,7.771173119544982910e-01
3.624993339503218692e+01,-7.400000000000000000e+01,-2.959999999999999964e+00,7.802787423133850098e-01
3.626661537082373599e+01,-7.400000000000000000e+01,-2.959999999999999964e+00,7.810897231101989746e-01
3.628329734661528505e+01,-7.400000000000000000e+01,-2.959999999999999964e+00,7.794000506401062012e-01
3.629997932240682701e+01,-7.400000000000000000e+01,-2.959999999999999964e+00,7.801454663276672363e-01
3.631666129819837607e+01,-7.400000000000000000e+01,-2.959999999999999964e+00,7.829963564872741699e-01
3.633334327398992514e+01,-7.400000000000000000e+01,-2.959999999999999964e+00,7.897397279739379883e-01
3.635002524978147420e+01,-7.400000000000000000e+01,-2.959999999999999964e+00,7.868867516517639160e-01
3.636670722557301616e+01,-7.400000000000000000e+01,-2.959999999999999964e+00,7.782687544822692871e-01
3.638338920136456522e+01,-7.400000000000000000e+01,-2.959999999999999964e+00,7.758758664131164551e-01
3.640007117715611429e+01,-7.400000000000000000e+01,-2.959999999999999964e+00,7.783960700035095215e-01
3.641675315294766335e+01,-7.400000000000000000e+01,-2.959999999999999964e+00,7.842201590538024902e-01
3.643343512873920531e+01,-7.400000000000000000e+01,-2.959999999999999964e+00,7.835124135017395020e-01
3.645011710453075437e+01,-7.400000000000000000e+01,-2.959999999999999964e+00,7.790926694869995117e-01
3.646679908032230344e+01,-7.400000000000000000e+01,-2.959999999999999964e+00,7.784805893898010254e-01
3.648348105611385250e+01,-7.400000000000000000e+01,-2.959999999999999964e+00,7.791433334350585938e-01
3.650016303190539446e+01,-7.400000000000000000e+01,-2.959999999999999964e+00,7.853062152862548828e-01
3.651684500769694353e+01,-7.400000000000000000e+01,-2.959999999999999964e+00,7.860149741172790527e-01
3.653352698348849259e+01,-7.400000000000000000e+01,-2.959999999999999964e+00,7.861427068710327148e-01
3.655020895928004165e+01,-7.400000000000000000e+01,-2.959999999999999964e+00,7.871894240379333496e-01
3.656689093507158361e+01,-7.400000000000000000e+01,-2.959999999999999964e+00,7.869087457656860352e-01
3.658357291086313268e+01,-7.400000000000000000e+01,-2.959999999999999964e+00,7.852480411529541016e-01
3.660025488665468174e+01,-7.400000000000000000e+01,-2.959999999999999964e+00,7.851537466049194336e-01
3.661693686244623080e+01,-7.400000000000000000e+01,-2.959999999999999964e+00,7.836707830429077148e-01
3.663361883823777276e+01,-7.400000000000000000e+01,-2.959999999999999964e+00,7.818197011947631836e-01
3.665030081402932183e+01,-7.400000000000000000e+01,-2.959999999999999964e+00,7.823495268821716309e-01
3.666698278982087089e+01,-7.400000000000000000e+01,-2.959999999999999964e+00,7.840867638587951660e-01
3.668366476561241996e+01,-7.400000000000000000e+01,-2.959999999999999964e+00,7.850308418273925781e-01
3.670034674140396191e+01,-7.400000000000000000e+01,-2.959999999999999964e+00,7.844399213790893555e-01
3.671702871719551098e+01,-7.400000000000000000e+01,-2.959999999999999964e+00,7.860775589942932129e-01
3.673371069298706004e+01,-7.400000000000000000e+01,-2.959999999999999964e+00,7.861446738243103027e-01
3.675039266877860911e+01,-7.400000000000000000e+01,-2.959999999999999964e+00,7.876011729240417480e-01
3.676707464457015107e+01,-7.400000000000000000e+01,-2.959999999999999964e+00,7.862969040870666504e-01
3.678375662036170013e+01,-7.400000000000000000e+01,-2.959999999999999964e+00,7.843536138534545898e-01
3.680043859615324919e+01,-7.400000000000000000e+01,-2.959999999999999964e+00,7.845184206962585449e-01
3.681712057194479826e+01,-7.400000000000000000e+01,-2.959999999999999964e+00,7.885922789573669434e-01
3.683380254773634022e+01,-7.400000000000000000e+01,-2.959999999999999964e+00,7.888767719268798828e-01
3.685048452352788928e+01,-7.400000000000000000e+01,-2.959999999999999964e+00,7.889991402626037598e-01
3.686716649931943834e+01,-7.400000000000000000e+01,-2.959999999999999964e+00,7.899047136306762695e-01
3.688384847511098741e+01,-7.400000000000000000e+01,-2.959999999999999964e+00,7.920891642570495605e-01
3.690053045090252937e+01,-7.400000000000000000e+01,-2.959999999999999964e+00,7.909657359123229980e-01
3.691721242669407843e+01,-7.400000000000000000e+01,-2.959999999999999964e+00,7.901876568794250488e-01
3.693389440248562750e+01,-7.400000000000000000e+01,-2.959999999999999964e+00,7.904221415519714355e-01
3.695057637827717656e+01,-7.400000000000000000e+01,-2.959999999999999964e+00,7.905703186988830566e-01
3.696725835406871852e+01,-7.400000000000000000e+01,-2.959999999999999964e+00,7.870590686798095703e-01
3.698394032986026758e+01,-7.400000000000000000e+01,-2.959999999999999964e+00,7.833346128463745117e-01
3.700062230565181665e+01,-7.400000000000000000e+01,-2.959999999999999964e+00,7.831217050552368164e-01
3.701730428144336571e+01,-7.400000000000000000e+01,-2.959999999999999964e+00,7.853839397430419922e-01
3.703398625723490767e+01,-7.400000000000000000e+01,-2.959999999999999964e+00,7.859957218170166016e-01
3.705066823302645673e+01,-7.400000000000000000e+01,-2.959999999999999964e+00,7.843118906021118164e-01
3.706735020881800580e+01,-7.400000000000000000e+01,-2.959999999999999964e+00,7.834653854370117188e-01
3.708403218460955486e+01,-7.400000000000000000e+01,-2.959999999999999964e+00,7.850064039230346680e-01
3.710071416040109682e+01,-7.400000000000000000e+01,-2.959999999999999964e+00,7.897924184799194336e-01
3.711739613619264588e+01,-7.400000000000000000e+01,-2.959999999999999964e+00,7.898016571998596191e-01
3.713407811198419495e+01,-7.400000000000000000e+01,-2.959999999999999964e+00,7.890547513961791992e-01
3.715076008777574401e+01,-7.400000000000000000e+01,-2.959999999999999964e+00,7.888725399971008301e-01
3.716744206356728597e+01,-7.400000000000000000e+01,-2.959999999999999964e+00,7.893002033233642578e-01
3.718412403935883503e+01,-7.400000000000000000e+01,-2.959999999999999964e+00,7.881237268447875977e-01
3.720080601515038410e+01,-7.400000000000000000e+01,-2.959999999999999964e+00,7.874324321746826172e-01
3.721748799094193316e+01,-7.400000000000000000e+01,-2.959999999999999964e+00,7.873491644859313965e-01
3.723416996673347512e+01,-7.400000000000000000e+01,-2.959999999999999964e+00,7.898167371749877930e-01
3.725085194252502419e+01,-7.400000000000000000e+01,-2.959999999999999964e+00,7.889495491981506348e-01
3.726753391831657325e+01,-7.400000000000000000e+01,-2.959999999999999964e+00,7.882969975471496582e-01
3.728421589410811521e+01,-7.400000000000000000e+01,-2.959999999999999964e+00,7.874076962471008301e-01
3.730089786989966427e+01,-7.400000000000000000e+01,-2.959999999999999964e+00,7.870295643806457520e-01
3.731757984569121334e+01,-7.400000000000000000e+01,-2.959999999999999964e+00,7.872075438499450684e-01
3.733426182148276240e+01,-7.400000000000000000e+01,-2.959999999999999964e+00,7.889584302902221680e-01
3.735094379727430436e+01,-7.400000000000000000e+01,-2.959999999999999964e+00,7.884837388992309570e-01
3.736762577306585342e+01,-7.400000000000000000e+01,-2.959999999999999964e+00,7.884680628776550293e-01
3.738430774885740249e+01,-7.400000000000000000e+01,-2.959999999999999964e+00,7.877779006958007812e-01
3.740098972464895155e+01,-7.300000000000000000e+01,-2.919999999999999929e+00,7.886773347854614258e-01
3.741767170044049351e+01,-7.200000000000000000e+01,-2.879999999999999893e+00,7.884167432785034180e-01
3.743435367623204257e+01,-7.400000000000000000e+01,-2.959999999999999964e+00,7.881708145141601562e-01
3.745103565202359164e+01,-7.400000000000000000e+01,-2.959999999999999964e+00,7.884033918380737305e-01
3.746771762781514070e+01,-7.200000000000000000e+01,-2.879999999999999893e+00,7.867907881736755371e-01
3.748439960360668266e+01,-7.500000000000000000e+01,-3.000000000000000000e+00,7.892112731933593750e-01
3.750108157939823172e+01,-7.500000000000000000e+01,-3.000000000000000000e+00,7.873991131782531738e-01
3.751776355518978079e+01,-7.500000000000000000e+01,-3.000000000000000000e+00,7.867006659507751465e-01
3.753444553098132985e+01,-7.500000000000000000e+01,-3.000000000000000000e+00,7.861994504928588867e-01
3.755112750677287181e+01,-7.500000000000000000e+01,-3.000000000000000000e+00,7.846086025238037109e-01
3.756780948256442088e+01,-7.300000000000000000e+01,-2.919999999999999929e+00,7.842353582382202148e-01
3.758449145835596994e+01,-7.300000000000000000e+01,-2.919999999999999929e+00,7.852991223335266113e-01
3.760117343414751900e+01,-7.300000000000000000e+01,-2.919999999999999929e+00,7.869822978973388672e-01
3.761785540993906096e+01,-7.400000000000000000e+01,-2.959999999999999964e+00,7.885488867759704590e-01
3.763453738573061003e+01,-7.400000000000000000e+01,-2.959999999999999964e+00,7.888578772544860840e-01
3.765121936152215909e+01,-7.400000000000000000e+01,-2.959999999999999964e+00,7.893981337547302246e-01
3.766790133731370815e+01,-7.400000000000000000e+01,-2.959999999999999964e+00,7.884653210639953613e-01
3.768458331310525011e+01,-7.400000000000000000e+01,-2.959999999999999964e+00,7.884160876274108887e-01
3.770126528889679918e+01,-7.400000000000000000e+01,-2.959999999999999964e+00,7.891892194747924805e-01
3.771794726468834824e+01,-7.400000000000000000e+01,-2.959999999999999964e+00,7.875167131423950195e-01
3.773462924047989731e+01,-7.400000000000000000e+01,-2.959999999999999964e+00,7.876935005187988281e-01
3.775131121627143926e+01,-7.400000000000000000e+01,-2.959999999999999964e+00,7.874608635902404785e-01
3.776799319206298833e+01,-7.400000000000000000e+01,-2.959999999999999964e+00,7.883048057556152344e-01
3.778467516785453739e+01,-7.400000000000000000e+01,-2.959999999999999964e+00,7.884934544563293457e-01
3.780135714364608646e+01,-7.400000000000000000e+01,-2.959999999999999964e+00,7.896944284439086914e-01
3.781803911943762841e+01,-7.400000000000000000e+01,-2.959999999999999964e+00,7.894152402877807617e-01
3.783472109522917748e+01,-7.400000000000000000e+01,-2.959999999999999964e+00,7.883543372154235840e-01
3.785140307102072654e+01,-7.400000000000000000e+01,-2.959999999999999964e+00,7.874552011489868164e-01
3.786808504681227561e+01,-7.400000000000000000e+01,-2.959999999999999964e+00,7.849625349044799805e-01
3.788476702260381757e+01,-7.400000000000000000e+01,-2.959999999999999964e+00,7.810186147689819336e-01
3.790144899839536663e+01,-7.400000000000000000e+01,-2.959999999999999964e+00,7.816587090492248535e-01
3.791813097418691569e+01,-7.400000000000000000e+01,-2.959999999999999964e+00,7.834351062774658203e-01
3.793481294997846476e+01,-7.400000000000000000e+01,-2.959999999999999964e+00,7.841249108314514160e-01
3.795149492577000672e+01,-7.400000000000000000e+01,-2.959999999999999964e+00,7.843036055564880371e-01
3.796817690156155578e+01,-7.400000000000000000e+01,-2.959999999999999964e+00,7.842273116111755371e-01
3.798485887735310484e+01,-7.400000000000000000e+01,-2.959999999999999964e+00,7.840472459793090820e-01
3.800154085314465391e+01,-7.400000000000000000e+01,-2.959999999999999964e+00,7.838603854179382324e-01
3.801822282893619587e+01,-7.400000000000000000e+01,-2.959999999999999964e+00,7.838248610496520996e-01
3.803490480472774493e+01,-7.400000000000000000e+01,-2.959999999999999964e+00,7.814710736274719238e-01
3.805158678051929400e+01,-7.500000000000000000e+01,-3.000000000000000000e+00,7.815662622451782227e-01
3.806826875631084306e+01,-7.500000000000000000e+01,-3.000000000000000000e+00,7.813330292701721191e-01
3.808495073210238502e+01,-7.500000000000000000e+01,-3.000000000000000000e+00,7.823552489280700684e-01
3.810163270789393408e+01,-7.400000000000000000e+01,-2.959999999999999964e+00,7.883992195129394531e-01
3.811831468368548315e+01,-7.400000000000000000e+01,-2.959999999999999964e+00,7.886755466461181641e-01
3.813499665947703221e+01,-7.400000000000000000e+01,-2.959999999999999964e+00,7.887701392173767090e-01
3.815167863526857417e+01,-7.400000000000000000e+01,-2.959999999999999964e+00,7.882083058357238770e-01
3.816836061106012323e+01,-7.400000000000000000e+01,-2.959999999999999964e+00,7.879683375358581543e-01
3.818504258685167230e+01,-7.400000000000000000e+01,-2.959999999999999964e+00,7.876191735267639160e-01
3.820172456264321426e+01,-7.400000000000000000e+01,-2.959999999999999964e+00,7.877060174942016602e-01
3.821840653843476332e+01,-7.400000000000000000e+01,-2.959999999999999964e+00,7.889356613159179688e-01
3.823508851422631238e+01,-7.400000000000000000e+01,-2.959999999999999964e+00,7.893579602241516113e-01
3.825177049001786145e+01,-7.400000000000000000e+01,-2.959999999999999964e+00,7.903792262077331543e-01
3.826845246580940341e+01,-7.400000000000000000e+01,-2.959999999999999964e+00,7.890829443931579590e-01
3.828513444160095247e+01,-7.400000000000000000e+01,-2.959999999999999964e+00,7.876027226448059082e-01
3.830181641739250153e+01,-7.400000000000000000e+01,-2.959999999999999964e+00,7.881945371627807617e-01
3.831849839318405060e+01,-7.400000000000000000e+01,-2.959999999999999964e+00,7.884221673011779785e-01
3.833518036897559256e+01,-7.400000000000000000e+01,-2.959999999999999964e+00,7.886780500411987305e-01
3.835186234476714162e+01,-7.400000000000000000e+01,-2.959999999999999964e+00,7.884663939476013184e-01
3.836854432055869069e+01,-7.400000000000000000e+01,-2.959999999999999964e+00,7.877617478370666504e-01
3.838522629635023975e+01,-7.400000000000000000e+01,-2.959999999999999964e+00,7.866952419281005859e-01
3.840190827214178171e+01,-7.400000000000000000e+01,-2.959999999999999964e+00,7.877874970436096191e-01
3.841859024793333077e+01,-7.400000000000000000e+01,-2.959999999999999964e+00,7.873193621635437012e-01
3.843527222372487984e+01,-7.500000000000000000e+01,-3.000000000000000000e+00,7.833805680274963379e-01
3.845195419951642890e+01,-7.500000000000000000e+01,-3.000000000000000000e+00,7.792116403579711914e-01
3.846863617530797086e+01,-7.500000000000000000e+01,-3.000000000000000000e+00,7.803089022636413574e-01
3.848531815109951992e+01,-7.400000000000000000e+01,-2.959999999999999964e+00,7.848863005638122559e-01
3.850200012689106899e+01,-7.400000000000000000e+01,-2.959999999999999964e+00,7.850626111030578613e-01
3.851868210268261805e+01,-7.400000000000000000e+01,-2.959999999999999964e+00,7.849932312965393066e-01
3.853536407847416001e+01,-7.500000000000000000e+01,-3.000000000000000000e+00,7.848283648490905762e-01
3.855204605426570907e+01,-7.400000000000000000e+01,-2.959999999999999964e+00,7.902064323425292969e-01
3.856872803005725814e+01,-7.400000000000000000e+01,-2.959999999999999964e+00,7.900822162628173828e-01
3.858541000584880720e+01,-7.400000000000000000e+01,-2.959999999999999964e+00,7.893685102462768555e-01
3.860209198164034916e+01,-7.400000000000000000e+01,-2.959999999999999964e+00,7.878836989402770996e-01
3.861877395743189822e+01,-7.400000000000000000e+01,-2.959999999999999964e+00,7.878887653350830078e-01
3.863545593322344729e+01,-7.400000000000000000e+01,-2.959999999999999964e+00,7.877637743949890137e-01
3.865213790901499635e+01,-7.400000000000000000e+01,-2.959999999999999964e+00,7.880706191062927246e-01
3.866881988480653831e+01,-7.400000000000000000e+01,-2.959999999999999964e+00,7.895401716232299805e-01
3.868550186059808738e+01,-7.400000000000000000e+01,-2.959999999999999964e+00,7.885131239891052246e-01
3.870218383638963644e+01,-7.400000000000000000e+01,-2.959999999999999964e+00,7.875642776489257812e-01
3.871886581218118550e+01,-7.400000000000000000e+01,-2.959999999999999964e+00,7.868135571479797363e-01
3.873554778797272746e+01,-7.400000000000000000e+01,-2.959999999999999964e+00,7.862843871116638184e-01
3.875222976376427653e+01,-7.500000000000000000e+01,-3.000000000000000000e+00,7.850126028060913086e-01
3.876891173955582559e+01,-7.500000000000000000e+01,-3.000000000000000000e+00,7.848990559577941895e-01
3.878559371534737465e+01,-7.400000000000000000e+01,-2.959999999999999964e+00,7.889318466186523438e-01
3.880227569113891661e+01,-7.400000000000000000e+01,-2.959999999999999964e+00,7.889227867126464844e-01
3.881895766693046568e+01,-7.400000000000000000e+01,-2.959999999999999964e+00,7.889954447746276855e-01
3.883563964272201474e+01,-7.400000000000000000e+01,-2.959999999999999964e+00,7.871282696723937988e-01
3.885232161851356381e+01,-7.400000000000000000e+01,-2.959999999999999964e+00,7.868821620941162109e-01
3.886900359430510576e+01,-7.400000000000000000e+01,-2.959999999999999964e+00,7.884908318519592285e-01
3.888568557009665483e+01,-7.400000000000000000e+01,-2.959999999999999964e+00,7.907958626747131348e-01
3.890236754588820389e+01,-7.400000000000000000e+01,-2.959999999999999964e+00,7.872677445411682129e-01
3.891904952167975296e+01,-7.500000000000000000e+01,-3.000000000000000000e+00,7.828779220581054688e-01
3.893573149747129492e+01,-7.500000000000000000e+01,-3.000000000000000000e+00,7.815943360328674316e-01
3.895241347326284398e+01,-7.500000000000000000e+01,-3.000000000000000000e+00,7.821254730224609375e-01
3.896909544905439304e+01,-7.500000000000000000e+01,-3.000000000000000000e+00,7.822820544242858887e-01
3.898577742484594211e+01,-7.500000000000000000e+01,-3.000000000000000000e+00,7.785205841064453125e-01
3.900245940063748407e+01,-7.500000000000000000e+01,-3.000000000000000000e+00,7.791306376457214355e-01
3.901914137642903313e+01,-7.500000000000000000e+01,-3.000000000000000000e+00,7.859145998954772949e-01
3.903582335222058219e+01,-7.400000000000000000e+01,-2.959999999999999964e+00,7.920772433280944824e-01
3.905250532801213126e+01,-7.400000000000000000e+01,-2.959999999999999964e+00,7.879968881607055664e-01
3.906918730380367322e+01,-7.500000000000000000e+01,-3.000000000000000000e+00,7.862489819526672363e-01
3.908586927959522228e+01,-7.500000000000000000e+01,-3.000000000000000000e+00,7.856328487396240234e-01
3.910255125538677135e+01,-7.400000000000000000e+01,-2.959999999999999964e+00,7.863755226135253906e-01
3.911923323117832041e+01,-7.500000000000000000e+01,-3.000000000000000000e+00,7.867138981819152832e-01
3.913591520696986237e+01,-7.500000000000000000e+01,-3.000000000000000000e+00,7.868333458900451660e-01
3.915259718276141143e+01,-7.500000000000000000e+01,-3.000000000000000000e+00,7.870674133300781250e-01
3.916927915855296050e+01,-7.400000000000000000e+01,-2.959999999999999964e+00,7.873058915138244629e-01
3.918596113434450245e+01,-7.400000000000000000e+01,-2.959999999999999964e+00,7.874378561973571777e-01
3.920264311013605152e+01,-7.500000000000000000e+01,-3.000000000000000000e+00,7.851651310920715332e-01
3.921932508592760058e+01,-7.500000000000000000e+01,-3.000000000000000000e+00,7.846897840499877930e-01
3.923600706171914965e+01,-7.500000000000000000e+01,-3.000000000000000000e+00,7.839604020118713379e-01
3.925268903751069161e+01,-7.500000000000000000e+01,-3.000000000000000000e+00,7.852972745895385742e-01
3.926937101330224067e+01,-7.500000000000000000e+01,-3.000000000000000000e+00,7.850626707077026367e-01
3.928605298909378973e+01,-7.500000000000000000e+01,-3.000000000000000000e+00,7.845887541770935059e-01
3.930273496488533880e+01,-7.500000000000000000e+01,-3.000000000000000000e+00,7.855982184410095215e-01
3.931941694067688076e+01,-7.500000000000000000e+01,-3.000000000000000000e+00,7.857363224029541016e-01
3.933609891646842982e+01,-7.500000000000000000e+01,-3.000000000000000000e+00,7.859014272689819336e-01
3.935278089225997888e+01,-7.500000000000000000e+01,-3.000000000000000000e+00,7.864000201225280762e-01
3.936946286805152795e+01,-7.500000000000000000e+01,-3.000000000000000000e+00,7.854135632514953613e-01
3.938614484384306991e+01,-7.500000000000000000e+01,-3.000000000000000000e+00,7.851178050041198730e-01
3.940282681963461897e+01,-7.500000000000000000e+01,-3.000000000000000000e+00,7.852159738540649414e-01
3.941950879542616804e+01,-7.500000000000000000e+01,-3.000000000000000000e+00,7.877724766731262207e-01
3.943619077121771710e+01,-7.500000000000000000e+01,-3.000000000000000000e+00,7.874975800514221191e-01
3.945287274700925906e+01,-7.500000000000000000e+01,-3.000000000000000000e+00,7.888202667236328125e-01
3.946955472280080812e+01,-7.500000000000000000e+01,-3.000000000000000000e+00,7.896013259887695312e-01
3.948623669859235719e+01,-7.500000000000000000e+01,-3.000000000000000000e+00,7.896902561187744141e-01
3.950291867438390625e+01,-7.400000000000000000e+01,-2.959999999999999964e+00,7.894593477249145508e-01
3.951960065017544821e+01,-7.500000000000000000e+01,-3.000000000000000000e+00,7.899732589721679688e-01
3.953628262596699727e+01,-7.400000000000000000e+01,-2.959999999999999964e+00,7.904478311538696289e-01
3.955296460175854634e+01,-7.400000000000000000e+01,-2.959999999999999964e+00,7.911897897720336914e-01
3.956964657755009540e+01,-7.400000000000000000e+01,-2.959999999999999964e+00,7.912287712097167969e-01
3.958632855334163736e+01,-7.400000000000000000e+01,-2.959999999999999964e+00,7.912061810493469238e-01
3.960301052913318642e+01,-7.400000000000000000e+01,-2.959999999999999964e+00,7.907587885856628418e-01
3.961969250492473549e+01,-7.500000000000000000e+01,-3.000000000000000000e+00,7.889196276664733887e-01
3.963637448071628455e+01,-7.500000000000000000e+01,-3.000000000000000000e+00,7.893797159194946289e-01
3.965305645650782651e+01,-7.500000000000000000e+01,-3.000000000000000000e+00,7.896776199340820312e-01
3.966973843229937557e+01,-7.500000000000000000e+01,-3.000000000000000000e+00,7.890296578407287598e-01
3.968642040809092464e+01,-7.500000000000000000e+01,-3.000000000000000000e+00,7.901042103767395020e-01
3.970310238388247370e+01,-7.500000000000000000e+01,-3.000000000000000000e+00,7.898805737495422363e-01
3.971978435967401566e+01,-7.500000000000000000e+01,-3.000000000000000000e+00,7.898190021514892578e-01
3.973646633546556473e+01,-7.500000000000000000e+01,-3.000000000000000000e+00,7.901929616928100586e-01
3.975314831125711379e+01,-7.500000000000000000e+01,-3.000000000000000000e+00,7.886443734169006348e-01
3.976983028704866285e+01,-7.500000000000000000e+01,-3.000000000000000000e+00,7.887338399887084961e-01
3.978651226284020481e+01,-7.500000000000000000e+01,-3.000000000000000000e+00,7.926343083381652832e-01
3.980319423863175388e+01,-7.500000000000000000e+01,-3.000000000000000000e+00,7.920392751693725586e-01
3.981987621442330294e+01,-7.500000000000000000e+01,-3.000000000000000000e+00,7.887483239173889160e-01
3.983655819021485200e+01,-7.500000000000000000e+01,-3.000000000000000000e+00,7.886648774147033691e-01
3.985324016600639396e+01,-7.500000000000000000e+01,-3.000000000000000000e+00,7.920443415641784668e-01
3.986992214179794303e+01,-7.500000000000000000e+01,-3.000000000000000000e+00,7.914645075798034668e-01
3.988660411758949209e+01,-7.500000000000000000e+01,-3.000000000000000000e+00,7.890051603317260742e-01
3.990328609338104116e+01,-7.500000000000000000e+01,-3.000000000000000000e+00,7.897201180458068848e-01
3.991996806917258311e+01,-7.500000000000000000e+01,-3.000000000000000000e+00,7.915528416633605957e-01
3.993665004496413218e+01,-7.500000000000000000e+01,-3.000000000000000000e+00,7.894097566604614258e-01
3.995333202075568124e+01,-7.500000000000000000e+01,-3.000000000000000000e+00,7.829540371894836426e-01
3.997001399654723031e+01,-7.500000000000000000e+01,-3.000000000000000000e+00,7.820003032684326172e-01
3.998669597233877226e+01,-7.500000000000000000e+01,-3.000000000000000000e+00,7.859734892845153809e-01
4.000337794813032133e+01,-7.500000000000000000e+01,-3.000000000000000000e+00,7.928314208984375000e-01
4.002005992392187039e+01,-7.500000000000000000e+01,-3.000000000000000000e+00,7.858269214630126953e-01
4.003674189971341946e+01,-7.500000000000000000e+01,-3.000000000000000000e+00,7.785486578941345215e-01
4.005342387550496142e+01,-7.500000000000000000e+01,-3.000000000000000000e+00,7.792801260948181152e-01
4.007010585129651048e+01,-7.500000000000000000e+01,-3.000000000000000000e+00,7.820408940315246582e-01
4.008678782708805954e+01,-7.500000000000000000e+01,-3.000000000000000000e+00,7.824542522430419922e-01
4.010346980287960861e+01,-7.500000000000000000e+01,-3.000000000000000000e+00,7.818570733070373535e-01
4.012015177867115057e+01,-7.500000000000000000e+01,-3.000000000000000000e+00,7.841218113899230957e-01
4.013683375446269963e+01,-7.500000000000000000e+01,-3.000000000000000000e+00,7.930832505226135254e-01
4.015351573025424869e+01,-7.500000000000000000e+01,-3.000000000000000000e+00,7.871125936508178711e-01
4.017019770604579065e+01,-7.500000000000000000e+01,-3.000000000000000000e+00,7.811968326568603516e-01
4.018687968183733972e+01,-7.500000000000000000e+01,-3.000000000000000000e+00,7.801846265792846680e-01
4.020356165762888878e+01,-7.500000000000000000e+01,-3.000000000000000000e+00,7.846919894218444824e-01
4.022024363342043785e+01,-7.500000000000000000e+01,-3.000000000000000000e+00,7.859784960746765137e-01
4.023692560921197980e+01,-7.500000000000000000e+01,-3.000000000000000000e+00,7.780010104179382324e-01
4.025360758500352887e+01,-7.500000000000000000e+01,-3.000000000000000000e+00,7.776073813438415527e-01
4.027028956079507793e+01,-7.500000000000000000e+01,-3.000000000000000000e+00,7.816215157508850098e-01
4.028697153658662700e+01,-7.500000000000000000e+01,-3.000000000000000000e+00,7.835664153099060059e-01
4.030365351237816895e+01,-7.500000000000000000e+01,-3.000000000000000000e+00,7.780556678771972656e-01
4.032033548816971802e+01,-7.300000000000000000e+01,-2.919999999999999929e+00,7.772141098976135254e-01
4.033701746396126708e+01,-7.500000000000000000e+01,-3.000000000000000000e+00,7.786359190940856934e-01
4.035369943975281615e+01,-7.500000000000000000e+01,-3.000000000000000000e+00,7.818146944046020508e-01
4.037038141554435811e+01,-7.500000000000000000e+01,-3.000000000000000000e+00,7.814368009567260742e-01
4.038706339133590717e+01,-7.500000000000000000e+01,-3.000000000000000000e+00,7.822920680046081543e-01
4.040374536712745623e+01,-7.500000000000000000e+01,-3.000000000000000000e+00,7.878535389900207520e-01
4.042042734291900530e+01,-7.500000000000000000e+01,-3.000000000000000000e+00,7.892305850982666016e-01
4.043710931871054726e+01,-7.500000000000000000e+01,-3.000000000000000000e+00,7.875475287437438965e-01
4.045379129450209632e+01,-7.500000000000000000e+01,-3.000000000000000000e+00,7.867991328239440918e-01
4.047047327029364538e+01,-7.500000000000000000e+01,-3.000000000000000000e+00,7.883661389350891113e-01
4.048715524608519445e+01,-7.500000000000000000e+01,-3.000000000000000000e+00,7.853136062622070312e-01
4.050383722187673641e+01,-7.500000000000000000e+01,-3.000000000000000000e+00,7.834772467613220215e-01
4.052051919766828547e+01,-7.500000000000000000e+01,-3.000000000000000000e+00,7.845978736877441406e-01
4.053720117345983454e+01,-7.500000000000000000e+01,-3.000000000000000000e+00,7.841466069221496582e-01
4.055388314925138360e+01,-7.500000000000000000e+01,-3.000000000000000000e+00,7.844843864440917969e-01
4.057056512504292556e+01,-7.500000000000000000e+01,-3.000000000000000000e+00,7.859100699424743652e-01
4.058724710083447462e+01,-7.500000000000000000e+01,-3.000000000000000000e+00,7.858847975730895996e-01
4.060392907662602369e+01,-7.500000000000000000e+01,-3.000000000000000000e+00,7.885564565658569336e-01
4.062061105241757275e+01,-7.500000000000000000e+01,-3.000000000000000000e+00,7.879937887191772461e-01
4.063729302820911471e+01,-7.500000000000000000e+01,-3.000000000000000000e+00,7.880538702011108398e-01
4.065397500400066377e+01,-7.500000000000000000e+01,-3.000000000000000000e+00,7.882164120674133301e-01
4.067065697979221284e+01,-7.500000000000000000e+01,-3.000000000000000000e+00,7.870009541511535645e-01
4.068733895558376190e+01,-7.500000000000000000e+01,-3.000000000000000000e+00,7.856686711311340332e-01
4.070402093137530386e+01,-7.500000000000000000e+01,-3.000000000000000000e+00,7.852916717529296875e-01
4.072070290716685292e+01,-7.500000000000000000e+01,-3.000000000000000000e+00,7.849381566047668457e-01
4.073738488295840199e+01,-7.600000000000000000e+01,-3.040000000000000036e+00,7.798622250556945801e-01
4.075406685874995105e+01,-7.600000000000000000e+01,-3.040000000000000036e+00,7.792959809303283691e-01
4.077074883454149301e+01,-7.500000000000000000e+01,-3.000000000000000000e+00,7.877455949783325195e-01
4.078743081033304207e+01,-7.500000000000000000e+01,-3.000000000000000000e+00,7.865735888481140137e-01
4.080411278612459114e+01,-7.600000000000000000e+01,-3.040000000000000036e+00,7.810989618301391602e-01
4.082079476191614020e+01,-7.600000000000000000e+01,-3.040000000000000036e+00,7.813907265663146973e-01
4.083747673770768216e+01,-7.500000000000000000e+01,-3.000000000000000000e+00,7.899733781814575195e-01
4.085415871349923123e+01,-7.500000000000000000e+01,-3.000000000000000000e+00,7.893788218498229980e-01
4.087084068929078029e+01,-7.300000000000000000e+01,-2.919999999999999929e+00,7.786273360252380371e-01
4.088752266508232935e+01,-7.300000000000000000e+01,-2.919999999999999929e+00,7.797123789787292480e-01
4.090420464087387131e+01,-7.600000000000000000e+01,-3.040000000000000036e+00,7.810781002044677734e-01
4.092088661666542038e+01,-7.500000000000000000e+01,-3.000000000000000000e+00,7.924689650535583496e-01
4.093756859245696944e+01,-7.500000000000000000e+01,-3.000000000000000000e+00,7.952548861503601074e-01
4.095425056824851850e+01,-7.500000000000000000e+01,-3.000000000000000000e+00,7.920365929603576660e-01
4.097093254404006046e+01,-7.500000000000000000e+01,-3.000000000000000000e+00,7.901183366775512695e-01
4.098761451983160953e+01,-7.500000000000000000e+01,-3.000000000000000000e+00,7.908054590225219727e-01
4.100429649562315859e+01,-7.500000000000000000e+01,-3.000000000000000000e+00,7.950479388236999512e-01
4.102097847141470766e+01,-7.500000000000000000e+01,-3.000000000000000000e+00,7.968173623085021973e-01
4.103766044720624961e+01,-7.500000000000000000e+01,-3.000000000000000000e+00,7.951470017433166504e-01
4.105434242299779868e+01,-7.500000000000000000e+01,-3.000000000000000000e+00,7.950814366340637207e-01
4.107102439878934774e+01,-7.500000000000000000e+01,-3.000000000000000000e+00,7.950460910797119141e-01
4.108770637458088970e+01,-7.500000000000000000e+01,-3.000000000000000000e+00,7.951467633247375488e-01
4.110438835037243877e+01,-7.500000000000000000e+01,-3.000000000000000000e+00,7.936791181564331055e-01
4.112107032616398783e+01,-7.500000000000000000e+01,-3.000000000000000000e+00,7.933744192123413086e-01
4.113775230195553689e+01,-7.400000000000000000e+01,-2.959999999999999964e+00,7.957198023796081543e-01
4.115443427774707885e+01,-7.500000000000000000e+01,-3.000000000000000000e+00,7.939155101776123047e-01
4.117111625353862792e+01,-7.500000000000000000e+01,-3.000000000000000000e+00,7.884992361068725586e-01
4.118779822933017698e+01,-7.500000000000000000e+01,-3.000000000000000000e+00,7.886969447135925293e-01
4.120448020512172604e+01,-7.500000000000000000e+01,-3.000000000000000000e+00,7.929174304008483887e-01
4.122116218091326800e+01,-7.500000000000000000e+01,-3.000000000000000000e+00,7.957565188407897949e-01
4.123784415670481707e+01,-7.500000000000000000e+01,-3.000000000000000000e+00,7.948359847068786621e-01
4.125452613249636613e+01,-7.500000000000000000e+01,-3.000000000000000000e+00,7.941491603851318359e-01
4.127120810828791519e+01,-7.500000000000000000e+01,-3.000000000000000000e+00,7.943422198295593262e-01
4.128789008407945715e+01,-7.500000000000000000e+01,-3.000000000000000000e+00,7.938103675842285156e-01
4.130457205987100622e+01,-7.500000000000000000e+01,-3.000000000000000000e+00,7.934536933898925781e-01
4.132125403566255528e+01,-7.500000000000000000e+01,-3.000000000000000000e+00,7.953509688377380371e-01
4.133793601145410435e+01,-7.500000000000000000e+01,-3.000000000000000000e+00,7.943348288536071777e-01
4.135461798724564630e+01,-7.500000000000000000e+01,-3.000000000000000000e+00,7.940372824668884277e-01
4.137129996303719537e+01,-7.500000000000000000e+01,-3.000000000000000000e+00,7.939354181289672852e-01
4.138798193882874443e+01,-7.500000000000000000e+01,-3.000000000000000000e+00,7.942445874214172363e-01
4.140466391462029350e+01,-7.500000000000000000e+01,-3.000000000000000000e+00,7.934624552726745605e-01
4.142134589041183546e+01,-7.500000000000000000e+01,-3.000000000000000000e+00,7.939715385437011719e-01
4.143802786620338452e+01,-7.500000000000000000e+01,-3.000000000000000000e+00,7.907377481460571289e-01
4.145470984199493358e+01,-7.500000000000000000e+01,-3.000000000000000000e+00,7.865256667137145996e-01
4.147139181778648265e+01,-7.500000000000000000e+01,-3.000000000000000000e+00,7.864103317260742188e-01
4.148807379357802461e+01,-7.500000000000000000e+01,-3.000000000000000000e+00,7.899782061576843262e-01
4.150475576936957367e+01,-7.500000000000000000e+01,-3.000000000000000000e+00,7.864450812339782715e-01
4.152143774516112273e+01,-7.500000000000000000e+01,-3.000000000000000000e+00,7.829742431640625000e-01
4.153811972095267180e+01,-7.500000000000000000e+01,-3.000000000000000000e+00,7.848184704780578613e-01
4.155480169674421376e+01,-7.500000000000000000e+01,-3.000000000000000000e+00,7.851228117942810059e-01
4.157148367253576282e+01,-7.300000000000000000e+01,-2.919999999999999929e+00,7.803744673728942871e-01
4.158816564832731189e+01,-7.300000000000000000e+01,-2.919999999999999929e+00,7.804517149925231934e-01
4.160484762411886095e+01,-7.500000000000000000e+01,-3.000000000000000000e+00,7.800438404083251953e-01
4.162152959991040291e+01,-7.400000000000000000e+01,-2.959999999999999964e+00,7.789321541786193848e-01
4.163821157570195197e+01,-7.400000000000000000e+01,-2.959999999999999964e+00,7.807206511497497559e-01
4.165489355149350104e+01,-7.400000000000000000e+01,-2.959999999999999964e+00,7.805169224739074707e-01
4.167157552728505010e+01,-7.500000000000000000e+01,-3.000000000000000000e+00,7.802155017852783203e-01
4.168825750307659206e+01,-7.500000000000000000e+01,-3.000000000000000000e+00,7.790293097496032715e-01
4.170493947886814112e+01,-7.400000000000000000e+01,-2.959999999999999964e+00,7.840212583541870117e-01
4.172162145465969019e+01,-7.400000000000000000e+01,-2.959999999999999964e+00,7.830838561058044434e-01
4.173830343045123925e+01,-7.400000000000000000e+01,-2.959999999999999964e+00,7.834324836730957031e-01
4.175498540624278121e+01,-7.600000000000000000e+01,-3.040000000000000036e+00,7.797531485557556152e-01
4.177166738203433027e+01,-7.500000000000000000e+01,-3.000000000000000000e+00,7.802790403366088867e-01
4.178834935782587934e+01,-7.100000000000000000e+01,-2.839999999999999858e+00,7.770074009895324707e-01
4.180503133361742840e+01,-7.100000000000000000e+01,-2.839999999999999858e+00,7.775645852088928223e-01
4.182171330940897036e+01,-7.500000000000000000e+01,-3.000000000000000000e+00,7.824538350105285645e-01
4.183839528520051942e+01,-7.500000000000000000e+01,-3.000000000000000000e+00,7.836212515830993652e-01
4.185507726099206849e+01,-7.400000000000000000e+01,-2.959999999999999964e+00,7.824395298957824707e-01
4.187175923678361755e+01,-7.400000000000000000e+01,-2.959999999999999964e+00,7.832173705101013184e-01
4.188844121257515951e+01,-7.400000000000000000e+01,-2.959999999999999964e+00,7.830060124397277832e-01
4.190512318836670858e+01,-7.400000000000000000e+01,-2.959999999999999964e+00,7.817755341529846191e-01
4.192180516415825764e+01,-7.300000000000000000e+01,-2.919999999999999929e+00,7.801329493522644043e-01
4.193848713994980670e+01,-7.400000000000000000e+01,-2.959999999999999964e+00,7.813185453414916992e-01
4.195516911574134866e+01,-7.400000000000000000e+01,-2.959999999999999964e+00,7.817676663398742676e-01
4.197185109153289773e+01,-7.400000000000000000e+01,-2.959999999999999964e+00,7.818297743797302246e-01
4.198853306732444679e+01,-7.300000000000000000e+01,-2.919999999999999929e+00,7.807963490486145020e-01
4.200521504311599585e+01,-7.500000000000000000e+01,-3.000000000000000000e+00,7.824150919914245605e-01
4.202189701890753781e+01,-7.500000000000000000e+01,-3.000000000000000000e+00,7.778615951538085938e-01
4.203857899469908688e+01,-7.300000000000000000e+01,-2.919999999999999929e+00,7.775886058807373047e-01
4.205526097049063594e+01,-7.300000000000000000e+01,-2.919999999999999929e+00,7.772542834281921387e-01
4.207194294628217790e+01,-7.400000000000000000e+01,-2.959999999999999964e+00,7.763190269470214844e-01
4.208862492207372696e+01,-7.400000000000000000e+01,-2.959999999999999964e+00,7.779064774513244629e-01
4.210530689786527603e+01,-7.400000000000000000e+01,-2.959999999999999964e+00,7.777923345565795898e-01
4.212198887365682509e+01,-7.500000000000000000e+01,-3.000000000000000000e+00,7.795331478118896484e-01
4.213867084944836705e+01,-7.500000000000000000e+01,-3.000000000000000000e+00,7.834424972534179688e-01
4.215535282523991611e+01,-7.500000000000000000e+01,-3.000000000000000000e+00,7.796396613121032715e-01
4.217203480103146518e+01,-7.500000000000000000e+01,-3.000000000000000000e+00,7.769605517387390137e-01
4.218871677682301424e+01,-7.500000000000000000e+01,-3.000000000000000000e+00,7.766409516334533691e-01
4.220539875261455620e+01,-7.400000000000000000e+01,-2.959999999999999964e+00,7.774735689163208008e-01
4.222208072840610527e+01,-7.400000000000000000e+01,-2.959999999999999964e+00,7.781519293785095215e-01
4.223876270419765433e+01,-7.300000000000000000e+01,-2.919999999999999929e+00,7.780483365058898926e-01
4.225544467998920339e+01,-7.500000000000000000e+01,-3.000000000000000000e+00,7.814661860466003418e-01
4.227212665578074535e+01,-7.500000000000000000e+01,-3.000000000000000000e+00,7.808118462562561035e-01
4.228880863157229442e+01,-7.500000000000000000e+01,-3.000000000000000000e+00,7.804080843925476074e-01
4.230549060736384348e+01,-7.500000000000000000e+01,-3.000000000000000000e+00,7.806168198585510254e-01
4.232217258315539254e+01,-7.500000000000000000e+01,-3.000000000000000000e+00,7.808600664138793945e-01
4.233885455894693450e+01,-7.500000000000000000e+01,-3.000000000000000000e+00,7.825400829315185547e-01
4.235553653473848357e+01,-7.500000000000000000e+01,-3.000000000000000000e+00,7.820428609848022461e-01
4.237221851053003263e+01,-7.500000000000000000e+01,-3.000000000000000000e+00,7.820212244987487793e-01
4.238890048632158170e+01,-7.500000000000000000e+01,-3.000000000000000000e+00,7.791489958763122559e-01
4.240558246211312365e+01,-7.400000000000000000e+01,-2.959999999999999964e+00,7.760903835296630859e-01
4.242226443790467272e+01,-7.400000000000000000e+01,-2.959999999999999964e+00,7.768685221672058105e-01
4.243894641369622178e+01,-7.400000000000000000e+01,-2.959999999999999964e+00,7.772815227508544922e-01
4.245562838948777085e+01,-7.400000000000000000e+01,-2.959999999999999964e+00,7.783834338188171387e-01
4.247231036527931280e+01,-7.400000000000000000e+01,-2.959999999999999964e+00,7.787249088287353516e-01
4.248899234107086187e+01,-7.400000000000000000e+01,-2.959999999999999964e+00,7.769508361816406250e-01
4.250567431686241093e+01,-7.500000000000000000e+01,-3.000000000000000000e+00,7.834944725036621094e-01
4.252235629265396000e+01,-7.500000000000000000e+01,-3.000000000000000000e+00,7.823386788368225098e-01
4.253903826844550196e+01,-7.500000000000000000e+01,-3.000000000000000000e+00,7.813845276832580566e-01
4.255572024423705102e+01,-7.500000000000000000e+01,-3.000000000000000000e+00,7.811024785041809082e-01
4.257240222002860008e+01,-7.500000000000000000e+01,-3.000000000000000000e+00,7.788498997688293457e-01
4.258908419582014915e+01,-7.600000000000000000e+01,-3.040000000000000036e+00,7.795317769050598145e-01
4.260576617161169111e+01,-7.500000000000000000e+01,-3.000000000000000000e+00,7.833458185195922852e-01
4.262244814740324017e+01,-7.500000000000000000e+01,-3.000000000000000000e+00,7.833797335624694824e-01
4.263913012319478923e+01,-7.400000000000000000e+01,-2.959999999999999964e+00,7.762508988380432129e-01
4.265581209898633830e+01,-7.400000000000000000e+01,-2.959999999999999964e+00,7.775380015373229980e-01
4.267249407477788026e+01,-7.400000000000000000e+01,-2.959999999999999964e+00,7.769920825958251953e-01
4.268917605056942932e+01,-7.500000000000000000e+01,-3.000000000000000000e+00,7.838901877403259277e-01
4.270585802636097839e+01,-7.500000000000000000e+01,-3.000000000000000000e+00,7.804340124130249023e-01
4.272254000215252745e+01,-7.600000000000000000e+01,-3.040000000000000036e+00,7.784067988395690918e-01
4.273922197794406941e+01,-7.600000000000000000e+01,-3.040000000000000036e+00,7.789320945739746094e-01
4.275590395373561847e+01,-7.500000000000000000e+01,-3.000000000000000000e+00,7.832359671592712402e-01
4.277258592952716754e+01,-7.500000000000000000e+01,-3.000000000000000000e+00,7.865136861801147461e-01
4.278926790531871660e+01,-7.500000000000000000e+01,-3.000000000000000000e+00,7.834611535072326660e-01
4.280594988111025856e+01,-7.500000000000000000e+01,-3.000000000000000000e+00,7.827771306037902832e-01
4.282263185690180762e+01,-7.600000000000000000e+01,-3.040000000000000036e+00,7.789701819419860840e-01
4.283931383269335669e+01,-7.400000000000000000e+01,-2.959999999999999964e+00,7.757203578948974609e-01
4.285599580848490575e+01,-7.400000000000000000e+01,-2.959999999999999964e+00,7.755759954452514648e-01
4.287267778427644771e+01,-7.600000000000000000e+01,-3.040000000000000036e+00,7.815620303153991699e-01
4.288935976006799677e+01,-7.600000000000000000e+01,-3.040000000000000036e+00,7.793713808059692383e-01
4.290604173585954584e+01,-7.600000000000000000e+01,-3.040000000000000036e+00,7.786266207695007324e-01
4.292272371165109490e+01,-7.600000000000000000e+01,-3.040000000000000036e+00,7.807743549346923828e-01
4.293940568744263686e+01,-7.600000000000000000e+01,-3.040000000000000036e+00,7.822496891021728516e-01
4.295608766323418592e+01,-7.600000000000000000e+01,-3.040000000000000036e+00,7.763769030570983887e-01
4.297276963902573499e+01,-7.400000000000000000e+01,-2.959999999999999964e+00,7.768669128417968750e-01
4.298945161481727695e+01,-7.300000000000000000e+01,-2.919999999999999929e+00,7.765768766403198242e-01
4.300613359060882601e+01,-7.600000000000000000e+01,-3.040000000000000036e+00,7.855998873710632324e-01
4.302281556640037508e+01,-7.500000000000000000e+01,-3.000000000000000000e+00,7.887555360794067383e-01
4.303949754219192414e+01,-7.500000000000000000e+01,-3.000000000000000000e+00,7.891757488250732422e-01
4.305617951798346610e+01,-7.500000000000000000e+01,-3.000000000000000000e+00,7.900468707084655762e-01
4.307286149377501516e+01,-7.500000000000000000e+01,-3.000000000000000000e+00,7.884079217910766602e-01
4.308954346956656423e+01,-7.600000000000000000e+01,-3.040000000000000036e+00,7.820948958396911621e-01
4.310622544535811329e+01,-7.600000000000000000e+01,-3.040000000000000036e+00,7.815360426902770996e-01
4.312290742114965525e+01,-7.600000000000000000e+01,-3.040000000000000036e+00,7.865255475044250488e-01
4.313958939694120431e+01,-7.500000000000000000e+01,-3.000000000000000000e+00,7.907736301422119141e-01
4.315627137273275338e+01,-7.600000000000000000e+01,-3.040000000000000036e+00,7.825655937194824219e-01
4.317295334852430244e+01,-7.600000000000000000e+01,-3.040000000000000036e+00,7.798435091972351074e-01
4.318963532431584440e+01,-7.600000000000000000e+01,-3.040000000000000036e+00,7.818531394004821777e-01
4.320631730010739346e+01,-7.500000000000000000e+01,-3.000000000000000000e+00,7.873669862747192383e-01
4.322299927589894253e+01,-7.600000000000000000e+01,-3.040000000000000036e+00,7.763406634330749512e-01
4.323968125169049159e+01,-7.400000000000000000e+01,-2.959999999999999964e+00,7.782475948333740234e-01
4.325636322748203355e+01,-7.400000000000000000e+01,-2.959999999999999964e+00,7.781725525856018066e-01
4.327304520327358262e+01,-7.600000000000000000e+01,-3.040000000000000036e+00,7.792331576347351074e-01
4.328972717906513168e+01,-7.600000000000000000e+01,-3.040000000000000036e+00,7.795493602752685547e-01
4.330640915485668074e+01,-7.400000000000000000e+01,-2.959999999999999964e+00,7.769771814346313477e-01
4.332309113064822270e+01,-7.400000000000000000e+01,-2.959999999999999964e+00,7.780611515045166016e-01
4.333977310643977177e+01,-7.400000000000000000e+01,-2.959999999999999964e+00,7.806419730186462402e-01
4.335645508223132083e+01,-7.500000000000000000e+01,-3.000000000000000000e+00,7.807930707931518555e-01
4.337313705802286989e+01,-7.400000000000000000e+01,-2.959999999999999964e+00,7.808127999305725098e-01
4.338981903381441185e+01,-7.400000000000000000e+01,-2.959999999999999964e+00,7.814288735389709473e-01
4.340650100960596092e+01,-7.400000000000000000e+01,-2.959999999999999964e+00,7.801322937011718750e-01
4.342318298539750998e+01,-7.400000000000000000e+01,-2.959999999999999964e+00,7.794855833053588867e-01
4.343986496118905904e+01,-7.400000000000000000e+01,-2.959999999999999964e+00,7.784988880157470703e-01
4.345654693698060100e+01,-7.600000000000000000e+01,-3.040000000000000036e+00,7.778984308242797852e-01
4.347322891277215007e+01,-7.600000000000000000e+01,-3.040000000000000036e+00,7.796990275382995605e-01
4.348991088856369913e+01,-7.600000000000000000e+01,-3.040000000000000036e+00,7.846905589103698730e-01
4.350659286435524820e+01,-7.600000000000000000e+01,-3.040000000000000036e+00,7.816040515899658203e-01
4.352327484014679015e+01,-7.600000000000000000e+01,-3.040000000000000036e+00,7.785119414329528809e-01
4.353995681593833922e+01,-7.600000000000000000e+01,-3.040000000000000036e+00,7.786753177642822266e-01
4.355663879172988828e+01,-7.500000000000000000e+01,-3.000000000000000000e+00,7.841162681579589844e-01
4.357332076752143735e+01,-7.600000000000000000e+01,-3.040000000000000036e+00,7.827446460723876953e-01
4.359000274331297931e+01,-7.600000000000000000e+01,-3.040000000000000036e+00,7.823448777198791504e-01
4.360668471910452837e+01,-7.600000000000000000e+01,-3.040000000000000036e+00,7.837161421775817871e-01
4.362336669489607743e+01,-7.600000000000000000e+01,-3.040000000000000036e+00,7.812456488609313965e-01
4.364004867068762650e+01,-7.600000000000000000e+01,-3.040000000000000036e+00,7.810276746749877930e-01
4.365673064647916846e+01,-7.600000000000000000e+01,-3.040000000000000036e+00,7.802353501319885254e-01
4.367341262227071752e+01,-7.600000000000000000e+01,-3.040000000000000036e+00,7.802523374557495117e-01
4.369009459806226658e+01,-7.600000000000000000e+01,-3.040000000000000036e+00,7.821709513664245605e-01
4.370677657385381565e+01,-7.500000000000000000e+01,-3.000000000000000000e+00,7.855696678161621094e-01
4.372345854964535761e+01,-7.500000000000000000e+01,-3.000000000000000000e+00,7.868564128875732422e-01
4.374014052543690667e+01,-7.600000000000000000e+01,-3.040000000000000036e+00,7.835917472839355469e-01
4.375682250122845574e+01,-7.600000000000000000e+01,-3.040000000000000036e+00,7.825356721878051758e-01
4.377350447702000480e+01,-7.600000000000000000e+01,-3.040000000000000036e+00,7.828186154365539551e-01
4.379018645281154676e+01,-7.600000000000000000e+01,-3.040000000000000036e+00,7.842430472373962402e-01
4.380686842860309582e+01,-7.600000000000000000e+01,-3.040000000000000036e+00,7.824270725250244141e-01
4.382355040439464489e+01,-7.600000000000000000e+01,-3.040000000000000036e+00,7.840425372123718262e-01
4.384023238018619395e+01,-7.500000000000000000e+01,-3.000000000000000000e+00,7.913453578948974609e-01
4.385691435597773591e+01,-7.500000000000000000e+01,-3.000000000000000000e+00,7.941763997077941895e-01
4.387359633176928497e+01,-7.500000000000000000e+01,-3.000000000000000000e+00,7.931164503097534180e-01
4.389027830756083404e+01,-7.500000000000000000e+01,-3.000000000000000000e+00,7.929620742797851562e-01
4.390696028335238310e+01,-7.500000000000000000e+01,-3.000000000000000000e+00,7.937368154525756836e-01
4.392364225914392506e+01,-7.500000000000000000e+01,-3.000000000000000000e+00,7.943483591079711914e-01
4.394032423493547412e+01,-7.500000000000000000e+01,-3.000000000000000000e+00,7.892534136772155762e-01
4.395700621072702319e+01,-7.500000000000000000e+01,-3.000000000000000000e+00,7.857888936996459961e-01
4.397368818651856515e+01,-7.500000000000000000e+01,-3.000000000000000000e+00,7.853886485099792480e-01
4.399037016231011421e+01,-7.500000000000000000e+01,-3.000000000000000000e+00,7.869258522987365723e-01
4.400705213810166327e+01,-7.500000000000000000e+01,-3.000000000000000000e+00,7.872517108917236328e-01
4.402373411389321234e+01,-7.500000000000000000e+01,-3.000000000000000000e+00,7.862993478775024414e-01
4.404041608968475430e+01,-7.500000000000000000e+01,-3.000000000000000000e+00,7.867525219917297363e-01
4.405709806547630336e+01,-7.500000000000000000e+01,-3.000000000000000000e+00,7.867366671562194824e-01
4.407378004126785243e+01,-7.500000000000000000e+01,-3.000000000000000000e+00,7.887020707130432129e-01
4.409046201705940149e+01,-7.500000000000000000e+01,-3.000000000000000000e+00,7.889767289161682129e-01
4.410714399285094345e+01,-7.500000000000000000e+01,-3.000000000000000000e+00,7.891432046890258789e-01
4.412382596864249251e+01,-7.500000000000000000e+01,-3.000000000000000000e+00,7.905517220497131348e-01
4.414050794443404158e+01,-7.500000000000000000e+01,-3.000000000000000000e+00,7.877112030982971191e-01
4.415718992022559064e+01,-7.500000000000000000e+01,-3.000000000000000000e+00,7.834923267364501953e-01
4.417387189601713260e+01,-7.600000000000000000e+01,-3.040000000000000036e+00,7.836033105850219727e-01
4.419055387180868166e+01,-7.500000000000000000e+01,-3.000000000000000000e+00,7.860311865806579590e-01
4.420723584760023073e+01,-7.500000000000000000e+01,-3.000000000000000000e+00,7.867288589477539062e-01
4.422391782339177979e+01,-7.500000000000000000e+01,-3.000000000000000000e+00,7.833345532417297363e-01
4.424059979918332175e+01,-7.500000000000000000e+01,-3.000000000000000000e+00,7.839285135269165039e-01
4.425728177497487081e+01,-7.500000000000000000e+01,-3.000000000000000000e+00,7.857522964477539062e-01
4.427396375076641988e+01,-7.500000000000000000e+01,-3.000000000000000000e+00,7.865588068962097168e-01
4.429064572655796894e+01,-7.500000000000000000e+01,-3.000000000000000000e+00,7.864341735839843750e-01
4.430732770234951090e+01,-7.500000000000000000e+01,-3.000000000000000000e+00,7.865344285964965820e-01
4.432400967814105996e+01,-7.500000000000000000e+01,-3.000000000000000000e+00,7.864060997962951660e-01
4.434069165393260903e+01,-7.500000000000000000e+01,-3.000000000000000000e+00,7.851497530937194824e-01
4.435737362972415809e+01,-7.500000000000000000e+01,-3.000000000000000000e+00,7.855851054191589355e-01
4.437405560551570005e+01,-7.500000000000000000e+01,-3.000000000000000000e+00,7.858633995056152344e-01
4.439073758130724912e+01,-7.500000000000000000e+01,-3.000000000000000000e+00,7.855374217033386230e-01
4.440741955709879818e+01,-7.500000000000000000e+01,-3.000000000000000000e+00,7.857061028480529785e-01
4.442410153289034724e+01,-7.500000000000000000e+01,-3.000000000000000000e+00,7.883354425430297852e-01
4.444078350868188920e+01,-7.500000000000000000e+01,-3.000000000000000000e+00,7.865828275680541992e-01
4.445746548447343827e+01,-7.500000000000000000e+01,-3.000000000000000000e+00,7.854874134063720703e-01
4.447414746026498733e+01,-7.500000000000000000e+01,-3.000000000000000000e+00,7.856659293174743652e-01
4.449082943605653639e+01,-7.500000000000000000e+01,-3.000000000000000000e+00,7.866211533546447754e-01
4.450751141184807835e+01,-7.600000000000000000e+01,-3.040000000000000036e+00,7.811717987060546875e-01
4.452419338763962742e+01,-7.600000000000000000e+01,-3.040000000000000036e+00,7.810733318328857422e-01
4.454087536343117648e+01,-7.600000000000000000e+01,-3.040000000000000036e+00,7.811955809593200684e-01
4.455755733922272555e+01,-7.500000000000000000e+01,-3.000000000000000000e+00,7.864741683006286621e-01
4.457423931501426750e+01,-7.500000000000000000e+01,-3.000000000000000000e+00,7.852410078048706055e-01
4.459092129080581657e+01,-7.600000000000000000e+01,-3.040000000000000036e+00,7.801690697669982910e-01
4.460760326659736563e+01,-7.600000000000000000e+01,-3.040000000000000036e+00,7.798061966896057129e-01
4.462428524238891470e+01,-7.600000000000000000e+01,-3.040000000000000036e+00,7.802736759185791016e-01
4.464096721818045665e+01,-7.600000000000000000e+01,-3.040000000000000036e+00,7.798649072647094727e-01
4.465764919397200572e+01,-7.600000000000000000e+01,-3.040000000000000036e+00,7.798526287078857422e-01
4.467433116976355478e+01,-7.600000000000000000e+01,-3.040000000000000036e+00,7.799171805381774902e-01
4.469101314555510385e+01,-7.600000000000000000e+01,-3.040000000000000036e+00,7.799375653266906738e-01
4.470769512134664581e+01,-7.600000000000000000e+01,-3.040000000000000036e+00,7.829365730285644531e-01
4.472437709713819487e+01,-7.500000000000000000e+01,-3.000000000000000000e+00,7.893823385238647461e-01
4.474105907292974393e+01,-7.600000000000000000e+01,-3.040000000000000036e+00,7.837998270988464355e-01
4.475774104872129300e+01,-7.600000000000000000e+01,-3.040000000000000036e+00,7.815670371055603027e-01
4.477442302451283496e+01,-7.600000000000000000e+01,-3.040000000000000036e+00,7.809220552444458008e-01
4.479110500030438402e+01,-7.600000000000000000e+01,-3.040000000000000036e+00,7.820653319358825684e-01
4.480778697609593308e+01,-7.600000000000000000e+01,-3.040000000000000036e+00,7.795088887214660645e-01
4.482446895188748215e+01,-7.600000000000000000e+01,-3.040000000000000036e+00,7.793686389923095703e-01
4.484115092767902411e+01,-7.600000000000000000e+01,-3.040000000000000036e+00,7.809898853302001953e-01
4.485783290347057317e+01,-7.600000000000000000e+01,-3.040000000000000036e+00,7.827285528182983398e-01
4.487451487926212224e+01,-7.600000000000000000e+01,-3.040000000000000036e+00,7.798854708671569824e-01
4.489119685505366419e+01,-7.600000000000000000e+01,-3.040000000000000036e+00,7.787961363792419434e-01
4.490787883084521326e+01,-7.600000000000000000e+01,-3.040000000000000036e+00,7.814255952835083008e-01
4.492456080663676232e+01,-7.500000000000000000e+01,-3.000000000000000000e+00,7.875955700874328613e-01
4.494124278242831139e+01,-7.600000000000000000e+01,-3.040000000000000036e+00,7.845951318740844727e-01
4.495792475821985335e+01,-7.600000000000000000e+01,-3.040000000000000036e+00,7.788125276565551758e-01
4.497460673401140241e+01,-7.600000000000000000e+01,-3.040000000000000036e+00,7.785176634788513184e-01
4.499128870980295147e+01,-7.600000000000000000e+01,-3.040000000000000036e+00,7.814085483551025391e-01
4.500797068559450054e+01,-7.600000000000000000e+01,-3.040000000000000036e+00,7.823961973190307617e-01
4.502465266138604250e+01,-7.600000000000000000e+01,-3.040000000000000036e+00,7.828173637390136719e-01
4.504133463717759156e+01,-7.600000000000000000e+01,-3.040000000000000036e+00,7.859103679656982422e-01
4.505801661296914062e+01,-7.500000000000000000e+01,-3.000000000000000000e+00,7.920569777488708496e-01
4.507469858876068969e+01,-7.500000000000000000e+01,-3.000000000000000000e+00,7.924593091011047363e-01
4.509138056455223165e+01,-7.500000000000000000e+01,-3.000000000000000000e+00,7.932927608489990234e-01
4.510806254034378071e+01,-7.500000000000000000e+01,-3.000000000000000000e+00,7.925069332122802734e-01
4.512474451613532977e+01,-7.500000000000000000e+01,-3.000000000000000000e+00,7.927677631378173828e-01
4.514142649192687884e+01,-7.500000000000000000e+01,-3.000000000000000000e+00,7.909381985664367676e-01
4.515810846771842080e+01,-7.500000000000000000e+01,-3.000000000000000000e+00,7.912483811378479004e-01
4.517479044350996986e+01,-7.500000000000000000e+01,-3.000000000000000000e+00,7.922267317771911621e-01
4.519147241930151893e+01,-7.500000000000000000e+01,-3.000000000000000000e+00,7.901766896247863770e-01
4.520815439509306799e+01,-7.500000000000000000e+01,-3.000000000000000000e+00,7.906077504158020020e-01
4.522483637088460995e+01,-7.500000000000000000e+01,-3.000000000000000000e+00,7.902995944023132324e-01
4.524151834667615901e+01,-7.500000000000000000e+01,-3.000000000000000000e+00,7.899464964866638184e-01
4.525820032246770808e+01,-7.500000000000000000e+01,-3.000000000000000000e+00,7.871420979499816895e-01
4.527488229825925714e+01,-7.500000000000000000e+01,-3.000000000000000000e+00,7.846441268920898438e-01
4.529156427405079910e+01,-7.600000000000000000e+01,-3.040000000000000036e+00,7.841681241989135742e-01
4.530824624984234816e+01,-7.600000000000000000e+01,-3.040000000000000036e+00,7.774558663368225098e-01
4.532492822563389723e+01,-7.600000000000000000e+01,-3.040000000000000036e+00,7.767772674560546875e-01
4.534161020142544629e+01,-7.600000000000000000e+01,-3.040000000000000036e+00,7.790155410766601562e-01
4.535829217721698825e+01,-7.600000000000000000e+01,-3.040000000000000036e+00,7.790914177894592285e-01
4.537497415300853731e+01,-7.600000000000000000e+01,-3.040000000000000036e+00,7.805112004280090332e-01
4.539165612880008638e+01,-7.500000000000000000e+01,-3.000000000000000000e+00,7.867984771728515625e-01
4.540833810459163544e+01,-7.600000000000000000e+01,-3.040000000000000036e+00,7.861316800117492676e-01
4.542502008038317740e+01,-7.600000000000000000e+01,-3.040000000000000036e+00,7.863911390304565430e-01
4.544170205617472647e+01,-7.500000000000000000e+01,-3.000000000000000000e+00,7.879734635353088379e-01
4.545838403196627553e+01,-7.500000000000000000e+01,-3.000000000000000000e+00,7.923185229301452637e-01
4.547506600775782459e+01,-7.500000000000000000e+01,-3.000000000000000000e+00,7.918251752853393555e-01
4.549174798354936655e+01,-7.500000000000000000e+01,-3.000000000000000000e+00,7.906958460807800293e-01
4.550842995934091562e+01,-7.500000000000000000e+01,-3.000000000000000000e+00,7.914981842041015625e-01
4.552511193513246468e+01,-7.500000000000000000e+01,-3.000000000000000000e+00,7.915183305740356445e-01
4.554179391092401374e+01,-7.600000000000000000e+01,-3.040000000000000036e+00,7.855499982833862305e-01
4.555847588671555570e+01,-7.600000000000000000e+01,-3.040000000000000036e+00,7.835458517074584961e-01
4.557515786250710477e+01,-7.600000000000000000e+01,-3.040000000000000036e+00,7.829833030700683594e-01
4.559183983829865383e+01,-7.500000000000000000e+01,-3.000000000000000000e+00,7.884908914566040039e-01
4.560852181409020289e+01,-7.600000000000000000e+01,-3.040000000000000036e+00,7.834728360176086426e-01
4.562520378988174485e+01,-7.600000000000000000e+01,-3.040000000000000036e+00,7.769112586975097656e-01
4.564188576567329392e+01,-7.600000000000000000e+01,-3.040000000000000036e+00,7.765912413597106934e-01
4.565856774146484298e+01,-7.600000000000000000e+01,-3.040000000000000036e+00,7.791916728019714355e-01
4.567524971725639205e+01,-7.600000000000000000e+01,-3.040000000000000036e+00,7.858532667160034180e-01
4.569193169304793400e+01,-7.500000000000000000e+01,-3.000000000000000000e+00,7.906506657600402832e-01
4.570861366883948307e+01,-7.500000000000000000e+01,-3.000000000000000000e+00,7.887908220291137695e-01
4.572529564463103213e+01,-7.500000000000000000e+01,-3.000000000000000000e+00,7.892336249351501465e-01
4.574197762042258120e+01,-7.500000000000000000e+01,-3.000000000000000000e+00,7.895468473434448242e-01
4.575865959621412316e+01,-7.500000000000000000e+01,-3.000000000000000000e+00,7.887891530990600586e-01
4.577534157200567222e+01,-7.500000000000000000e+01,-3.000000000000000000e+00,7.881678342819213867e-01
4.579202354779722128e+01,-7.500000000000000000e+01,-3.000000000000000000e+00,7.901316881179809570e-01
4.580870552358877035e+01,-7.500000000000000000e+01,-3.000000000000000000e+00,7.884996533393859863e-01
4.582538749938031231e+01,-7.500000000000000000e+01,-3.000000000000000000e+00,7.882164716720581055e-01
4.584206947517186137e+01,-7.500000000000000000e+01,-3.000000000000000000e+00,7.894985079765319824e-01
4.585875145096341043e+01,-7.500000000000000000e+01,-3.000000000000000000e+00,7.895122170448303223e-01
4.587543342675495239e+01,-7.500000000000000000e+01,-3.000000000000000000e+00,7.893480658531188965e-01
4.589211540254650146e+01,-7.500000000000000000e+01,-3.000000000000000000e+00,7.890600562095642090e-01
4.590879737833805052e+01,-7.500000000000000000e+01,-3.000000000000000000e+00,7.860466241836547852e-01
4.592547935412959959e+01,-7.600000000000000000e+01,-3.040000000000000036e+00,7.865679264068603516e-01
4.594216132992114154e+01,-7.600000000000000000e+01,-3.040000000000000036e+00,7.868700027465820312e-01
4.595884330571269061e+01,-7.600000000000000000e+01,-3.040000000000000036e+00,7.874844670295715332e-01
4.597552528150423967e+01,-7.600000000000000000e+01,-3.040000000000000036e+00,7.875069379806518555e-01
4.599220725729578874e+01,-7.600000000000000000e+01,-3.040000000000000036e+00,7.876349687576293945e-01
4.600888923308733069e+01,-7.600000000000000000e+01,-3.040000000000000036e+00,7.869593501091003418e-01
4.602557120887887976e+01,-7.600000000000000000e+01,-3.040000000000000036e+00,7.854892015457153320e-01
4.604225318467042882e+01,-7.600000000000000000e+01,-3.040000000000000036e+00,7.844880819320678711e-01
4.605893516046197789e+01,-7.600000000000000000e+01,-3.040000000000000036e+00,7.848520874977111816e-01
4.607561713625351985e+01,-7.600000000000000000e+01,-3.040000000000000036e+00,7.848374843597412109e-01
4.609229911204506891e+01,-7.600000000000000000e+01,-3.040000000000000036e+00,7.831903696060180664e-01
4.610898108783661797e+01,-7.600000000000000000e+01,-3.040000000000000036e+00,7.830783724784851074e-01
4.612566306362816704e+01,-7.600000000000000000e+01,-3.040000000000000036e+00,7.865672707557678223e-01
4.614234503941970900e+01,-7.600000000000000000e+01,-3.040000000000000036e+00,7.847624421119689941e-01
4.615902701521125806e+01,-7.600000000000000000e+01,-3.040000000000000036e+00,7.800983786582946777e-01
4.617570899100280712e+01,-7.600000000000000000e+01,-3.040000000000000036e+00,7.781462669372558594e-01
4.619239096679435619e+01,-7.600000000000000000e+01,-3.040000000000000036e+00,7.785246968269348145e-01
4.620907294258589815e+01,-7.600000000000000000e+01,-3.040000000000000036e+00,7.874780893325805664e-01
4.622575491837744721e+01,-7.600000000000000000e+01,-3.040000000000000036e+00,7.836413979530334473e-01
4.624243689416899628e+01,-7.400000000000000000e+01,-2.959999999999999964e+00,7.751005887985229492e-01
4.625911886996054534e+01,-7.400000000000000000e+01,-2.959999999999999964e+00,7.754134535789489746e-01
4.627580084575208730e+01,-7.600000000000000000e+01,-3.040000000000000036e+00,7.749599814414978027e-01
4.629248282154363636e+01,-7.600000000000000000e+01,-3.040000000000000036e+00,7.856632471084594727e-01
4.630916479733518543e+01,-7.600000000000000000e+01,-3.040000000000000036e+00,7.834039330482482910e-01
4.632584677312673449e+01,-7.500000000000000000e+01,-3.000000000000000000e+00,7.791891098022460938e-01
4.634252874891827645e+01,-7.500000000000000000e+01,-3.000000000000000000e+00,7.808508872985839844e-01
4.635921072470982551e+01,-7.500000000000000000e+01,-3.000000000000000000e+00,7.810729146003723145e-01
4.637589270050137458e+01,-7.600000000000000000e+01,-3.040000000000000036e+00,7.776546478271484375e-01
4.639257467629292364e+01,-7.600000000000000000e+01,-3.040000000000000036e+00,7.824186086654663086e-01
4.640925665208446560e+01,-7.600000000000000000e+01,-3.040000000000000036e+00,7.796636819839477539e-01
4.642593862787601466e+01,-7.400000000000000000e+01,-2.959999999999999964e+00,7.768496870994567871e-01
4.644262060366756373e+01,-7.400000000000000000e+01,-2.959999999999999964e+00,7.787324786186218262e-01
4.645930257945911279e+01,-7.400000000000000000e+01,-2.959999999999999964e+00,7.764215469360351562e-01
4.647598455525065475e+01,-7.600000000000000000e+01,-3.040000000000000036e+00,7.832543253898620605e-01
4.649266653104220381e+01,-7.600000000000000000e+01,-3.040000000000000036e+00,7.836613059043884277e-01
4.650934850683375288e+01,-7.600000000000000000e+01,-3.040000000000000036e+00,7.798420786857604980e-01
4.652603048262530194e+01,-7.600000000000000000e+01,-3.040000000000000036e+00,7.791453599929809570e-01
4.654271245841684390e+01,-7.600000000000000000e+01,-3.040000000000000036e+00,7.801739573478698730e-01
4.655939443420839297e+01,-7.600000000000000000e+01,-3.040000000000000036e+00,7.804133892059326172e-01
4.657607640999994203e+01,-7.600000000000000000e+01,-3.040000000000000036e+00,7.815229296684265137e-01
4.659275838579149109e+01,-7.600000000000000000e+01,-3.040000000000000036e+00,7.808116078376770020e-01
4.660944036158303305e+01,-7.600000000000000000e+01,-3.040000000000000036e+00,7.801685929298400879e-01
4.662612233737458212e+01,-7.600000000000000000e+01,-3.040000000000000036e+00,7.800989151000976562e-01
4.664280431316613118e+01,-7.600000000000000000e+01,-3.040000000000000036e+00,7.817254662513732910e-01
4.665948628895768024e+01,-7.600000000000000000e+01,-3.040000000000000036e+00,7.780565619468688965e-01
4.667616826474922220e+01,-7.600000000000000000e+01,-3.040000000000000036e+00,7.778925895690917969e-01
4.669285024054077127e+01,-7.600000000000000000e+01,-3.040000000000000036e+00,7.785412073135375977e-01
4.670953221633232033e+01,-7.600000000000000000e+01,-3.040000000000000036e+00,7.818731665611267090e-01
4.672621419212386940e+01,-7.600000000000000000e+01,-3.040000000000000036e+00,7.781848907470703125e-01
4.674289616791541135e+01,-7.600000000000000000e+01,-3.040000000000000036e+00,7.779930233955383301e-01
4.675957814370696042e+01,-7.600000000000000000e+01,-3.040000000000000036e+00,7.812798619270324707e-01
4.677626011949850948e+01,-7.600000000000000000e+01,-3.040000000000000036e+00,7.806202769279479980e-01
4.679294209529005144e+01,-7.600000000000000000e+01,-3.040000000000000036e+00,7.774484753608703613e-01
4.680962407108160050e+01,-7.600000000000000000e+01,-3.040000000000000036e+00,7.776281833648681641e-01
4.682630604687314957e+01,-7.600000000000000000e+01,-3.040000000000000036e+00,7.805735468864440918e-01
4.684298802266469863e+01,-7.600000000000000000e+01,-3.040000000000000036e+00,7.811096906661987305e-01
4.685966999845624059e+01,-7.600000000000000000e+01,-3.040000000000000036e+00,7.805209159851074219e-01
4.687635197424778966e+01,-7.600000000000000000e+01,-3.040000000000000036e+00,7.811737060546875000e-01
4.689303395003933872e+01,-7.600000000000000000e+01,-3.040000000000000036e+00,7.841947674751281738e-01
4.690971592583088778e+01,-7.600000000000000000e+01,-3.040000000000000036e+00,7.835143804550170898e-01
4.692639790162242974e+01,-7.600000000000000000e+01,-3.040000000000000036e+00,7.835865020751953125e-01
4.694307987741397881e+01,-7.600000000000000000e+01,-3.040000000000000036e+00,7.806305885314941406e-01
4.695976185320552787e+01,-7.600000000000000000e+01,-3.040000000000000036e+00,7.809339761734008789e-01
4.697644382899707693e+01,-7.600000000000000000e+01,-3.040000000000000036e+00,7.808224558830261230e-01
4.699312580478861889e+01,-7.600000000000000000e+01,-3.040000000000000036e+00,7.778189182281494141e-01
4.700980778058016796e+01,-7.600000000000000000e+01,-3.040000000000000036e+00,7.776599526405334473e-01
4.702648975637171702e+01,-7.600000000000000000e+01,-3.040000000000000036e+00,7.824437022209167480e-01
4.704317173216326609e+01,-7.600000000000000000e+01,-3.040000000000000036e+00,7.834327220916748047e-01
4.705985370795480804e+01,-7.600000000000000000e+01,-3.040000000000000036e+00,7.804350256919860840e-01
4.707653568374635711e+01,-7.600000000000000000e+01,-3.040000000000000036e+00,7.811565399169921875e-01
4.709321765953790617e+01,-7.600000000000000000e+01,-3.040000000000000036e+00,7.826545834541320801e-01
4.710989963532945524e+01,-7.600000000000000000e+01,-3.040000000000000036e+00,7.765574455261230469e-01
4.712658161112099720e+01,-7.400000000000000000e+01,-2.959999999999999964e+00,7.761359214782714844e-01
4.714326358691254626e+01,-7.400000000000000000e+01,-2.959999999999999964e+00,7.763594985008239746e-01
4.715994556270409532e+01,-7.600000000000000000e+01,-3.040000000000000036e+00,7.819419503211975098e-01
4.717662753849564439e+01,-7.600000000000000000e+01,-3.040000000000000036e+00,7.875226140022277832e-01
4.719330951428718635e+01,-7.600000000000000000e+01,-3.040000000000000036e+00,7.824910283088684082e-01
4.720999149007873541e+01,-7.600000000000000000e+01,-3.040000000000000036e+00,7.814497351646423340e-01
4.722667346587028447e+01,-7.600000000000000000e+01,-3.040000000000000036e+00,7.821801304817199707e-01
4.724335544166183354e+01,-7.600000000000000000e+01,-3.040000000000000036e+00,7.816654443740844727e-01
4.726003741745337550e+01,-7.500000000000000000e+01,-3.000000000000000000e+00,7.797106504440307617e-01
4.727671939324492456e+01,-7.500000000000000000e+01,-3.000000000000000000e+00,7.807852029800415039e-01
4.729340136903647362e+01,-7.500000000000000000e+01,-3.000000000000000000e+00,7.798651456832885742e-01
4.731008334482802269e+01,-7.600000000000000000e+01,-3.040000000000000036e+00,7.859134078025817871e-01
4.732676532061956465e+01,-7.600000000000000000e+01,-3.040000000000000036e+00,7.856591343879699707e-01
4.734344729641111371e+01,-7.600000000000000000e+01,-3.040000000000000036e+00,7.871195077896118164e-01
4.736012927220266278e+01,-7.600000000000000000e+01,-3.040000000000000036e+00,7.934972047805786133e-01
4.737681124799421184e+01,-7.600000000000000000e+01,-3.040000000000000036e+00,7.929447293281555176e-01
4.739349322378575380e+01,-7.500000000000000000e+01,-3.000000000000000000e+00,7.933840751647949219e-01
4.741017519957730286e+01,-7.500000000000000000e+01,-3.000000000000000000e+00,7.956873178482055664e-01
4.742685717536885193e+01,-7.500000000000000000e+01,-3.000000000000000000e+00,7.942685484886169434e-01
4.744353915116040099e+01,-7.500000000000000000e+01,-3.000000000000000000e+00,7.947492003440856934e-01
4.746022112695194295e+01,-7.500000000000000000e+01,-3.000000000000000000e+00,7.952018976211547852e-01
4.747690310274349201e+01,-7.500000000000000000e+01,-3.000000000000000000e+00,7.940320372581481934e-01
4.749358507853504108e+01,-7.500000000000000000e+01,-3.000000000000000000e+00,7.939281463623046875e-01
4.751026705432659014e+01,-7.600000000000000000e+01,-3.040000000000000036e+00,7.923742532730102539e-01
4.752694903011813210e+01,-7.600000000000000000e+01,-3.040000000000000036e+00,7.922189235687255859e-01
4.754363100590968116e+01,-7.600000000000000000e+01,-3.040000000000000036e+00,7.928348779678344727e-01
4.756031298170123023e+01,-7.600000000000000000e+01,-3.040000000000000036e+00,7.930372953414916992e-01
4.757699495749277929e+01,-7.500000000000000000e+01,-3.000000000000000000e+00,7.944919466972351074e-01
4.759367693328432125e+01,-7.500000000000000000e+01,-3.000000000000000000e+00,7.937770485877990723e-01
4.761035890907587032e+01,-7.500000000000000000e+01,-3.000000000000000000e+00,7.936022877693176270e-01
4.762704088486741938e+01,-7.600000000000000000e+01,-3.040000000000000036e+00,7.923095226287841797e-01
4.764372286065896844e+01,-7.600000000000000000e+01,-3.040000000000000036e+00,7.927176952362060547e-01
4.766040483645051040e+01,-7.500000000000000000e+01,-3.000000000000000000e+00,7.935125827789306641e-01
4.767708681224205947e+01,-7.500000000000000000e+01,-3.000000000000000000e+00,7.938701510429382324e-01
4.769376878803360853e+01,-7.500000000000000000e+01,-3.000000000000000000e+00,7.942835688591003418e-01
4.771045076382515759e+01,-7.500000000000000000e+01,-3.000000000000000000e+00,7.931558489799499512e-01
4.772713273961669955e+01,-7.500000000000000000e+01,-3.000000000000000000e+00,7.924734950065612793e-01
4.774381471540824862e+01,-7.500000000000000000e+01,-3.000000000000000000e+00,7.923848628997802734e-01
4.776049669119979768e+01,-7.500000000000000000e+01,-3.000000000000000000e+00,7.927012443542480469e-01
4.777717866699133964e+01,-7.500000000000000000e+01,-3.000000000000000000e+00,7.927345633506774902e-01
4.779386064278288870e+01,-7.500000000000000000e+01,-3.000000000000000000e+00,7.930015325546264648e-01
4.781054261857443777e+01,-7.500000000000000000e+01,-3.000000000000000000e+00,7.931967377662658691e-01
4.782722459436598683e+01,-7.600000000000000000e+01,-3.040000000000000036e+00,7.927128076553344727e-01
4.784390657015752879e+01,-7.600000000000000000e+01,-3.040000000000000036e+00,7.909849882125854492e-01
4.786058854594907785e+01,-7.600000000000000000e+01,-3.040000000000000036e+00,7.910038232803344727e-01
4.787727052174062692e+01,-7.600000000000000000e+01,-3.040000000000000036e+00,7.825918793678283691e-01
4.789395249753217598e+01,-7.600000000000000000e+01,-3.040000000000000036e+00,7.820395827293395996e-01
4.791063447332371794e+01,-7.600000000000000000e+01,-3.040000000000000036e+00,7.859075665473937988e-01
4.792731644911526701e+01,-7.600000000000000000e+01,-3.040000000000000036e+00,7.867940068244934082e-01
4.794399842490681607e+01,-7.600000000000000000e+01,-3.040000000000000036e+00,7.814828157424926758e-01
4.796068040069836513e+01,-7.600000000000000000e+01,-3.040000000000000036e+00,7.814323902130126953e-01
4.797736237648990709e+01,-7.600000000000000000e+01,-3.040000000000000036e+00,7.839940190315246582e-01
4.799404435228145616e+01,-7.600000000000000000e+01,-3.040000000000000036e+00,7.912213206291198730e-01
4.801072632807300522e+01,-7.500000000000000000e+01,-3.000000000000000000e+00,7.931488156318664551e-01
4.802740830386455428e+01,-7.600000000000000000e+01,-3.040000000000000036e+00,7.925385236740112305e-01
4.804409027965609624e+01,-7.500000000000000000e+01,-3.000000000000000000e+00,7.923800349235534668e-01
4.806077225544764531e+01,-7.600000000000000000e+01,-3.040000000000000036e+00,7.917011976242065430e-01
4.807745423123919437e+01,-7.600000000000000000e+01,-3.040000000000000036e+00,7.918662428855895996e-01
4.809413620703074344e+01,-7.600000000000000000e+01,-3.040000000000000036e+00,7.913624644279479980e-01
4.811081818282228539e+01,-7.600000000000000000e+01,-3.040000000000000036e+00,7.920081615447998047e-01
4.812750015861383446e+01,-7.600000000000000000e+01,-3.040000000000000036e+00,7.917945384979248047e-01
4.814418213440538352e+01,-7.600000000000000000e+01,-3.040000000000000036e+00,7.915427088737487793e-01
4.816086411019693259e+01,-7.600000000000000000e+01,-3.040000000000000036e+00,7.915258407592773438e-01
4.817754608598847454e+01,-7.600000000000000000e+01,-3.040000000000000036e+00,7.914069294929504395e-01
4.819422806178002361e+01,-7.600000000000000000e+01,-3.040000000000000036e+00,7.874278426170349121e-01
4.821091003757157267e+01,-7.600000000000000000e+01,-3.040000000000000036e+00,7.856088280677795410e-01
4.822759201336312174e+01,-7.600000000000000000e+01,-3.040000000000000036e+00,7.863301038742065430e-01
4.824427398915466370e+01,-7.600000000000000000e+01,-3.040000000000000036e+00,7.884194850921630859e-01
4.826095596494621276e+01,-7.600000000000000000e+01,-3.040000000000000036e+00,7.870116233825683594e-01
4.827763794073776182e+01,-7.600000000000000000e+01,-3.040000000000000036e+00,7.866703271865844727e-01
4.829431991652931089e+01,-7.600000000000000000e+01,-3.040000000000000036e+00,7.905297875404357910e-01
4.831100189232085285e+01,-7.600000000000000000e+01,-3.040000000000000036e+00,7.850875854492187500e-01
4.832768386811240191e+01,-7.600000000000000000e+01,-3.040000000000000036e+00,7.794579863548278809e-01
4.834436584390395097e+01,-7.600000000000000000e+01,-3.040000000000000036e+00,7.791374325752258301e-01
4.836104781969550004e+01,-7.600000000000000000e+01,-3.040000000000000036e+00,7.826533317565917969e-01
4.837772979548704200e+01,-7.600000000000000000e+01,-3.040000000000000036e+00,7.826884984970092773e-01
4.839441177127859106e+01,-7.500000000000000000e+01,-3.000000000000000000e+00,7.777315378189086914e-01
4.841109374707014013e+01,-7.500000000000000000e+01,-3.000000000000000000e+00,7.790687680244445801e-01
4.842777572286168919e+01,-7.500000000000000000e+01,-3.000000000000000000e+00,7.790142893791198730e-01
4.844445769865323115e+01,-7.600000000000000000e+01,-3.040000000000000036e+00,7.781777381896972656e-01
4.846113967444478021e+01,-7.600000000000000000e+01,-3.040000000000000036e+00,7.789500951766967773e-01
4.847782165023632928e+01,-7.600000000000000000e+01,-3.040000000000000036e+00,7.826901674270629883e-01
4.849450362602787834e+01,-7.600000000000000000e+01,-3.040000000000000036e+00,7.822595834732055664e-01
4.851118560181942030e+01,-7.600000000000000000e+01,-3.040000000000000036e+00,7.777333259582519531e-01
4.852786757761096936e+01,-7.600000000000000000e+01,-3.040000000000000036e+00,7.775074839591979980e-01
4.854454955340251843e+01,-7.600000000000000000e+01,-3.040000000000000036e+00,7.765694856643676758e-01
4.856123152919406749e+01,-7.600000000000000000e+01,-3.040000000000000036e+00,7.762404084205627441e-01
4.857791350498560945e+01,-7.600000000000000000e+01,-3.040000000000000036e+00,7.764251232147216797e-01
4.859459548077715851e+01,-7.600000000000000000e+01,-3.040000000000000036e+00,7.761079072952270508e-01
4.861127745656870758e+01,-7.600000000000000000e+01,-3.040000000000000036e+00,7.755361795425415039e-01
4.862795943236025664e+01,-7.500000000000000000e+01,-3.000000000000000000e+00,7.756561040878295898e-01
4.864464140815179860e+01,-7.400000000000000000e+01,-2.959999999999999964e+00,7.750805020332336426e-01
4.866132338394334766e+01,-7.600000000000000000e+01,-3.040000000000000036e+00,7.769888043403625488e-01
4.867800535973489673e+01,-7.600000000000000000e+01,-3.040000000000000036e+00,7.780545949935913086e-01
4.869468733552644579e+01,-7.600000000000000000e+01,-3.040000000000000036e+00,7.793354988098144531e-01
4.871136931131798775e+01,-7.600000000000000000e+01,-3.040000000000000036e+00,7.814092040061950684e-01
4.872805128710953682e+01,-7.600000000000000000e+01,-3.040000000000000036e+00,7.768085598945617676e-01
4.874473326290108588e+01,-7.600000000000000000e+01,-3.040000000000000036e+00,7.756963968276977539e-01
4.876141523869262784e+01,-7.600000000000000000e+01,-3.040000000000000036e+00,7.776404023170471191e-01
4.877809721448417690e+01,-7.600000000000000000e+01,-3.040000000000000036e+00,7.756827473640441895e-01
4.879477919027572597e+01,-7.400000000000000000e+01,-2.959999999999999964e+00,7.752225995063781738e-01
4.881146116606727503e+01,-7.600000000000000000e+01,-3.040000000000000036e+00,7.769327163696289062e-01
4.882814314185881699e+01,-7.600000000000000000e+01,-3.040000000000000036e+00,7.883813977241516113e-01
4.884482511765036605e+01,-7.600000000000000000e+01,-3.040000000000000036e+00,7.900235056877136230e-01
4.886150709344191512e+01,-7.600000000000000000e+01,-3.040000000000000036e+00,7.896402478218078613e-01
4.887818906923346418e+01,-7.600000000000000000e+01,-3.040000000000000036e+00,7.883552908897399902e-01
4.889487104502500614e+01,-7.600000000000000000e+01,-3.040000000000000036e+00,7.882402539253234863e-01
4.891155302081655520e+01,-7.600000000000000000e+01,-3.040000000000000036e+00,7.843204140663146973e-01
4.892823499660810427e+01,-7.500000000000000000e+01,-3.000000000000000000e+00,7.756860256195068359e-01
4.894491697239965333e+01,-7.500000000000000000e+01,-3.000000000000000000e+00,7.762031555175781250e-01
4.896159894819119529e+01,-7.500000000000000000e+01,-3.000000000000000000e+00,7.764381766319274902e-01
4.897828092398274435e+01,-7.600000000000000000e+01,-3.040000000000000036e+00,7.750765681266784668e-01
4.899496289977429342e+01,-7.600000000000000000e+01,-3.040000000000000036e+00,7.749251127243041992e-01
4.901164487556584248e+01,-7.600000000000000000e+01,-3.040000000000000036e+00,7.765840291976928711e-01
4.902832685135738444e+01,-7.600000000000000000e+01,-3.040000000000000036e+00,7.771232128143310547e-01
4.904500882714893351e+01,-7.600000000000000000e+01,-3.040000000000000036e+00,7.800152897834777832e-01
4.906169080294048257e+01,-7.600000000000000000e+01,-3.040000000000000036e+00,7.798635363578796387e-01
4.907837277873203163e+01,-7.600000000000000000e+01,-3.040000000000000036e+00,7.798802256584167480e-01
4.909505475452357359e+01,-7.600000000000000000e+01,-3.040000000000000036e+00,7.797775864601135254e-01
4.911173673031512266e+01,-7.600000000000000000e+01,-3.040000000000000036e+00,7.783967852592468262e-01
4.912841870610667172e+01,-7.600000000000000000e+01,-3.040000000000000036e+00,7.791981101036071777e-01
4.914510068189822078e+01,-7.600000000000000000e+01,-3.040000000000000036e+00,7.834055423736572266e-01
4.916178265768976274e+01,-7.600000000000000000e+01,-3.040000000000000036e+00,7.797534465789794922e-01
4.917846463348131181e+01,-7.600000000000000000e+01,-3.040000000000000036e+00,7.784524559974670410e-01
4.919514660927286087e+01,-7.600000000000000000e+01,-3.040000000000000036e+00,7.792947888374328613e-01
4.921182858506440994e+01,-7.600000000000000000e+01,-3.040000000000000036e+00,7.811172604560852051e-01
4.922851056085595189e+01,-7.600000000000000000e+01,-3.040000000000000036e+00,7.817593216896057129e-01
4.924519253664750096e+01,-7.600000000000000000e+01,-3.040000000000000036e+00,7.823997735977172852e-01
4.926187451243905002e+01,-7.600000000000000000e+01,-3.040000000000000036e+00,7.818490266799926758e-01
4.927855648823059909e+01,-7.600000000000000000e+01,-3.040000000000000036e+00,7.822320461273193359e-01
4.929523846402214105e+01,-7.600000000000000000e+01,-3.040000000000000036e+00,7.815323472023010254e-01
4.931192043981369011e+01,-7.600000000000000000e+01,-3.040000000000000036e+00,7.816554903984069824e-01
4.932860241560523917e+01,-7.600000000000000000e+01,-3.040000000000000036e+00,7.815358042716979980e-01
4.934528439139678824e+01,-7.600000000000000000e+01,-3.040000000000000036e+00,7.827597260475158691e-01
4.936196636718833020e+01,-7.600000000000000000e+01,-3.040000000000000036e+00,7.825628519058227539e-01
4.937864834297987926e+01,-7.600000000000000000e+01,-3.040000000000000036e+00,7.846415042877197266e-01
4.939533031877142832e+01,-7.600000000000000000e+01,-3.040000000000000036e+00,7.854055762290954590e-01
4.941201229456297739e+01,-7.600000000000000000e+01,-3.040000000000000036e+00,7.854135036468505859e-01
4.942869427035451935e+01,-7.600000000000000000e+01,-3.040000000000000036e+00,7.860395312309265137e-01
4.944537624614606841e+01,-7.600000000000000000e+01,-3.040000000000000036e+00,7.845366001129150391e-01
4.946205822193761747e+01,-7.600000000000000000e+01,-3.040000000000000036e+00,7.844859957695007324e-01
4.947874019772916654e+01,-7.600000000000000000e+01,-3.040000000000000036e+00,7.839046716690063477e-01
4.949542217352070850e+01,-7.600000000000000000e+01,-3.040000000000000036e+00,7.795623540878295898e-01
4.951210414931225756e+01,-7.600000000000000000e+01,-3.040000000000000036e+00,7.803530693054199219e-01
4.952878612510380663e+01,-7.600000000000000000e+01,-3.040000000000000036e+00,7.828177809715270996e-01
4.954546810089535569e+01,-7.600000000000000000e+01,-3.040000000000000036e+00,7.820149660110473633e-01
4.956215007668689765e+01,-7.600000000000000000e+01,-3.040000000000000036e+00,7.829669117927551270e-01
4.957883205247844671e+01,-7.600000000000000000e+01,-3.040000000000000036e+00,7.837069630622863770e-01
4.959551402826999578e+01,-7.600000000000000000e+01,-3.040000000000000036e+00,7.835493683815002441e-01
4.961219600406154484e+01,-7.600000000000000000e+01,-3.040000000000000036e+00,7.833998203277587891e-01
4.962887797985308680e+01,-7.600000000000000000e+01,-3.040000000000000036e+00,7.833648324012756348e-01
4.964555995564463586e+01,-7.600000000000000000e+01,-3.040000000000000036e+00,7.810658812522888184e-01
4.966224193143618493e+01,-7.600000000000000000e+01,-3.040000000000000036e+00,7.811824083328247070e-01
4.967892390722772689e+01,-7.600000000000000000e+01,-3.040000000000000036e+00,7.830898761749267578e-01
4.969560588301927595e+01,-7.600000000000000000e+01,-3.040000000000000036e+00,7.826603055000305176e-01
4.971228785881082501e+01,-7.600000000000000000e+01,-3.040000000000000036e+00,7.830004096031188965e-01
4.972896983460237408e+01,-7.600000000000000000e+01,-3.040000000000000036e+00,7.826134562492370605e-01
4.974565181039391604e+01,-7.600000000000000000e+01,-3.040000000000000036e+00,7.869964838027954102e-01
4.976233378618546510e+01,-7.600000000000000000e+01,-3.040000000000000036e+00,7.867091894149780273e-01
4.977901576197701417e+01,-7.600000000000000000e+01,-3.040000000000000036e+00,7.872079610824584961e-01
4.979569773776856323e+01,-7.600000000000000000e+01,-3.040000000000000036e+00,7.855621576309204102e-01
4.981237971356010519e+01,-7.600000000000000000e+01,-3.040000000000000036e+00,7.840791344642639160e-01
4.982906168935165425e+01,-7.600000000000000000e+01,-3.040000000000000036e+00,7.841899991035461426e-01
4.984574366514320332e+01,-7.600000000000000000e+01,-3.040000000000000036e+00,7.853783965110778809e-01
4.986242564093475238e+01,-7.600000000000000000e+01,-3.040000000000000036e+00,7.843729257583618164e-01
4.987910761672629434e+01,-7.600000000000000000e+01,-3.040000000000000036e+00,7.837589979171752930e-01
4.989578959251784340e+01,-7.600000000000000000e+01,-3.040000000000000036e+00,7.867292165756225586e-01
4.991247156830939247e+01,-7.600000000000000000e+01,-3.040000000000000036e+00,7.844378352165222168e-01
4.992915354410094153e+01,-7.600000000000000000e+01,-3.040000000000000036e+00,7.811059951782226562e-01
4.994583551989248349e+01,-7.600000000000000000e+01,-3.040000000000000036e+00,7.794371247291564941e-01
4.996251749568403255e+01,-7.600000000000000000e+01,-3.040000000000000036e+00,7.775259017944335938e-01
4.997919947147558162e+01,-7.600000000000000000e+01,-3.040000000000000036e+00,7.770603299140930176e-01
4.999588144726713068e+01,-7.600000000000000000e+01,-3.040000000000000036e+00,7.767984867095947266e-01
5.001256342305867264e+01,-7.600000000000000000e+01,-3.040000000000000036e+00,7.825887203216552734e-01
5.002924539885022170e+01,-7.600000000000000000e+01,-3.040000000000000036e+00,7.831640243530273438e-01
5.004592737464177077e+01,-7.600000000000000000e+01,-3.040000000000000036e+00,7.814053297042846680e-01
5.006260935043331983e+01,-7.600000000000000000e+01,-3.040000000000000036e+00,7.809095382690429688e-01
5.007929132622486179e+01,-7.600000000000000000e+01,-3.040000000000000036e+00,7.844678759574890137e-01
5.009597330201641086e+01,-7.500000000000000000e+01,-3.000000000000000000e+00,7.885472774505615234e-01
5.011265527780795992e+01,-7.500000000000000000e+01,-3.000000000000000000e+00,7.878413796424865723e-01
5.012933725359950898e+01,-7.600000000000000000e+01,-3.040000000000000036e+00,7.856422066688537598e-01
5.014601922939105094e+01,-7.600000000000000000e+01,-3.040000000000000036e+00,7.867068648338317871e-01
5.016270120518260001e+01,-7.600000000000000000e+01,-3.040000000000000036e+00,7.889493703842163086e-01
5.017938318097414907e+01,-7.500000000000000000e+01,-3.000000000000000000e+00,7.873474955558776855e-01
5.019606515676569813e+01,-7.500000000000000000e+01,-3.000000000000000000e+00,7.871519327163696289e-01
5.021274713255724009e+01,-7.500000000000000000e+01,-3.000000000000000000e+00,7.874613404273986816e-01
5.022942910834878916e+01,-7.500000000000000000e+01,-3.000000000000000000e+00,7.873965501785278320e-01
5.024611108414033822e+01,-7.500000000000000000e+01,-3.000000000000000000e+00,7.880717515945434570e-01
5.026279305993188729e+01,-7.500000000000000000e+01,-3.000000000000000000e+00,7.883525490760803223e-01
5.027947503572342924e+01,-7.500000000000000000e+01,-3.000000000000000000e+00,7.878189682960510254e-01
5.029615701151497831e+01,-7.500000000000000000e+01,-3.000000000000000000e+00,7.882033586502075195e-01
5.031283898730652737e+01,-7.600000000000000000e+01,-3.040000000000000036e+00,7.885218262672424316e-01
5.032952096309807644e+01,-7.600000000000000000e+01,-3.040000000000000036e+00,7.880560159683227539e-01
5.034620293888961839e+01,-7.600000000000000000e+01,-3.040000000000000036e+00,7.882163524627685547e-01
5.036288491468116746e+01,-7.600000000000000000e+01,-3.040000000000000036e+00,7.884644269943237305e-01
5.037956689047271652e+01,-7.600000000000000000e+01,-3.040000000000000036e+00,7.881029844284057617e-01
5.039624886626426559e+01,-7.600000000000000000e+01,-3.040000000000000036e+00,7.869724035263061523e-01
5.041293084205580755e+01,-7.600000000000000000e+01,-3.040000000000000036e+00,7.863644957542419434e-01
5.042961281784735661e+01,-7.600000000000000000e+01,-3.040000000000000036e+00,7.891909480094909668e-01
5.044629479363890567e+01,-7.600000000000000000e+01,-3.040000000000000036e+00,7.864373326301574707e-01
5.046297676943045474e+01,-7.600000000000000000e+01,-3.040000000000000036e+00,7.828732132911682129e-01
5.047965874522199670e+01,-7.600000000000000000e+01,-3.040000000000000036e+00,7.829707860946655273e-01
5.049634072101354576e+01,-7.600000000000000000e+01,-3.040000000000000036e+00,7.845575213432312012e-01
5.051302269680509482e+01,-7.600000000000000000e+01,-3.040000000000000036e+00,7.886133193969726562e-01
5.052970467259664389e+01,-7.600000000000000000e+01,-3.040000000000000036e+00,7.858602404594421387e-01
5.054638664838818585e+01,-7.600000000000000000e+01,-3.040000000000000036e+00,7.839808464050292969e-01
5.056306862417973491e+01,-7.600000000000000000e+01,-3.040000000000000036e+00,7.842177152633666992e-01
5.057975059997128398e+01,-7.600000000000000000e+01,-3.040000000000000036e+00,7.868408560752868652e-01
5.059643257576283304e+01,-7.600000000000000000e+01,-3.040000000000000036e+00,7.853721380233764648e-01
5.061311455155437500e+01,-7.600000000000000000e+01,-3.040000000000000036e+00,7.855861186981201172e-01
5.062979652734592406e+01,-7.600000000000000000e+01,-3.040000000000000036e+00,7.873858213424682617e-01
5.064647850313747313e+01,-7.600000000000000000e+01,-3.040000000000000036e+00,7.893911600112915039e-01
5.066316047892901508e+01,-7.600000000000000000e+01,-3.040000000000000036e+00,7.874739170074462891e-01
5.067984245472056415e+01,-7.600000000000000000e+01,-3.040000000000000036e+00,7.877123951911926270e-01
5.069652443051211321e+01,-7.600000000000000000e+01,-3.040000000000000036e+00,7.869249582290649414e-01
5.071320640630366228e+01,-7.600000000000000000e+01,-3.040000000000000036e+00,7.882217764854431152e-01
5.072988838209520424e+01,-7.600000000000000000e+01,-3.040000000000000036e+00,7.856760621070861816e-01
5.074657035788675330e+01,-7.600000000000000000e+01,-3.040000000000000036e+00,7.855274081230163574e-01
5.076325233367830236e+01,-7.600000000000000000e+01,-3.040000000000000036e+00,7.860885858535766602e-01
5.077993430946985143e+01,-7.600000000000000000e+01,-3.040000000000000036e+00,7.871627211570739746e-01
5.079661628526139339e+01,-7.600000000000000000e+01,-3.040000000000000036e+00,7.846419215202331543e-01
5.081329826105294245e+01,-7.600000000000000000e+01,-3.040000000000000036e+00,7.832461595535278320e-01
5.082998023684449151e+01,-7.600000000000000000e+01,-3.040000000000000036e+00,7.842286229133605957e-01
5.084666221263604058e+01,-7.600000000000000000e+01,-3.040000000000000036e+00,7.878329753875732422e-01
5.086334418842758254e+01,-7.600000000000000000e+01,-3.040000000000000036e+00,7.886298298835754395e-01
5.088002616421913160e+01,-7.600000000000000000e+01,-3.040000000000000036e+00,7.872868776321411133e-01
5.089670814001068067e+01,-7.600000000000000000e+01,-3.040000000000000036e+00,7.866968512535095215e-01
5.091339011580222973e+01,-7.600000000000000000e+01,-3.040000000000000036e+00,7.874197363853454590e-01
5.093007209159377169e+01,-7.600000000000000000e+01,-3.040000000000000036e+00,7.875582575798034668e-01
5.094675406738532075e+01,-7.600000000000000000e+01,-3.040000000000000036e+00,7.868430614471435547e-01
5.096343604317686982e+01,-7.600000000000000000e+01,-3.040000000000000036e+00,7.870554327964782715e-01
5.098011801896841888e+01,-7.600000000000000000e+01,-3.040000000000000036e+00,7.870608568191528320e-01
5.099679999475996084e+01,-7.600000000000000000e+01,-3.040000000000000036e+00,7.867170572280883789e-01
5.101348197055150990e+01,-7.600000000000000000e+01,-3.040000000000000036e+00,7.860569953918457031e-01
5.103016394634305897e+01,-7.600000000000000000e+01,-3.040000000000000036e+00,7.858663797378540039e-01
5.104684592213460803e+01,-7.600000000000000000e+01,-3.040000000000000036e+00,7.861999869346618652e-01
5.106352789792614999e+01,-7.600000000000000000e+01,-3.040000000000000036e+00,7.860660552978515625e-01
5.108020987371769905e+01,-7.600000000000000000e+01,-3.040000000000000036e+00,7.855001688003540039e-01
5.109689184950924812e+01,-7.600000000000000000e+01,-3.040000000000000036e+00,7.852432131767272949e-01
5.111357382530079718e+01,-7.600000000000000000e+01,-3.040000000000000036e+00,7.867909073829650879e-01
5.113025580109233914e+01,-7.600000000000000000e+01,-3.040000000000000036e+00,7.858750224113464355e-01
5.114693777688388820e+01,-7.600000000000000000e+01,-3.040000000000000036e+00,7.861849665641784668e-01
5.116361975267543727e+01,-7.600000000000000000e+01,-3.040000000000000036e+00,7.862240672111511230e-01
5.118030172846698633e+01,-7.600000000000000000e+01,-3.040000000000000036e+00,7.850955128669738770e-01
5.119698370425852829e+01,-7.600000000000000000e+01,-3.040000000000000036e+00,7.830591797828674316e-01
5.121366568005007736e+01,-7.600000000000000000e+01,-3.040000000000000036e+00,7.846084237098693848e-01
5.123034765584162642e+01,-7.600000000000000000e+01,-3.040000000000000036e+00,7.848787903785705566e-01
5.124702963163317548e+01,-7.600000000000000000e+01,-3.040000000000000036e+00,7.855294346809387207e-01
5.126371160742471744e+01,-7.600000000000000000e+01,-3.040000000000000036e+00,7.848115563392639160e-01
5.128039358321626651e+01,-7.600000000000000000e+01,-3.040000000000000036e+00,7.867988348007202148e-01
5.129707555900781557e+01,-7.600000000000000000e+01,-3.040000000000000036e+00,7.876918911933898926e-01
5.131375753479936463e+01,-7.600000000000000000e+01,-3.040000000000000036e+00,7.863659858703613281e-01
5.133043951059090659e+01,-7.600000000000000000e+01,-3.040000000000000036e+00,7.863225936889648438e-01
5.134712148638245566e+01,-7.600000000000000000e+01,-3.040000000000000036e+00,7.861621379852294922e-01
5.136380346217400472e+01,-7.600000000000000000e+01,-3.040000000000000036e+00,7.868860960006713867e-01
5.138048543796555379e+01,-7.600000000000000000e+01,-3.040000000000000036e+00,7.854545116424560547e-01
5.139716741375709574e+01,-7.600000000000000000e+01,-3.040000000000000036e+00,7.855826616287231445e-01
5.141384938954864481e+01,-7.600000000000000000e+01,-3.040000000000000036e+00,7.851119041442871094e-01
5.143053136534019387e+01,-7.500000000000000000e+01,-3.000000000000000000e+00,7.868695855140686035e-01
5.144721334113174294e+01,-7.500000000000000000e+01,-3.000000000000000000e+00,7.861348986625671387e-01
5.146389531692328489e+01,-7.500000000000000000e+01,-3.000000000000000000e+00,7.861981391906738281e-01
5.148057729271483396e+01,-7.500000000000000000e+01,-3.000000000000000000e+00,7.851420640945434570e-01
5.149725926850638302e+01,-7.500000000000000000e+01,-3.000000000000000000e+00,7.846783399581909180e-01
5.151394124429793209e+01,-7.600000000000000000e+01,-3.040000000000000036e+00,7.842209935188293457e-01
5.153062322008947405e+01,-7.600000000000000000e+01,-3.040000000000000036e+00,7.837378382682800293e-01
5.154730519588102311e+01,-7.600000000000000000e+01,-3.040000000000000036e+00,7.847224473953247070e-01
5.156398717167257217e+01,-7.500000000000000000e+01,-3.000000000000000000e+00,7.844025492668151855e-01
5.158066914746411413e+01,-7.500000000000000000e+01,-3.000000000000000000e+00,7.847043871879577637e-01
5.159735112325566320e+01,-7.500000000000000000e+01,-3.000000000000000000e+00,7.845669388771057129e-01
5.161403309904721226e+01,-7.500000000000000000e+01,-3.000000000000000000e+00,7.853261232376098633e-01
5.163071507483876132e+01,-7.500000000000000000e+01,-3.000000000000000000e+00,7.855517268180847168e-01
5.164739705063030328e+01,-7.500000000000000000e+01,-3.000000000000000000e+00,7.837370634078979492e-01
5.166407902642185235e+01,-7.600000000000000000e+01,-3.040000000000000036e+00,7.834815979003906250e-01
5.168076100221340141e+01,-7.500000000000000000e+01,-3.000000000000000000e+00,7.843431234359741211e-01
5.169744297800495048e+01,-7.500000000000000000e+01,-3.000000000000000000e+00,7.844018340110778809e-01
5.171412495379649243e+01,-7.500000000000000000e+01,-3.000000000000000000e+00,7.848474979400634766e-01
5.173080692958804150e+01,-7.500000000000000000e+01,-3.000000000000000000e+00,7.842198014259338379e-01
5.174748890537959056e+01,-7.500000000000000000e+01,-3.000000000000000000e+00,7.836700081825256348e-01
5.176417088117113963e+01,-7.500000000000000000e+01,-3.000000000000000000e+00,7.843346595764160156e-01
5.178085285696268159e+01,-7.500000000000000000e+01,-3.000000000000000000e+00,7.841723561286926270e-01
5.179753483275423065e+01,-7.500000000000000000e+01,-3.000000000000000000e+00,7.838155627250671387e-01
5.181421680854577971e+01,-7.500000000000000000e+01,-3.000000000000000000e+00,7.838867902755737305e-01
5.183089878433732878e+01,-7.500000000000000000e+01,-3.000000000000000000e+00,7.838958501815795898e-01
5.184758076012887074e+01,-7.500000000000000000e+01,-3.000000000000000000e+00,7.837681174278259277e-01
5.186426273592041980e+01,-7.500000000000000000e+01,-3.000000000000000000e+00,7.837410569190979004e-01
5.188094471171196886e+01,-7.500000000000000000e+01,-3.000000000000000000e+00,7.845582962036132812e-01
5.189762668750351793e+01,-7.500000000000000000e+01,-3.000000000000000000e+00,7.845081090927124023e-01
5.191430866329505989e+01,-7.700000000000000000e+01,-3.080000000000000071e+00,7.817487716674804688e-01
5.193099063908660895e+01,-7.700000000000000000e+01,-3.080000000000000071e+00,7.817649841308593750e-01
5.194767261487815802e+01,-7.700000000000000000e+01,-3.080000000000000071e+00,7.819143533706665039e-01
5.196435459066970708e+01,-7.700000000000000000e+01,-3.080000000000000071e+00,7.843724489212036133e-01
5.198103656646124904e+01,-7.700000000000000000e+01,-3.080000000000000071e+00,7.851305007934570312e-01
5.199771854225279810e+01,-7.300000000000000000e+01,-2.919999999999999929e+00,7.803185582160949707e-01
5.201440051804434717e+01,-7.300000000000000000e+01,-2.919999999999999929e+00,7.819477915763854980e-01
5.203108249383589623e+01,-7.300000000000000000e+01,-2.919999999999999929e+00,7.810214161872863770e-01
5.204776446962743819e+01,-7.700000000000000000e+01,-3.080000000000000071e+00,7.861165404319763184e-01
5.206444644541898725e+01,-7.300000000000000000e+01,-2.919999999999999929e+00,7.820881605148315430e-01
5.208112842121053632e+01,-7.500000000000000000e+01,-3.000000000000000000e+00,7.836054563522338867e-01
5.209781039700208538e+01,-7.500000000000000000e+01,-3.000000000000000000e+00,7.837612032890319824e-01
5.211449237279362734e+01,-7.700000000000000000e+01,-3.080000000000000071e+00,7.865546345710754395e-01
5.213117434858517640e+01,-7.700000000000000000e+01,-3.080000000000000071e+00,7.877632379531860352e-01
5.214785632437672547e+01,-7.700000000000000000e+01,-3.080000000000000071e+00,7.874269485473632812e-01
5.216453830016827453e+01,-7.700000000000000000e+01,-3.080000000000000071e+00,7.880017161369323730e-01
5.218122027595981649e+01,-7.700000000000000000e+01,-3.080000000000000071e+00,7.813497185707092285e-01
5.219790225175136555e+01,-7.700000000000000000e+01,-3.080000000000000071e+00,7.800551652908325195e-01
5.221458422754291462e+01,-7.700000000000000000e+01,-3.080000000000000071e+00,7.814944386482238770e-01
5.223126620333446368e+01,-7.700000000000000000e+01,-3.080000000000000071e+00,7.810534834861755371e-01
5.224794817912600564e+01,-7.300000000000000000e+01,-2.919999999999999929e+00,7.819977402687072754e-01
5.226463015491755471e+01,-7.500000000000000000e+01,-3.000000000000000000e+00,7.834101915359497070e-01
5.228131213070910377e+01,-7.500000000000000000e+01,-3.000000000000000000e+00,7.840512394905090332e-01
5.229799410650065283e+01,-7.700000000000000000e+01,-3.080000000000000071e+00,7.812661528587341309e-01
5.231467608229219479e+01,-7.700000000000000000e+01,-3.080000000000000071e+00,7.846241593360900879e-01
5.233135805808374386e+01,-7.500000000000000000e+01,-3.000000000000000000e+00,7.802860736846923828e-01
5.234804003387529292e+01,-7.500000000000000000e+01,-3.000000000000000000e+00,7.825047969818115234e-01
5.236472200966684198e+01,-7.500000000000000000e+01,-3.000000000000000000e+00,7.821599245071411133e-01
5.238140398545838394e+01,-7.700000000000000000e+01,-3.080000000000000071e+00,7.809905409812927246e-01
5.239808596124993301e+01,-7.700000000000000000e+01,-3.080000000000000071e+00,7.876935601234436035e-01
5.241476793704148207e+01,-7.300000000000000000e+01,-2.919999999999999929e+00,7.789188623428344727e-01
5.243144991283303114e+01,-7.300000000000000000e+01,-2.919999999999999929e+00,7.793990969657897949e-01
5.244813188862457309e+01,-7.500000000000000000e+01,-3.000000000000000000e+00,7.788665890693664551e-01
5.246481386441612216e+01,-7.700000000000000000e+01,-3.080000000000000071e+00,7.863765358924865723e-01
5.248149584020767122e+01,-7.600000000000000000e+01,-3.040000000000000036e+00,7.945252656936645508e-01
5.249817781599922029e+01,-7.600000000000000000e+01,-3.040000000000000036e+00,7.950178384780883789e-01
5.251485979179076224e+01,-7.600000000000000000e+01,-3.040000000000000036e+00,7.867621779441833496e-01
5.253154176758231131e+01,-7.700000000000000000e+01,-3.080000000000000071e+00,7.848065495491027832e-01
5.254822374337386037e+01,-7.700000000000000000e+01,-3.080000000000000071e+00,7.832709550857543945e-01
5.256490571916540233e+01,-7.700000000000000000e+01,-3.080000000000000071e+00,7.850350737571716309e-01
5.258158769495695140e+01,-7.600000000000000000e+01,-3.040000000000000036e+00,7.928270697593688965e-01
5.259826967074850046e+01,-7.600000000000000000e+01,-3.040000000000000036e+00,7.905054092407226562e-01
5.261495164654004952e+01,-7.600000000000000000e+01,-3.040000000000000036e+00,7.896680235862731934e-01
5.263163362233159148e+01,-7.600000000000000000e+01,-3.040000000000000036e+00,7.888726592063903809e-01
5.264831559812314055e+01,-7.600000000000000000e+01,-3.040000000000000036e+00,7.909225821495056152e-01
5.266499757391468961e+01,-7.600000000000000000e+01,-3.040000000000000036e+00,7.922537326812744141e-01
5.268167954970623867e+01,-7.600000000000000000e+01,-3.040000000000000036e+00,7.925308346748352051e-01
5.269836152549778063e+01,-7.600000000000000000e+01,-3.040000000000000036e+00,7.928382754325866699e-01
5.271504350128932970e+01,-7.600000000000000000e+01,-3.040000000000000036e+00,7.919015288352966309e-01
5.273172547708087876e+01,-7.600000000000000000e+01,-3.040000000000000036e+00,7.924216985702514648e-01
5.274840745287242783e+01,-7.600000000000000000e+01,-3.040000000000000036e+00,7.925860881805419922e-01
5.276508942866396978e+01,-7.600000000000000000e+01,-3.040000000000000036e+00,7.894889712333679199e-01
5.278177140445551885e+01,-7.600000000000000000e+01,-3.040000000000000036e+00,7.883762717247009277e-01
5.279845338024706791e+01,-7.600000000000000000e+01,-3.040000000000000036e+00,7.905309796333312988e-01
5.281513535603861698e+01,-7.600000000000000000e+01,-3.040000000000000036e+00,7.885958552360534668e-01
5.283181733183015893e+01,-7.700000000000000000e+01,-3.080000000000000071e+00,7.858150601387023926e-01
5.284849930762170800e+01,-7.700000000000000000e+01,-3.080000000000000071e+00,7.868917584419250488e-01
5.286518128341325706e+01,-7.700000000000000000e+01,-3.080000000000000071e+00,7.888170480728149414e-01
5.288186325920480613e+01,-7.700000000000000000e+01,-3.080000000000000071e+00,7.829468250274658203e-01
5.289854523499634809e+01,-7.500000000000000000e+01,-3.000000000000000000e+00,7.796040773391723633e-01
5.291522721078789715e+01,-7.500000000000000000e+01,-3.000000000000000000e+00,7.807061076164245605e-01
5.293190918657944621e+01,-7.500000000000000000e+01,-3.000000000000000000e+00,7.810368537902832031e-01
5.294859116237099528e+01,-7.600000000000000000e+01,-3.040000000000000036e+00,7.832550406455993652e-01
5.296527313816253724e+01,-7.600000000000000000e+01,-3.040000000000000036e+00,7.811239361763000488e-01
5.298195511395408630e+01,-7.600000000000000000e+01,-3.040000000000000036e+00,7.822342514991760254e-01
5.299863708974563536e+01,-7.600000000000000000e+01,-3.040000000000000036e+00,7.835917472839355469e-01
5.301531906553718443e+01,-7.500000000000000000e+01,-3.000000000000000000e+00,7.856927514076232910e-01
5.303200104132872639e+01,-7.300000000000000000e+01,-2.919999999999999929e+00,7.839100360870361328e-01
5.304868301712027545e+01,-7.500000000000000000e+01,-3.000000000000000000e+00,7.830128073692321777e-01
5.306536499291182452e+01,-7.500000000000000000e+01,-3.000000000000000000e+00,7.837886810302734375e-01
5.308204696870337358e+01,-7.500000000000000000e+01,-3.000000000000000000e+00,7.838640809059143066e-01
5.309872894449491554e+01,-7.700000000000000000e+01,-3.080000000000000071e+00,7.793399691581726074e-01
5.311541092028646460e+01,-7.700000000000000000e+01,-3.080000000000000071e+00,7.872179746627807617e-01
5.313209289607801367e+01,-7.700000000000000000e+01,-3.080000000000000071e+00,7.828828096389770508e-01
5.314877487186956273e+01,-7.700000000000000000e+01,-3.080000000000000071e+00,7.795977592468261719e-01
5.316545684766110469e+01,-7.700000000000000000e+01,-3.080000000000000071e+00,7.792893052101135254e-01
5.318213882345265375e+01,-7.700000000000000000e+01,-3.080000000000000071e+00,7.818868756294250488e-01
5.319882079924420282e+01,-7.700000000000000000e+01,-3.080000000000000071e+00,7.810686230659484863e-01
5.321550277503575188e+01,-7.700000000000000000e+01,-3.080000000000000071e+00,7.806789875030517578e-01
5.323218475082729384e+01,-7.700000000000000000e+01,-3.080000000000000071e+00,7.809512019157409668e-01
5.324886672661884290e+01,-7.700000000000000000e+01,-3.080000000000000071e+00,7.808474302291870117e-01
5.326554870241039197e+01,-7.700000000000000000e+01,-3.080000000000000071e+00,7.812846302986145020e-01
5.328223067820194103e+01,-7.700000000000000000e+01,-3.080000000000000071e+00,7.803425192832946777e-01
5.329891265399348299e+01,-7.700000000000000000e+01,-3.080000000000000071e+00,7.809487581253051758e-01
5.331559462978503205e+01,-7.300000000000000000e+01,-2.919999999999999929e+00,7.778701186180114746e-01
5.333227660557658112e+01,-7.500000000000000000e+01,-3.000000000000000000e+00,7.798252701759338379e-01
5.334895858136813018e+01,-7.300000000000000000e+01,-2.919999999999999929e+00,7.794679403305053711e-01
5.336564055715967214e+01,-7.700000000000000000e+01,-3.080000000000000071e+00,7.857672572135925293e-01
5.338232253295122121e+01,-7.700000000000000000e+01,-3.080000000000000071e+00,7.847871780395507812e-01
5.339900450874277027e+01,-7.700000000000000000e+01,-3.080000000000000071e+00,7.830984592437744141e-01
5.341568648453431933e+01,-7.700000000000000000e+01,-3.080000000000000071e+00,7.830902338027954102e-01
5.343236846032586129e+01,-7.700000000000000000e+01,-3.080000000000000071e+00,7.833087444305419922e-01
5.344905043611741036e+01,-7.700000000000000000e+01,-3.080000000000000071e+00,7.799441218376159668e-01
5.346573241190895942e+01,-7.700000000000000000e+01,-3.080000000000000071e+00,7.789606451988220215e-01
5.348241438770050138e+01,-7.700000000000000000e+01,-3.080000000000000071e+00,7.790747880935668945e-01
5.349909636349205044e+01,-7.700000000000000000e+01,-3.080000000000000071e+00,7.792363166809082031e-01
5.351577833928359951e+01,-7.700000000000000000e+01,-3.080000000000000071e+00,7.791820764541625977e-01
5.353246031507514857e+01,-7.700000000000000000e+01,-3.080000000000000071e+00,7.875272631645202637e-01
5.354914229086669053e+01,-7.700000000000000000e+01,-3.080000000000000071e+00,7.906076908111572266e-01
5.356582426665823959e+01,-7.700000000000000000e+01,-3.080000000000000071e+00,7.910525798797607422e-01
5.358250624244978866e+01,-7.700000000000000000e+01,-3.080000000000000071e+00,7.918195128440856934e-01
5.359918821824133772e+01,-7.700000000000000000e+01,-3.080000000000000071e+00,7.916595339775085449e-01
5.361587019403287968e+01,-7.600000000000000000e+01,-3.040000000000000036e+00,7.915776968002319336e-01
5.363255216982442874e+01,-7.600000000000000000e+01,-3.040000000000000036e+00,7.919719219207763672e-01
5.364923414561597781e+01,-7.600000000000000000e+01,-3.040000000000000036e+00,7.921497225761413574e-01
5.366591612140752687e+01,-7.600000000000000000e+01,-3.040000000000000036e+00,7.931225299835205078e-01
5.368259809719906883e+01,-7.600000000000000000e+01,-3.040000000000000036e+00,7.935337424278259277e-01
5.369928007299061790e+01,-7.600000000000000000e+01,-3.040000000000000036e+00,7.924134135246276855e-01
5.371596204878216696e+01,-7.600000000000000000e+01,-3.040000000000000036e+00,7.893226146697998047e-01
5.373264402457371602e+01,-7.700000000000000000e+01,-3.080000000000000071e+00,7.858840823173522949e-01
5.374932600036525798e+01,-7.700000000000000000e+01,-3.080000000000000071e+00,7.866037487983703613e-01
5.376600797615680705e+01,-7.700000000000000000e+01,-3.080000000000000071e+00,7.802540659904479980e-01
5.378268995194835611e+01,-7.700000000000000000e+01,-3.080000000000000071e+00,7.783565521240234375e-01
5.379937192773990517e+01,-7.700000000000000000e+01,-3.080000000000000071e+00,7.800773382186889648e-01
5.381605390353144713e+01,-7.700000000000000000e+01,-3.080000000000000071e+00,7.821305990219116211e-01
5.383273587932299620e+01,-7.700000000000000000e+01,-3.080000000000000071e+00,7.841618061065673828e-01
5.384941785511454526e+01,-7.700000000000000000e+01,-3.080000000000000071e+00,7.872422933578491211e-01
5.386609983090609433e+01,-7.700000000000000000e+01,-3.080000000000000071e+00,7.871415615081787109e-01
5.388278180669763628e+01,-7.700000000000000000e+01,-3.080000000000000071e+00,7.871052026748657227e-01
5.389946378248918535e+01,-7.700000000000000000e+01,-3.080000000000000071e+00,7.880026698112487793e-01
5.391614575828073441e+01,-7.700000000000000000e+01,-3.080000000000000071e+00,7.877187132835388184e-01
5.393282773407228348e+01,-7.700000000000000000e+01,-3.080000000000000071e+00,7.877677679061889648e-01
5.394950970986382544e+01,-7.700000000000000000e+01,-3.080000000000000071e+00,7.873591780662536621e-01
5.396619168565537450e+01,-7.700000000000000000e+01,-3.080000000000000071e+00,7.868555784225463867e-01
5.398287366144692356e+01,-7.700000000000000000e+01,-3.080000000000000071e+00,7.811040878295898438e-01
5.399955563723847263e+01,-7.700000000000000000e+01,-3.080000000000000071e+00,7.802796363830566406e-01
5.401623761303001459e+01,-7.700000000000000000e+01,-3.080000000000000071e+00,7.855936288833618164e-01
5.403291958882156365e+01,-7.700000000000000000e+01,-3.080000000000000071e+00,7.846843004226684570e-01
5.404960156461311271e+01,-7.700000000000000000e+01,-3.080000000000000071e+00,7.780330777168273926e-01
5.406628354040466178e+01,-7.700000000000000000e+01,-3.080000000000000071e+00,7.781423926353454590e-01
5.408296551619620374e+01,-7.700000000000000000e+01,-3.080000000000000071e+00,7.838943004608154297e-01
5.409964749198775280e+01,-7.700000000000000000e+01,-3.080000000000000071e+00,7.882049679756164551e-01
5.411632946777930186e+01,-7.700000000000000000e+01,-3.080000000000000071e+00,7.837174534797668457e-01
5.413301144357085093e+01,-7.700000000000000000e+01,-3.080000000000000071e+00,7.813292741775512695e-01
5.414969341936239289e+01,-7.700000000000000000e+01,-3.080000000000000071e+00,7.824233770370483398e-01
5.416637539515394195e+01,-7.700000000000000000e+01,-3.080000000000000071e+00,7.872208356857299805e-01
5.418305737094549102e+01,-7.700000000000000000e+01,-3.080000000000000071e+00,7.924906611442565918e-01
5.419973934673704008e+01,-7.700000000000000000e+01,-3.080000000000000071e+00,7.820501327514648438e-01
5.421642132252858204e+01,-7.300000000000000000e+01,-2.919999999999999929e+00,7.802062034606933594e-01
5.423310329832013110e+01,-7.300000000000000000e+01,-2.919999999999999929e+00,7.805496454238891602e-01
5.424978527411168017e+01,-7.700000000000000000e+01,-3.080000000000000071e+00,7.818737626075744629e-01
5.426646724990322923e+01,-7.700000000000000000e+01,-3.080000000000000071e+00,7.885441780090332031e-01
5.428314922569477119e+01,-7.700000000000000000e+01,-3.080000000000000071e+00,7.856405973434448242e-01
5.429983120148632025e+01,-7.700000000000000000e+01,-3.080000000000000071e+00,7.844281196594238281e-01
5.431651317727786932e+01,-7.700000000000000000e+01,-3.080000000000000071e+00,7.860248088836669922e-01
5.433319515306941838e+01,-7.700000000000000000e+01,-3.080000000000000071e+00,7.889430522918701172e-01
5.434987712886096034e+01,-7.700000000000000000e+01,-3.080000000000000071e+00,7.887518405914306641e-01
5.436655910465250940e+01,-7.700000000000000000e+01,-3.080000000000000071e+00,7.910200357437133789e-01
5.438324108044405847e+01,-7.700000000000000000e+01,-3.080000000000000071e+00,7.942671775817871094e-01
5.439992305623560753e+01,-7.700000000000000000e+01,-3.080000000000000071e+00,7.940794825553894043e-01
5.441660503202714949e+01,-7.600000000000000000e+01,-3.040000000000000036e+00,7.944144010543823242e-01
5.443328700781869856e+01,-7.600000000000000000e+01,-3.040000000000000036e+00,7.962857484817504883e-01
5.444996898361024762e+01,-7.600000000000000000e+01,-3.040000000000000036e+00,7.961825728416442871e-01
5.446665095940178958e+01,-7.600000000000000000e+01,-3.040000000000000036e+00,7.963953614234924316e-01
5.448333293519333864e+01,-7.600000000000000000e+01,-3.040000000000000036e+00,7.962067127227783203e-01
5.450001491098488771e+01,-7.600000000000000000e+01,-3.040000000000000036e+00,7.961460351943969727e-01
5.451669688677643677e+01,-7.600000000000000000e+01,-3.040000000000000036e+00,7.960367202758789062e-01
5.453337886256797873e+01,-7.600000000000000000e+01,-3.040000000000000036e+00,7.947126030921936035e-01
5.455006083835952779e+01,-7.600000000000000000e+01,-3.040000000000000036e+00,7.948806285858154297e-01
5.456674281415107686e+01,-7.600000000000000000e+01,-3.040000000000000036e+00,7.951979637145996094e-01
5.458342478994262592e+01,-7.600000000000000000e+01,-3.040000000000000036e+00,7.952835559844970703e-01
5.460010676573416788e+01,-7.600000000000000000e+01,-3.040000000000000036e+00,7.954441905021667480e-01
5.461678874152571694e+01,-7.600000000000000000e+01,-3.040000000000000036e+00,7.944449782371520996e-01
5.463347071731726601e+01,-7.600000000000000000e+01,-3.040000000000000036e+00,7.946928143501281738e-01
5.465015269310881507e+01,-7.600000000000000000e+01,-3.040000000000000036e+00,7.950198054313659668e-01
5.466683466890035703e+01,-7.600000000000000000e+01,-3.040000000000000036e+00,7.951681613922119141e-01
5.468351664469190609e+01,-7.600000000000000000e+01,-3.040000000000000036e+00,7.936445474624633789e-01
5.470019862048345516e+01,-7.600000000000000000e+01,-3.040000000000000036e+00,7.939807176589965820e-01
5.471688059627500422e+01,-7.600000000000000000e+01,-3.040000000000000036e+00,7.932857871055603027e-01
5.473356257206654618e+01,-7.600000000000000000e+01,-3.040000000000000036e+00,7.937481999397277832e-01
5.475024454785809525e+01,-7.600000000000000000e+01,-3.040000000000000036e+00,7.932689189910888672e-01
5.476692652364964431e+01,-7.600000000000000000e+01,-3.040000000000000036e+00,7.937304973602294922e-01
5.478360849944119337e+01,-7.600000000000000000e+01,-3.040000000000000036e+00,7.937236428260803223e-01
5.480029047523273533e+01,-7.600000000000000000e+01,-3.040000000000000036e+00,7.949537038803100586e-01
5.481697245102428440e+01,-7.600000000000000000e+01,-3.040000000000000036e+00,7.949764728546142578e-01
5.483365442681583346e+01,-7.600000000000000000e+01,-3.040000000000000036e+00,7.940699458122253418e-01
5.485033640260738252e+01,-7.600000000000000000e+01,-3.040000000000000036e+00,7.960881590843200684e-01
5.486701837839892448e+01,-7.600000000000000000e+01,-3.040000000000000036e+00,7.934281826019287109e-01
5.488370035419047355e+01,-7.600000000000000000e+01,-3.040000000000000036e+00,7.939668297767639160e-01
5.490038232998202261e+01,-7.600000000000000000e+01,-3.040000000000000036e+00,7.962320446968078613e-01
5.491706430577357168e+01,-7.600000000000000000e+01,-3.040000000000000036e+00,7.959777712821960449e-01
5.493374628156511363e+01,-7.600000000000000000e+01,-3.040000000000000036e+00,7.959408164024353027e-01
5.495042825735666270e+01,-7.600000000000000000e+01,-3.040000000000000036e+00,7.951387166976928711e-01
5.496711023314821176e+01,-7.600000000000000000e+01,-3.040000000000000036e+00,7.944670915603637695e-01
5.498379220893976083e+01,-7.600000000000000000e+01,-3.040000000000000036e+00,7.936456203460693359e-01
5.500047418473130278e+01,-7.600000000000000000e+01,-3.040000000000000036e+00,7.933788895606994629e-01
5.501715616052285185e+01,-7.600000000000000000e+01,-3.040000000000000036e+00,7.953561544418334961e-01
5.503383813631440091e+01,-7.600000000000000000e+01,-3.040000000000000036e+00,7.943469285964965820e-01
5.505052011210594998e+01,-7.600000000000000000e+01,-3.040000000000000036e+00,7.928920388221740723e-01
5.506720208789749194e+01,-7.700000000000000000e+01,-3.080000000000000071e+00,7.920488715171813965e-01
5.508388406368904100e+01,-7.700000000000000000e+01,-3.080000000000000071e+00,7.818638086318969727e-01
5.510056603948059006e+01,-7.300000000000000000e+01,-2.919999999999999929e+00,7.784479260444641113e-01
5.511724801527213913e+01,-7.700000000000000000e+01,-3.080000000000000071e+00,7.783003449440002441e-01
5.513392999106368109e+01,-7.700000000000000000e+01,-3.080000000000000071e+00,7.826700806617736816e-01
5.515061196685523015e+01,-7.700000000000000000e+01,-3.080000000000000071e+00,7.812181711196899414e-01
5.516729394264677921e+01,-7.700000000000000000e+01,-3.080000000000000071e+00,7.807005643844604492e-01
5.518397591843832828e+01,-7.700000000000000000e+01,-3.080000000000000071e+00,7.857863306999206543e-01
5.520065789422987024e+01,-7.700000000000000000e+01,-3.080000000000000071e+00,7.854192852973937988e-01
5.521733987002141930e+01,-7.700000000000000000e+01,-3.080000000000000071e+00,7.822575569152832031e-01
5.523402184581296837e+01,-7.700000000000000000e+01,-3.080000000000000071e+00,7.817713022232055664e-01
5.525070382160451743e+01,-7.700000000000000000e+01,-3.080000000000000071e+00,7.823950648307800293e-01
5.526738579739605939e+01,-7.500000000000000000e+01,-3.000000000000000000e+00,7.820438146591186523e-01
5.528406777318760845e+01,-7.600000000000000000e+01,-3.040000000000000036e+00,7.834056019783020020e-01
5.530074974897915752e+01,-7.600000000000000000e+01,-3.040000000000000036e+00,7.843676209449768066e-01
5.531743172477070658e+01,-7.600000000000000000e+01,-3.040000000000000036e+00,7.827094793319702148e-01
5.533411370056224854e+01,-7.600000000000000000e+01,-3.040000000000000036e+00,7.832311987876892090e-01
5.535079567635379760e+01,-7.600000000000000000e+01,-3.040000000000000036e+00,7.837995290756225586e-01
5.536747765214534667e+01,-7.600000000000000000e+01,-3.040000000000000036e+00,7.835538387298583984e-01
5.538415962793689573e+01,-7.600000000000000000e+01,-3.040000000000000036e+00,7.841035723686218262e-01
5.540084160372843769e+01,-7.600000000000000000e+01,-3.040000000000000036e+00,7.847465872764587402e-01
5.541752357951998675e+01,-7.600000000000000000e+01,-3.040000000000000036e+00,7.844862341880798340e-01
5.543420555531153582e+01,-7.600000000000000000e+01,-3.040000000000000036e+00,7.840811014175415039e-01
5.545088753110307778e+01,-7.600000000000000000e+01,-3.040000000000000036e+00,7.838295102119445801e-01
5.546756950689462684e+01,-7.600000000000000000e+01,-3.040000000000000036e+00,7.856090068817138672e-01
5.548425148268617590e+01,-7.600000000000000000e+01,-3.040000000000000036e+00,7.849536538124084473e-01
5.550093345847772497e+01,-7.600000000000000000e+01,-3.040000000000000036e+00,7.842236757278442383e-01
5.551761543426926693e+01,-7.600000000000000000e+01,-3.040000000000000036e+00,7.849963307380676270e-01
5.553429741006081599e+01,-7.600000000000000000e+01,-3.040000000000000036e+00,7.868665456771850586e-01
5.555097938585236506e+01,-7.600000000000000000e+01,-3.040000000000000036e+00,7.868755459785461426e-01
5.556766136164391412e+01,-7.600000000000000000e+01,-3.040000000000000036e+00,7.870506644248962402e-01
5.558434333743545608e+01,-7.600000000000000000e+01,-3.040000000000000036e+00,7.865931987762451172e-01
5.560102531322700514e+01,-7.600000000000000000e+01,-3.040000000000000036e+00,7.877167463302612305e-01
5.561770728901855421e+01,-7.600000000000000000e+01,-3.040000000000000036e+00,7.874841690063476562e-01
5.563438926481010327e+01,-7.600000000000000000e+01,-3.040000000000000036e+00,7.860425114631652832e-01
5.565107124060164523e+01,-7.600000000000000000e+01,-3.040000000000000036e+00,7.854657173156738281e-01
5.566775321639319429e+01,-7.400000000000000000e+01,-2.959999999999999964e+00,7.820782661437988281e-01
5.568443519218474336e+01,-7.400000000000000000e+01,-2.959999999999999964e+00,7.816273570060729980e-01
5.570111716797629242e+01,-7.600000000000000000e+01,-3.040000000000000036e+00,7.853403091430664062e-01
5.571779914376783438e+01,-7.600000000000000000e+01,-3.040000000000000036e+00,7.852977514266967773e-01
5.573448111955938344e+01,-7.600000000000000000e+01,-3.040000000000000036e+00,7.856907844543457031e-01
5.575116309535093251e+01,-7.400000000000000000e+01,-2.959999999999999964e+00,7.848734259605407715e-01
5.576784507114248157e+01,-7.600000000000000000e+01,-3.040000000000000036e+00,7.850956320762634277e-01
5.578452704693402353e+01,-7.600000000000000000e+01,-3.040000000000000036e+00,7.854075431823730469e-01
5.580120902272557259e+01,-7.600000000000000000e+01,-3.040000000000000036e+00,7.854889035224914551e-01
5.581789099851712166e+01,-7.600000000000000000e+01,-3.040000000000000036e+00,7.861593365669250488e-01
5.583457297430867072e+01,-7.600000000000000000e+01,-3.040000000000000036e+00,7.864755392074584961e-01
5.585125495010021268e+01,-7.600000000000000000e+01,-3.040000000000000036e+00,7.871147394180297852e-01
5.586793692589176175e+01,-7.600000000000000000e+01,-3.040000000000000036e+00,7.880089282989501953e-01
5.588461890168331081e+01,-7.600000000000000000e+01,-3.040000000000000036e+00,7.866796255111694336e-01
5.590130087747485987e+01,-7.600000000000000000e+01,-3.040000000000000036e+00,7.852228879928588867e-01
5.591798285326640183e+01,-7.600000000000000000e+01,-3.040000000000000036e+00,7.863197922706604004e-01
5.593466482905795090e+01,-7.600000000000000000e+01,-3.040000000000000036e+00,7.889888286590576172e-01
5.595134680484949996e+01,-7.700000000000000000e+01,-3.080000000000000071e+00,7.840406298637390137e-01
5.596802878064104902e+01,-7.700000000000000000e+01,-3.080000000000000071e+00,7.798457145690917969e-01
5.598471075643259098e+01,-7.700000000000000000e+01,-3.080000000000000071e+00,7.805027365684509277e-01
5.600139273222414005e+01,-7.700000000000000000e+01,-3.080000000000000071e+00,7.838543057441711426e-01
5.601807470801568911e+01,-7.700000000000000000e+01,-3.080000000000000071e+00,7.849234342575073242e-01
5.603475668380723818e+01,-7.700000000000000000e+01,-3.080000000000000071e+00,7.818838357925415039e-01
5.605143865959878013e+01,-7.700000000000000000e+01,-3.080000000000000071e+00,7.826464176177978516e-01
5.606812063539032920e+01,-7.700000000000000000e+01,-3.080000000000000071e+00,7.831206917762756348e-01
5.608480261118187826e+01,-7.700000000000000000e+01,-3.080000000000000071e+00,7.837299704551696777e-01
5.610148458697342733e+01,-7.700000000000000000e+01,-3.080000000000000071e+00,7.836723923683166504e-01
5.611816656276496929e+01,-7.700000000000000000e+01,-3.080000000000000071e+00,7.837104201316833496e-01
5.613484853855651835e+01,-7.700000000000000000e+01,-3.080000000000000071e+00,7.842423319816589355e-01
5.615153051434806741e+01,-7.700000000000000000e+01,-3.080000000000000071e+00,7.851585745811462402e-01
5.616821249013961648e+01,-7.700000000000000000e+01,-3.080000000000000071e+00,7.874733805656433105e-01
5.618489446593115844e+01,-7.600000000000000000e+01,-3.040000000000000036e+00,7.885973453521728516e-01
5.620157644172270750e+01,-7.700000000000000000e+01,-3.080000000000000071e+00,7.870576977729797363e-01
5.621825841751425656e+01,-7.700000000000000000e+01,-3.080000000000000071e+00,7.858585119247436523e-01
5.623494039330580563e+01,-7.700000000000000000e+01,-3.080000000000000071e+00,7.868736982345581055e-01
5.625162236909734759e+01,-7.700000000000000000e+01,-3.080000000000000071e+00,7.878938913345336914e-01
5.626830434488889665e+01,-7.700000000000000000e+01,-3.080000000000000071e+00,7.850573062896728516e-01
5.628498632068044571e+01,-7.700000000000000000e+01,-3.080000000000000071e+00,7.843966484069824219e-01
5.630166829647199478e+01,-7.700000000000000000e+01,-3.080000000000000071e+00,7.849590778350830078e-01
5.631835027226353674e+01,-7.700000000000000000e+01,-3.080000000000000071e+00,7.840162515640258789e-01
5.633503224805508580e+01,-7.700000000000000000e+01,-3.080000000000000071e+00,7.846154570579528809e-01
5.635171422384663487e+01,-7.700000000000000000e+01,-3.080000000000000071e+00,7.853767275810241699e-01
5.636839619963817682e+01,-7.700000000000000000e+01,-3.080000000000000071e+00,7.856728434562683105e-01
5.638507817542972589e+01,-7.700000000000000000e+01,-3.080000000000000071e+00,7.863450646400451660e-01
5.640176015122127495e+01,-7.700000000000000000e+01,-3.080000000000000071e+00,7.861035466194152832e-01
5.641844212701282402e+01,-7.700000000000000000e+01,-3.080000000000000071e+00,7.840275764465332031e-01
5.643512410280436598e+01,-7.700000000000000000e+01,-3.080000000000000071e+00,7.798355817794799805e-01
5.645180607859591504e+01,-7.700000000000000000e+01,-3.080000000000000071e+00,7.803024053573608398e-01
5.646848805438746410e+01,-7.700000000000000000e+01,-3.080000000000000071e+00,7.806511521339416504e-01
5.648517003017901317e+01,-7.700000000000000000e+01,-3.080000000000000071e+00,7.790533900260925293e-01
5.650185200597055513e+01,-7.700000000000000000e+01,-3.080000000000000071e+00,7.777422070503234863e-01
5.651853398176210419e+01,-7.700000000000000000e+01,-3.080000000000000071e+00,7.786074280738830566e-01
5.653521595755365325e+01,-7.700000000000000000e+01,-3.080000000000000071e+00,7.835077047348022461e-01
5.655189793334520232e+01,-7.700000000000000000e+01,-3.080000000000000071e+00,7.799814939498901367e-01
5.656857990913674428e+01,-7.700000000000000000e+01,-3.080000000000000071e+00,7.770472764968872070e-01
5.658526188492829334e+01,-7.700000000000000000e+01,-3.080000000000000071e+00,7.762718796730041504e-01
5.660194386071984241e+01,-7.700000000000000000e+01,-3.080000000000000071e+00,7.766943573951721191e-01
5.661862583651139147e+01,-7.600000000000000000e+01,-3.040000000000000036e+00,7.722423672676086426e-01
5.663530781230293343e+01,-7.600000000000000000e+01,-3.040000000000000036e+00,7.733960747718811035e-01
5.665198978809448249e+01,-7.600000000000000000e+01,-3.040000000000000036e+00,7.734696269035339355e-01
5.666867176388603156e+01,-7.600000000000000000e+01,-3.040000000000000036e+00,7.747380733489990234e-01
5.668535373967758062e+01,-7.600000000000000000e+01,-3.040000000000000036e+00,7.750698924064636230e-01
5.670203571546912258e+01,-7.600000000000000000e+01,-3.040000000000000036e+00,7.757784128189086914e-01
5.671871769126067164e+01,-7.600000000000000000e+01,-3.040000000000000036e+00,7.758286595344543457e-01
5.673539966705222071e+01,-7.600000000000000000e+01,-3.040000000000000036e+00,7.760653495788574219e-01
5.675208164284376977e+01,-7.600000000000000000e+01,-3.040000000000000036e+00,7.760221958160400391e-01
5.676876361863531173e+01,-7.600000000000000000e+01,-3.040000000000000036e+00,7.751726508140563965e-01
5.678544559442686079e+01,-7.600000000000000000e+01,-3.040000000000000036e+00,7.749264836311340332e-01
5.680212757021840986e+01,-7.600000000000000000e+01,-3.040000000000000036e+00,7.750930190086364746e-01
5.681880954600995892e+01,-7.600000000000000000e+01,-3.040000000000000036e+00,7.749651670455932617e-01
5.683549152180150088e+01,-7.600000000000000000e+01,-3.040000000000000036e+00,7.742464542388916016e-01
5.685217349759304994e+01,-7.800000000000000000e+01,-3.120000000000000107e+00,7.742578387260437012e-01
5.686885547338459901e+01,-7.600000000000000000e+01,-3.040000000000000036e+00,7.730934619903564453e-01
5.688553744917614807e+01,-7.600000000000000000e+01,-3.040000000000000036e+00,7.735102772712707520e-01
5.690221942496769003e+01,-7.400000000000000000e+01,-2.959999999999999964e+00,7.729837894439697266e-01
5.691890140075923910e+01,-7.600000000000000000e+01,-3.040000000000000036e+00,7.743139863014221191e-01
5.693558337655078816e+01,-7.600000000000000000e+01,-3.040000000000000036e+00,7.766205668449401855e-01
5.695226535234233722e+01,-7.600000000000000000e+01,-3.040000000000000036e+00,7.773211002349853516e-01
5.696894732813387918e+01,-7.600000000000000000e+01,-3.040000000000000036e+00,7.772346735000610352e-01
5.698562930392542825e+01,-7.600000000000000000e+01,-3.040000000000000036e+00,7.766049504280090332e-01
5.700231127971697731e+01,-7.600000000000000000e+01,-3.040000000000000036e+00,7.761979103088378906e-01
5.701899325550852637e+01,-7.600000000000000000e+01,-3.040000000000000036e+00,7.747495770454406738e-01
5.703567523130006833e+01,-7.700000000000000000e+01,-3.080000000000000071e+00,7.736347913742065430e-01
5.705235720709161740e+01,-7.700000000000000000e+01,-3.080000000000000071e+00,7.756172418594360352e-01
5.706903918288316646e+01,-7.700000000000000000e+01,-3.080000000000000071e+00,7.814553380012512207e-01
5.708572115867471553e+01,-7.700000000000000000e+01,-3.080000000000000071e+00,7.833556532859802246e-01
5.710240313446625748e+01,-7.700000000000000000e+01,-3.080000000000000071e+00,7.829112410545349121e-01
5.711908511025780655e+01,-7.700000000000000000e+01,-3.080000000000000071e+00,7.833133339881896973e-01
5.713576708604935561e+01,-7.700000000000000000e+01,-3.080000000000000071e+00,7.832956910133361816e-01
5.715244906184090468e+01,-7.700000000000000000e+01,-3.080000000000000071e+00,7.800410985946655273e-01
5.716913103763244663e+01,-7.700000000000000000e+01,-3.080000000000000071e+00,7.806298732757568359e-01
5.718581301342399570e+01,-7.700000000000000000e+01,-3.080000000000000071e+00,7.846074700355529785e-01
5.720249498921554476e+01,-7.700000000000000000e+01,-3.080000000000000071e+00,7.819504141807556152e-01
5.721917696500709383e+01,-7.700000000000000000e+01,-3.080000000000000071e+00,7.786694169044494629e-01
5.723585894079863579e+01,-7.700000000000000000e+01,-3.080000000000000071e+00,7.784404158592224121e-01
5.725254091659018485e+01,-7.700000000000000000e+01,-3.080000000000000071e+00,7.832839488983154297e-01
5.726922289238173391e+01,-7.700000000000000000e+01,-3.080000000000000071e+00,7.810199856758117676e-01
5.728590486817328298e+01,-7.600000000000000000e+01,-3.040000000000000036e+00,7.753025293350219727e-01
5.730258684396482494e+01,-7.600000000000000000e+01,-3.040000000000000036e+00,7.763990163803100586e-01
5.731926881975637400e+01,-7.600000000000000000e+01,-3.040000000000000036e+00,7.756903767585754395e-01
5.733595079554792306e+01,-7.800000000000000000e+01,-3.120000000000000107e+00,7.778595089912414551e-01
5.735263277133946502e+01,-7.700000000000000000e+01,-3.080000000000000071e+00,7.796881794929504395e-01
5.736931474713101409e+01,-7.800000000000000000e+01,-3.120000000000000107e+00,7.755100131034851074e-01
5.738599672292256315e+01,-7.800000000000000000e+01,-3.120000000000000107e+00,7.754605412483215332e-01
5.740267869871411222e+01,-7.800000000000000000e+01,-3.120000000000000107e+00,7.786139845848083496e-01
5.741936067450565417e+01,-7.700000000000000000e+01,-3.080000000000000071e+00,7.865914702415466309e-01
5.743604265029720324e+01,-7.700000000000000000e+01,-3.080000000000000071e+00,7.871517539024353027e-01
5.745272462608875230e+01,-7.800000000000000000e+01,-3.120000000000000107e+00,7.744500637054443359e-01
5.746940660188030137e+01,-7.600000000000000000e+01,-3.040000000000000036e+00,7.798426747322082520e-01
5.748608857767184332e+01,-7.600000000000000000e+01,-3.040000000000000036e+00,7.788056731224060059e-01
5.750277055346339239e+01,-7.600000000000000000e+01,-3.040000000000000036e+00,7.793535590171813965e-01
5.751945252925494145e+01,-7.400000000000000000e+01,-2.959999999999999964e+00,7.786217927932739258e-01
5.753613450504649052e+01,-7.600000000000000000e+01,-3.040000000000000036e+00,7.776933908462524414e-01
5.755281648083803248e+01,-7.600000000000000000e+01,-3.040000000000000036e+00,7.782703638076782227e-01
5.756949845662958154e+01,-7.600000000000000000e+01,-3.040000000000000036e+00,7.786531448364257812e-01
5.758618043242113060e+01,-7.600000000000000000e+01,-3.040000000000000036e+00,7.782128453254699707e-01
5.760286240821267967e+01,-7.600000000000000000e+01,-3.040000000000000036e+00,7.742084264755249023e-01
5.761954438400422163e+01,-7.700000000000000000e+01,-3.080000000000000071e+00,7.814301848411560059e-01
5.763622635979577069e+01,-7.800000000000000000e+01,-3.120000000000000107e+00,7.794988155364990234e-01
5.765290833558731975e+01,-7.800000000000000000e+01,-3.120000000000000107e+00,7.802335619926452637e-01
5.766959031137886882e+01,-7.700000000000000000e+01,-3.080000000000000071e+00,7.805594205856323242e-01
5.768627228717041078e+01,-7.700000000000000000e+01,-3.080000000000000071e+00,7.891494035720825195e-01
5.770295426296195984e+01,-7.700000000000000000e+01,-3.080000000000000071e+00,7.843329906463623047e-01
5.771963623875350891e+01,-7.400000000000000000e+01,-2.959999999999999964e+00,7.756253480911254883e-01
5.773631821454505797e+01,-7.400000000000000000e+01,-2.959999999999999964e+00,7.767364382743835449e-01
5.775300019033659993e+01,-7.400000000000000000e+01,-2.959999999999999964e+00,7.758629918098449707e-01
5.776968216612814899e+01,-7.800000000000000000e+01,-3.120000000000000107e+00,7.802811861038208008e-01
5.778636414191969806e+01,-7.800000000000000000e+01,-3.120000000000000107e+00,7.788274884223937988e-01
5.780304611771124712e+01,-7.800000000000000000e+01,-3.120000000000000107e+00,7.755208015441894531e-01
5.781972809350278908e+01,-7.800000000000000000e+01,-3.120000000000000107e+00,7.758522629737854004e-01
5.783641006929433814e+01,-7.800000000000000000e+01,-3.120000000000000107e+00,7.818093895912170410e-01
5.785309204508588721e+01,-7.700000000000000000e+01,-3.080000000000000071e+00,7.892240285873413086e-01
5.786977402087743627e+01,-7.700000000000000000e+01,-3.080000000000000071e+00,7.902364730834960938e-01
5.788645599666897823e+01,-7.700000000000000000e+01,-3.080000000000000071e+00,7.897071838378906250e-01
5.790313797246052729e+01,-7.700000000000000000e+01,-3.080000000000000071e+00,7.898399829864501953e-01
5.791981994825207636e+01,-7.700000000000000000e+01,-3.080000000000000071e+00,7.896990776062011719e-01
5.793650192404362542e+01,-7.700000000000000000e+01,-3.080000000000000071e+00,7.899903059005737305e-01
5.795318389983516738e+01,-7.700000000000000000e+01,-3.080000000000000071e+00,7.901842594146728516e-01
5.796986587562671644e+01,-7.700000000000000000e+01,-3.080000000000000071e+00,7.910760641098022461e-01
5.798654785141826551e+01,-7.700000000000000000e+01,-3.080000000000000071e+00,7.915067076683044434e-01
5.800322982720981457e+01,-7.700000000000000000e+01,-3.080000000000000071e+00,7.915598750114440918e-01
5.801991180300135653e+01,-7.700000000000000000e+01,-3.080000000000000071e+00,7.909402251243591309e-01
5.803659377879290560e+01,-7.700000000000000000e+01,-3.080000000000000071e+00,7.897042632102966309e-01
5.805327575458445466e+01,-7.700000000000000000e+01,-3.080000000000000071e+00,7.894963026046752930e-01
5.806995773037600372e+01,-7.700000000000000000e+01,-3.080000000000000071e+00,7.869709730148315430e-01
5.808663970616754568e+01,-7.800000000000000000e+01,-3.120000000000000107e+00,7.833058238029479980e-01
5.810332168195909475e+01,-7.800000000000000000e+01,-3.120000000000000107e+00,7.844743132591247559e-01
5.812000365775064381e+01,-7.700000000000000000e+01,-3.080000000000000071e+00,7.893434762954711914e-01
5.813668563354219287e+01,-7.800000000000000000e+01,-3.120000000000000107e+00,7.819711565971374512e-01
5.815336760933373483e+01,-7.400000000000000000e+01,-2.959999999999999964e+00,7.756065130233764648e-01
5.817004958512528390e+01,-7.600000000000000000e+01,-3.040000000000000036e+00,7.772850394248962402e-01
5.818673156091683296e+01,-7.800000000000000000e+01,-3.120000000000000107e+00,7.770366072654724121e-01
5.820341353670838203e+01,-7.800000000000000000e+01,-3.120000000000000107e+00,7.870252132415771484e-01
5.822009551249992398e+01,-7.800000000000000000e+01,-3.120000000000000107e+00,7.796483635902404785e-01
5.823677748829147305e+01,-7.800000000000000000e+01,-3.120000000000000107e+00,7.759162187576293945e-01
5.825345946408302211e+01,-7.800000000000000000e+01,-3.120000000000000107e+00,7.770097255706787109e-01
5.827014143987456407e+01,-7.800000000000000000e+01,-3.120000000000000107e+00,7.873718738555908203e-01
5.828682341566611314e+01,-7.700000000000000000e+01,-3.080000000000000071e+00,7.929626107215881348e-01
5.830350539145766220e+01,-7.800000000000000000e+01,-3.120000000000000107e+00,7.853949069976806641e-01
5.832018736724921126e+01,-7.800000000000000000e+01,-3.120000000000000107e+00,7.798682451248168945e-01
5.833686934304075322e+01,-7.800000000000000000e+01,-3.120000000000000107e+00,7.793069481849670410e-01
5.835355131883230229e+01,-7.800000000000000000e+01,-3.120000000000000107e+00,7.863992452621459961e-01
5.837023329462385135e+01,-7.800000000000000000e+01,-3.120000000000000107e+00,7.839139699935913086e-01
5.838691527041540041e+01,-7.400000000000000000e+01,-2.959999999999999964e+00,7.777779102325439453e-01
5.840359724620694237e+01,-7.600000000000000000e+01,-3.040000000000000036e+00,7.795122265815734863e-01
5.842027922199849144e+01,-7.600000000000000000e+01,-3.040000000000000036e+00,7.779674530029296875e-01
5.843696119779004050e+01,-7.800000000000000000e+01,-3.120000000000000107e+00,7.842837572097778320e-01
5.845364317358158956e+01,-7.700000000000000000e+01,-3.080000000000000071e+00,7.917665839195251465e-01
5.847032514937313152e+01,-7.700000000000000000e+01,-3.080000000000000071e+00,7.910465002059936523e-01
5.848700712516468059e+01,-7.700000000000000000e+01,-3.080000000000000071e+00,7.908124327659606934e-01
5.850368910095622965e+01,-7.700000000000000000e+01,-3.080000000000000071e+00,7.918005585670471191e-01
5.852037107674777872e+01,-7.700000000000000000e+01,-3.080000000000000071e+00,7.919858694076538086e-01
5.853705305253932067e+01,-7.800000000000000000e+01,-3.120000000000000107e+00,7.896660566329956055e-01
5.855373502833086974e+01,-7.800000000000000000e+01,-3.120000000000000107e+00,7.894569635391235352e-01
5.857041700412241880e+01,-7.800000000000000000e+01,-3.120000000000000107e+00,7.904458642005920410e-01
5.858709897991396787e+01,-7.800000000000000000e+01,-3.120000000000000107e+00,7.898694276809692383e-01
5.860378095570550983e+01,-7.800000000000000000e+01,-3.120000000000000107e+00,7.887448072433471680e-01
5.862046293149705889e+01,-7.800000000000000000e+01,-3.120000000000000107e+00,7.885962724685668945e-01
5.863714490728860795e+01,-7.700000000000000000e+01,-3.080000000000000071e+00,7.925169467926025391e-01
5.865382688308015702e+01,-7.700000000000000000e+01,-3.080000000000000071e+00,7.931904792785644531e-01
5.867050885887169898e+01,-7.700000000000000000e+01,-3.080000000000000071e+00,7.926587462425231934e-01
5.868719083466324804e+01,-7.700000000000000000e+01,-3.080000000000000071e+00,7.929325699806213379e-01
5.870387281045479710e+01,-7.700000000000000000e+01,-3.080000000000000071e+00,7.924234867095947266e-01
5.872055478624634617e+01,-7.800000000000000000e+01,-3.120000000000000107e+00,7.877551317214965820e-01
5.873723676203788813e+01,-7.800000000000000000e+01,-3.120000000000000107e+00,7.866410613059997559e-01
5.875391873782943719e+01,-7.800000000000000000e+01,-3.120000000000000107e+00,7.877422571182250977e-01
5.877060071362098626e+01,-7.700000000000000000e+01,-3.080000000000000071e+00,7.920137047767639160e-01
5.878728268941253532e+01,-7.800000000000000000e+01,-3.120000000000000107e+00,7.880125641822814941e-01
5.880396466520407728e+01,-7.800000000000000000e+01,-3.120000000000000107e+00,7.805595397949218750e-01
5.882064664099562634e+01,-7.800000000000000000e+01,-3.120000000000000107e+00,7.806971073150634766e-01
5.883732861678717541e+01,-7.800000000000000000e+01,-3.120000000000000107e+00,7.866523861885070801e-01
5.885401059257872447e+01,-7.800000000000000000e+01,-3.120000000000000107e+00,7.916498184204101562e-01
5.887069256837026643e+01,-7.800000000000000000e+01,-3.120000000000000107e+00,7.906354069709777832e-01
5.888737454416181549e+01,-7.800000000000000000e+01,-3.120000000000000107e+00,7.882454991340637207e-01
5.890405651995336456e+01,-7.800000000000000000e+01,-3.120000000000000107e+00,7.884887456893920898e-01
5.892073849574491362e+01,-7.800000000000000000e+01,-3.120000000000000107e+00,7.897080183029174805e-01
5.893742047153645558e+01,-7.800000000000000000e+01,-3.120000000000000107e+00,7.800971269607543945e-01
5.895410244732800464e+01,-7.800000000000000000e+01,-3.120000000000000107e+00,7.774643898010253906e-01
5.897078442311955371e+01,-7.800000000000000000e+01,-3.120000000000000107e+00,7.803277373313903809e-01
5.898746639891110277e+01,-7.800000000000000000e+01,-3.120000000000000107e+00,7.887214422225952148e-01
5.900414837470264473e+01,-7.800000000000000000e+01,-3.120000000000000107e+00,7.909139990806579590e-01
5.902083035049419379e+01,-7.800000000000000000e+01,-3.120000000000000107e+00,7.899987101554870605e-01
5.903751232628574286e+01,-7.800000000000000000e+01,-3.120000000000000107e+00,7.898185849189758301e-01
5.905419430207729192e+01,-7.800000000000000000e+01,-3.120000000000000107e+00,7.896441221237182617e-01
5.907087627786883388e+01,-7.800000000000000000e+01,-3.120000000000000107e+00,7.900603413581848145e-01
5.908755825366038295e+01,-7.800000000000000000e+01,-3.120000000000000107e+00,7.903562784194946289e-01
5.910424022945193201e+01,-7.700000000000000000e+01,-3.080000000000000071e+00,7.915564179420471191e-01
5.912092220524348107e+01,-7.700000000000000000e+01,-3.080000000000000071e+00,7.910858988761901855e-01
5.913760418103502303e+01,-7.700000000000000000e+01,-3.080000000000000071e+00,7.907264232635498047e-01
5.915428615682657210e+01,-7.700000000000000000e+01,-3.080000000000000071e+00,7.913479208946228027e-01
5.917096813261812116e+01,-7.800000000000000000e+01,-3.120000000000000107e+00,7.885009646415710449e-01
5.918765010840967022e+01,-7.800000000000000000e+01,-3.120000000000000107e+00,7.875254750251770020e-01
5.920433208420121218e+01,-7.800000000000000000e+01,-3.120000000000000107e+00,7.883353233337402344e-01
5.922101405999276125e+01,-7.700000000000000000e+01,-3.080000000000000071e+00,7.903515100479125977e-01
5.923769603578431031e+01,-7.800000000000000000e+01,-3.120000000000000107e+00,7.895597219467163086e-01
5.925437801157585227e+01,-7.800000000000000000e+01,-3.120000000000000107e+00,7.890418767929077148e-01
5.927105998736740133e+01,-7.800000000000000000e+01,-3.120000000000000107e+00,7.898241281509399414e-01
5.928774196315895040e+01,-7.700000000000000000e+01,-3.080000000000000071e+00,7.913054823875427246e-01
5.930442393895049946e+01,-7.700000000000000000e+01,-3.080000000000000071e+00,7.895826101303100586e-01
5.932110591474204142e+01,-7.800000000000000000e+01,-3.120000000000000107e+00,7.829729914665222168e-01
5.933778789053359048e+01,-7.800000000000000000e+01,-3.120000000000000107e+00,7.816815376281738281e-01
5.935446986632513955e+01,-7.800000000000000000e+01,-3.120000000000000107e+00,7.850705385208129883e-01
5.937115184211668861e+01,-7.700000000000000000e+01,-3.080000000000000071e+00,7.923024296760559082e-01
5.938783381790823057e+01,-7.800000000000000000e+01,-3.120000000000000107e+00,7.871957421302795410e-01
5.940451579369977964e+01,-7.800000000000000000e+01,-3.120000000000000107e+00,7.792533636093139648e-01
5.942119776949132870e+01,-7.800000000000000000e+01,-3.120000000000000107e+00,7.791900038719177246e-01
5.943787974528287776e+01,-7.800000000000000000e+01,-3.120000000000000107e+00,7.804906368255615234e-01
5.945456172107441972e+01,-7.800000000000000000e+01,-3.120000000000000107e+00,7.827512025833129883e-01
5.947124369686596879e+01,-7.800000000000000000e+01,-3.120000000000000107e+00,7.771702408790588379e-01
5.948792567265751785e+01,-7.800000000000000000e+01,-3.120000000000000107e+00,7.762472033500671387e-01
5.950460764844906691e+01,-7.800000000000000000e+01,-3.120000000000000107e+00,7.835142612457275391e-01
5.952128962424060887e+01,-7.800000000000000000e+01,-3.120000000000000107e+00,7.898423075675964355e-01
5.953797160003215794e+01,-7.700000000000000000e+01,-3.080000000000000071e+00,7.910298705101013184e-01
5.955465357582370700e+01,-7.700000000000000000e+01,-3.080000000000000071e+00,7.907876968383789062e-01
5.957133555161525607e+01,-7.700000000000000000e+01,-3.080000000000000071e+00,7.911905646324157715e-01
5.958801752740679802e+01,-7.700000000000000000e+01,-3.080000000000000071e+00,7.913056612014770508e-01
5.960469950319834709e+01,-7.700000000000000000e+01,-3.080000000000000071e+00,7.915389537811279297e-01
5.962138147898989615e+01,-7.800000000000000000e+01,-3.120000000000000107e+00,7.888312935829162598e-01
5.963806345478144522e+01,-7.800000000000000000e+01,-3.120000000000000107e+00,7.884503602981567383e-01
5.965474543057298717e+01,-7.800000000000000000e+01,-3.120000000000000107e+00,7.812171578407287598e-01
5.967142740636453624e+01,-7.800000000000000000e+01,-3.120000000000000107e+00,7.792844176292419434e-01
5.968810938215608530e+01,-7.800000000000000000e+01,-3.120000000000000107e+00,7.798201441764831543e-01
5.970479135794763437e+01,-7.800000000000000000e+01,-3.120000000000000107e+00,7.833544611930847168e-01
5.972147333373917633e+01,-7.800000000000000000e+01,-3.120000000000000107e+00,7.839741110801696777e-01
5.973815530953072539e+01,-7.800000000000000000e+01,-3.120000000000000107e+00,7.832035422325134277e-01
5.975483728532227445e+01,-7.700000000000000000e+01,-3.080000000000000071e+00,7.889261841773986816e-01
5.977151926111382352e+01,-7.800000000000000000e+01,-3.120000000000000107e+00,7.856004834175109863e-01
5.978820123690536548e+01,-7.800000000000000000e+01,-3.120000000000000107e+00,7.788369059562683105e-01
5.980488321269691454e+01,-7.800000000000000000e+01,-3.120000000000000107e+00,7.784211039543151855e-01
5.982156518848846360e+01,-7.800000000000000000e+01,-3.120000000000000107e+00,7.825322747230529785e-01
5.983824716428001267e+01,-7.700000000000000000e+01,-3.080000000000000071e+00,7.902927994728088379e-01
5.985492914007155463e+01,-7.800000000000000000e+01,-3.120000000000000107e+00,7.828791141510009766e-01
5.987161111586310369e+01,-7.800000000000000000e+01,-3.120000000000000107e+00,7.818558216094970703e-01
5.988829309165465276e+01,-7.800000000000000000e+01,-3.120000000000000107e+00,7.823751568794250488e-01
5.990497506744620182e+01,-7.800000000000000000e+01,-3.120000000000000107e+00,7.862476706504821777e-01
5.992165704323774378e+01,-7.700000000000000000e+01,-3.080000000000000071e+00,7.928649187088012695e-01
5.993833901902929284e+01,-7.700000000000000000e+01,-3.080000000000000071e+00,7.908807396888732910e-01
5.995502099482084191e+01,-7.700000000000000000e+01,-3.080000000000000071e+00,7.887640595436096191e-01
5.997170297061239097e+01,-7.700000000000000000e+01,-3.080000000000000071e+00,7.892717719078063965e-01
5.998838494640393293e+01,-7.700000000000000000e+01,-3.080000000000000071e+00,7.875157594680786133e-01
6.000506692219548199e+01,-7.800000000000000000e+01,-3.120000000000000107e+00,7.808732986450195312e-01
6.002174889798703106e+01,-7.800000000000000000e+01,-3.120000000000000107e+00,7.807760238647460938e-01
6.003843087377858012e+01,-7.800000000000000000e+01,-3.120000000000000107e+00,7.849635481834411621e-01
6.005511284957012208e+01,-7.800000000000000000e+01,-3.120000000000000107e+00,7.857637405395507812e-01
6.007179482536167114e+01,-7.800000000000000000e+01,-3.120000000000000107e+00,7.820639014244079590e-01
6.008847680115322021e+01,-7.800000000000000000e+01,-3.120000000000000107e+00,7.817547917366027832e-01
6.010515877694476927e+01,-7.800000000000000000e+01,-3.120000000000000107e+00,7.831133604049682617e-01
6.012184075273631123e+01,-7.800000000000000000e+01,-3.120000000000000107e+00,7.863484025001525879e-01
6.013852272852786029e+01,-7.800000000000000000e+01,-3.120000000000000107e+00,7.856435179710388184e-01
6.015520470431940936e+01,-7.800000000000000000e+01,-3.120000000000000107e+00,7.842187881469726562e-01
6.017188668011095132e+01,-7.800000000000000000e+01,-3.120000000000000107e+00,7.796972393989562988e-01
6.018856865590250038e+01,-7.800000000000000000e+01,-3.120000000000000107e+00,7.795211672782897949e-01
6.020525063169404945e+01,-7.800000000000000000e+01,-3.120000000000000107e+00,7.799243927001953125e-01
6.022193260748559851e+01,-7.800000000000000000e+01,-3.120000000000000107e+00,7.783699035644531250e-01
6.023861458327714047e+01,-7.800000000000000000e+01,-3.120000000000000107e+00,7.778502106666564941e-01
6.025529655906868953e+01,-7.800000000000000000e+01,-3.120000000000000107e+00,7.812409996986389160e-01
6.027197853486023860e+01,-7.800000000000000000e+01,-3.120000000000000107e+00,7.798951864242553711e-01
6.028866051065178766e+01,-7.600000000000000000e+01,-3.040000000000000036e+00,7.763930559158325195e-01
6.030534248644332962e+01,-7.400000000000000000e+01,-2.959999999999999964e+00,7.760418653488159180e-01
6.032202446223487868e+01,-7.400000000000000000e+01,-2.959999999999999964e+00,7.751146554946899414e-01
6.033870643802642775e+01,-7.400000000000000000e+01,-2.959999999999999964e+00,7.741513252258300781e-01
6.035538841381797681e+01,-7.600000000000000000e+01,-3.040000000000000036e+00,7.753069400787353516e-01
6.037207038960951877e+01,-7.600000000000000000e+01,-3.040000000000000036e+00,7.752202153205871582e-01
6.038875236540106783e+01,-7.400000000000000000e+01,-2.959999999999999964e+00,7.741679549217224121e-01
6.040543434119261690e+01,-7.400000000000000000e+01,-2.959999999999999964e+00,7.740086913108825684e-01
6.042211631698416596e+01,-7.400000000000000000e+01,-2.959999999999999964e+00,7.746760249137878418e-01
6.043879829277570792e+01,-7.400000000000000000e+01,-2.959999999999999964e+00,7.741398811340332031e-01
6.045548026856725699e+01,-7.800000000000000000e+01,-3.120000000000000107e+00,7.810901403427124023e-01
6.047216224435880605e+01,-7.800000000000000000e+01,-3.120000000000000107e+00,7.812882065773010254e-01
6.048884422015035511e+01,-7.800000000000000000e+01,-3.120000000000000107e+00,7.801838517189025879e-01
6.050552619594189707e+01,-7.800000000000000000e+01,-3.120000000000000107e+00,7.807574272155761719e-01
6.052220817173344614e+01,-7.800000000000000000e+01,-3.120000000000000107e+00,7.833581566810607910e-01
6.053889014752499520e+01,-7.800000000000000000e+01,-3.120000000000000107e+00,7.837829589843750000e-01
6.055557212331654426e+01,-7.800000000000000000e+01,-3.120000000000000107e+00,7.740679383277893066e-01
6.057225409910808622e+01,-7.400000000000000000e+01,-2.959999999999999964e+00,7.741497159004211426e-01
6.058893607489963529e+01,-7.400000000000000000e+01,-2.959999999999999964e+00,7.739940881729125977e-01
6.060561805069118435e+01,-7.800000000000000000e+01,-3.120000000000000107e+00,7.779590487480163574e-01
6.062230002648273341e+01,-7.800000000000000000e+01,-3.120000000000000107e+00,7.797604799270629883e-01
6.063898200227427537e+01,-7.800000000000000000e+01,-3.120000000000000107e+00,7.795476913452148438e-01
6.065566397806582444e+01,-7.800000000000000000e+01,-3.120000000000000107e+00,7.831004858016967773e-01
6.067234595385737350e+01,-7.800000000000000000e+01,-3.120000000000000107e+00,7.893450856208801270e-01
6.068902792964892257e+01,-7.800000000000000000e+01,-3.120000000000000107e+00,7.813849449157714844e-01
6.070570990544046452e+01,-7.800000000000000000e+01,-3.120000000000000107e+00,7.749504446983337402e-01
6.072239188123201359e+01,-7.400000000000000000e+01,-2.959999999999999964e+00,7.739841341972351074e-01
6.073907385702356265e+01,-7.800000000000000000e+01,-3.120000000000000107e+00,7.765614986419677734e-01
6.075575583281511172e+01,-7.800000000000000000e+01,-3.120000000000000107e+00,7.834049463272094727e-01
6.077243780860665368e+01,-7.800000000000000000e+01,-3.120000000000000107e+00,7.799413204193115234e-01
6.078911978439820274e+01,-7.800000000000000000e+01,-3.120000000000000107e+00,7.794606685638427734e-01
6.080580176018975180e+01,-7.800000000000000000e+01,-3.120000000000000107e+00,7.791495919227600098e-01
6.082248373598130087e+01,-7.800000000000000000e+01,-3.120000000000000107e+00,7.830282449722290039e-01
6.083916571177284283e+01,-7.800000000000000000e+01,-3.120000000000000107e+00,7.893664240837097168e-01
6.085584768756439189e+01,-7.800000000000000000e+01,-3.120000000000000107e+00,7.887896895408630371e-01
6.087252966335594095e+01,-7.800000000000000000e+01,-3.120000000000000107e+00,7.866665124893188477e-01
6.088921163914749002e+01,-7.800000000000000000e+01,-3.120000000000000107e+00,7.861264944076538086e-01
6.090589361493903198e+01,-7.800000000000000000e+01,-3.120000000000000107e+00,7.866908907890319824e-01
6.092257559073058104e+01,-7.800000000000000000e+01,-3.120000000000000107e+00,7.866895198822021484e-01
6.093925756652213011e+01,-7.800000000000000000e+01,-3.120000000000000107e+00,7.871388792991638184e-01
6.095593954231367917e+01,-7.800000000000000000e+01,-3.120000000000000107e+00,7.873891592025756836e-01
6.097262151810522113e+01,-7.800000000000000000e+01,-3.120000000000000107e+00,7.891612648963928223e-01
6.098930349389677019e+01,-7.800000000000000000e+01,-3.120000000000000107e+00,7.888032197952270508e-01
6.100598546968831926e+01,-7.800000000000000000e+01,-3.120000000000000107e+00,7.821490168571472168e-01
6.102266744547986832e+01,-7.800000000000000000e+01,-3.120000000000000107e+00,7.797980904579162598e-01
6.103934942127141028e+01,-7.800000000000000000e+01,-3.120000000000000107e+00,7.778252363204956055e-01
6.105603139706295934e+01,-7.800000000000000000e+01,-3.120000000000000107e+00,7.774400115013122559e-01
6.107271337285450841e+01,-7.800000000000000000e+01,-3.120000000000000107e+00,7.745161056518554688e-01
6.108939534864605747e+01,-7.700000000000000000e+01,-3.080000000000000071e+00,7.790737152099609375e-01
6.110607732443759943e+01,-7.700000000000000000e+01,-3.080000000000000071e+00,7.799026966094970703e-01
6.112275930022914849e+01,-7.700000000000000000e+01,-3.080000000000000071e+00,7.799064517021179199e-01
6.113944127602069756e+01,-7.400000000000000000e+01,-2.959999999999999964e+00,7.753288149833679199e-01
6.115612325181223952e+01,-7.400000000000000000e+01,-2.959999999999999964e+00,7.750861048698425293e-01
6.117280522760378858e+01,-7.400000000000000000e+01,-2.959999999999999964e+00,7.750955224037170410e-01
6.118948720339533764e+01,-7.400000000000000000e+01,-2.959999999999999964e+00,7.754564285278320312e-01
6.120616917918688671e+01,-7.800000000000000000e+01,-3.120000000000000107e+00,7.803485989570617676e-01
6.122285115497842867e+01,-7.800000000000000000e+01,-3.120000000000000107e+00,7.802933454513549805e-01
6.123953313076997773e+01,-7.800000000000000000e+01,-3.120000000000000107e+00,7.765395045280456543e-01
6.125621510656152680e+01,-7.800000000000000000e+01,-3.120000000000000107e+00,7.763396501541137695e-01
6.127289708235307586e+01,-7.800000000000000000e+01,-3.120000000000000107e+00,7.812027931213378906e-01
6.128957905814461782e+01,-7.800000000000000000e+01,-3.120000000000000107e+00,7.815343141555786133e-01
6.130626103393616688e+01,-7.800000000000000000e+01,-3.120000000000000107e+00,7.861055731773376465e-01
6.132294300972771595e+01,-7.800000000000000000e+01,-3.120000000000000107e+00,7.873310446739196777e-01
6.133962498551926501e+01,-7.800000000000000000e+01,-3.120000000000000107e+00,7.866244912147521973e-01
6.135630696131080697e+01,-7.800000000000000000e+01,-3.120000000000000107e+00,7.855893969535827637e-01
6.137298893710235603e+01,-7.800000000000000000e+01,-3.120000000000000107e+00,7.848492860794067383e-01
6.138967091289390510e+01,-7.800000000000000000e+01,-3.120000000000000107e+00,7.843310832977294922e-01
6.140635288868545416e+01,-7.800000000000000000e+01,-3.120000000000000107e+00,7.838250994682312012e-01
6.142303486447699612e+01,-7.800000000000000000e+01,-3.120000000000000107e+00,7.841600775718688965e-01
6.143971684026854518e+01,-7.800000000000000000e+01,-3.120000000000000107e+00,7.842800617218017578e-01
6.145639881606009425e+01,-7.800000000000000000e+01,-3.120000000000000107e+00,7.838553190231323242e-01
6.147308079185164331e+01,-7.800000000000000000e+01,-3.120000000000000107e+00,7.843040823936462402e-01
6.148976276764318527e+01,-7.800000000000000000e+01,-3.120000000000000107e+00,7.844151854515075684e-01
6.150644474343473433e+01,-7.800000000000000000e+01,-3.120000000000000107e+00,7.824013829231262207e-01
6.152312671922628340e+01,-7.800000000000000000e+01,-3.120000000000000107e+00,7.813974022865295410e-01
6.153980869501783246e+01,-7.800000000000000000e+01,-3.120000000000000107e+00,7.822308540344238281e-01
6.155649067080937442e+01,-7.800000000000000000e+01,-3.120000000000000107e+00,7.822221517562866211e-01
6.157317264660092349e+01,-7.800000000000000000e+01,-3.120000000000000107e+00,7.832822799682617188e-01
6.158985462239247255e+01,-7.800000000000000000e+01,-3.120000000000000107e+00,7.841083407402038574e-01
6.160653659818402161e+01,-7.800000000000000000e+01,-3.120000000000000107e+00,7.855257391929626465e-01
6.162321857397556357e+01,-7.800000000000000000e+01,-3.120000000000000107e+00,7.858940362930297852e-01
6.163990054976711264e+01,-7.800000000000000000e+01,-3.120000000000000107e+00,7.869653701782226562e-01
6.165658252555866170e+01,-7.800000000000000000e+01,-3.120000000000000107e+00,7.874627113342285156e-01
6.167326450135021076e+01,-7.800000000000000000e+01,-3.120000000000000107e+00,7.840073704719543457e-01
6.168994647714175272e+01,-7.800000000000000000e+01,-3.120000000000000107e+00,7.808144092559814453e-01
6.170662845293330179e+01,-7.800000000000000000e+01,-3.120000000000000107e+00,7.808569669723510742e-01
6.172331042872485085e+01,-7.800000000000000000e+01,-3.120000000000000107e+00,7.789194583892822266e-01
6.173999240451639992e+01,-7.400000000000000000e+01,-2.959999999999999964e+00,7.775586247444152832e-01
6.175667438030794187e+01,-7.400000000000000000e+01,-2.959999999999999964e+00,7.775013446807861328e-01
6.177335635609949094e+01,-7.400000000000000000e+01,-2.959999999999999964e+00,7.760630846023559570e-01
6.179003833189104000e+01,-7.800000000000000000e+01,-3.120000000000000107e+00,7.864443063735961914e-01
6.180672030768258907e+01,-7.800000000000000000e+01,-3.120000000000000107e+00,7.863772511482238770e-01
6.182340228347413102e+01,-7.800000000000000000e+01,-3.120000000000000107e+00,7.785353064537048340e-01
6.184008425926568009e+01,-7.800000000000000000e+01,-3.120000000000000107e+00,7.752904891967773438e-01
6.185676623505722915e+01,-7.400000000000000000e+01,-2.959999999999999964e+00,7.754057049751281738e-01
6.187344821084877822e+01,-7.800000000000000000e+01,-3.120000000000000107e+00,7.764962315559387207e-01
6.189013018664032018e+01,-7.800000000000000000e+01,-3.120000000000000107e+00,7.767318487167358398e-01
6.190681216243186924e+01,-7.800000000000000000e+01,-3.120000000000000107e+00,7.758852243423461914e-01
6.192349413822341830e+01,-7.800000000000000000e+01,-3.120000000000000107e+00,7.763339281082153320e-01
6.194017611401496737e+01,-7.800000000000000000e+01,-3.120000000000000107e+00,7.766147255897521973e-01
6.195685808980650933e+01,-7.900000000000000000e+01,-3.160000000000000142e+00,7.758931517601013184e-01
6.197354006559805839e+01,-7.900000000000000000e+01,-3.160000000000000142e+00,7.751889228820800781e-01
6.199022204138960745e+01,-7.700000000000000000e+01,-3.080000000000000071e+00,7.763507962226867676e-01
6.200690401718115652e+01,-7.700000000000000000e+01,-3.080000000000000071e+00,7.761821150779724121e-01
6.202358599297269848e+01,-7.900000000000000000e+01,-3.160000000000000142e+00,7.748915553092956543e-01
6.204026796876424754e+01,-7.900000000000000000e+01,-3.160000000000000142e+00,7.776126265525817871e-01
6.205694994455579661e+01,-7.900000000000000000e+01,-3.160000000000000142e+00,7.781950831413269043e-01
6.207363192034733856e+01,-7.800000000000000000e+01,-3.120000000000000107e+00,7.801428437232971191e-01
6.209031389613888763e+01,-7.800000000000000000e+01,-3.120000000000000107e+00,7.889608740806579590e-01
6.210699587193043669e+01,-7.800000000000000000e+01,-3.120000000000000107e+00,7.886424660682678223e-01
6.212367784772198576e+01,-7.800000000000000000e+01,-3.120000000000000107e+00,7.863015532493591309e-01
6.214035982351352772e+01,-7.800000000000000000e+01,-3.120000000000000107e+00,7.859308123588562012e-01
6.215704179930507678e+01,-7.800000000000000000e+01,-3.120000000000000107e+00,7.859396934509277344e-01
6.217372377509662584e+01,-7.700000000000000000e+01,-3.080000000000000071e+00,7.790208458900451660e-01
6.219040575088817491e+01,-7.700000000000000000e+01,-3.080000000000000071e+00,7.824669480323791504e-01
6.220708772667971687e+01,-7.700000000000000000e+01,-3.080000000000000071e+00,7.819358110427856445e-01
6.222376970247126593e+01,-7.700000000000000000e+01,-3.080000000000000071e+00,7.827556729316711426e-01
6.224045167826281499e+01,-7.700000000000000000e+01,-3.080000000000000071e+00,7.829827070236206055e-01
6.225713365405436406e+01,-7.700000000000000000e+01,-3.080000000000000071e+00,7.821012139320373535e-01
6.227381562984590602e+01,-7.700000000000000000e+01,-3.080000000000000071e+00,7.821735143661499023e-01
6.229049760563745508e+01,-7.500000000000000000e+01,-3.000000000000000000e+00,7.800884842872619629e-01
6.230717958142900414e+01,-7.500000000000000000e+01,-3.000000000000000000e+00,7.796393632888793945e-01
6.232386155722055321e+01,-7.500000000000000000e+01,-3.000000000000000000e+00,7.788910269737243652e-01
6.234054353301209517e+01,-7.500000000000000000e+01,-3.000000000000000000e+00,7.775579094886779785e-01
6.235722550880364423e+01,-7.700000000000000000e+01,-3.080000000000000071e+00,7.784073352813720703e-01
6.237390748459519330e+01,-7.700000000000000000e+01,-3.080000000000000071e+00,7.785845994949340820e-01
6.239058946038674236e+01,-7.700000000000000000e+01,-3.080000000000000071e+00,7.788848876953125000e-01
6.240727143617828432e+01,-7.700000000000000000e+01,-3.080000000000000071e+00,7.783252000808715820e-01
6.242395341196983338e+01,-7.700000000000000000e+01,-3.080000000000000071e+00,7.781358361244201660e-01
6.244063538776138245e+01,-7.400000000000000000e+01,-2.959999999999999964e+00,7.774800062179565430e-01
6.245731736355293151e+01,-7.700000000000000000e+01,-3.080000000000000071e+00,7.776201963424682617e-01
6.247399933934447347e+01,-7.700000000000000000e+01,-3.080000000000000071e+00,7.775570750236511230e-01
6.249068131513602253e+01,-7.700000000000000000e+01,-3.080000000000000071e+00,7.776759266853332520e-01
6.250736329092757160e+01,-7.400000000000000000e+01,-2.959999999999999964e+00,7.788952589035034180e-01
6.252404526671912066e+01,-7.700000000000000000e+01,-3.080000000000000071e+00,7.787330746650695801e-01
6.254072724251066262e+01,-7.700000000000000000e+01,-3.080000000000000071e+00,7.784118056297302246e-01
6.255740921830221168e+01,-7.700000000000000000e+01,-3.080000000000000071e+00,7.785270810127258301e-01
6.257409119409376075e+01,-7.700000000000000000e+01,-3.080000000000000071e+00,7.800006866455078125e-01
6.259077316988530981e+01,-7.700000000000000000e+01,-3.080000000000000071e+00,7.804016470909118652e-01
6.260745514567685177e+01,-7.500000000000000000e+01,-3.000000000000000000e+00,7.797148823738098145e-01
6.262413712146840084e+01,-7.700000000000000000e+01,-3.080000000000000071e+00,7.802740931510925293e-01
6.264081909725994990e+01,-7.700000000000000000e+01,-3.080000000000000071e+00,7.812780737876892090e-01
6.265750107305149896e+01,-7.700000000000000000e+01,-3.080000000000000071e+00,7.815819978713989258e-01
6.267418304884304092e+01,-7.700000000000000000e+01,-3.080000000000000071e+00,7.817349433898925781e-01
6.269086502463458999e+01,-7.700000000000000000e+01,-3.080000000000000071e+00,7.825927734375000000e-01
6.270754700042613905e+01,-7.800000000000000000e+01,-3.120000000000000107e+00,7.812561392784118652e-01
6.272422897621768811e+01,-7.800000000000000000e+01,-3.120000000000000107e+00,7.810720801353454590e-01
6.274091095200923007e+01,-7.800000000000000000e+01,-3.120000000000000107e+00,7.820481061935424805e-01
6.275759292780077914e+01,-7.700000000000000000e+01,-3.080000000000000071e+00,7.819670438766479492e-01
6.277427490359232820e+01,-7.700000000000000000e+01,-3.080000000000000071e+00,7.805427312850952148e-01
6.279095687938387726e+01,-7.700000000000000000e+01,-3.080000000000000071e+00,7.804025411605834961e-01
6.280763885517541922e+01,-7.700000000000000000e+01,-3.080000000000000071e+00,7.816005349159240723e-01
6.282432083096696829e+01,-7.700000000000000000e+01,-3.080000000000000071e+00,7.809690237045288086e-01
6.284100280675851735e+01,-7.700000000000000000e+01,-3.080000000000000071e+00,7.806511521339416504e-01
6.285768478255006642e+01,-7.500000000000000000e+01,-3.000000000000000000e+00,7.787810564041137695e-01
6.287436675834160837e+01,-7.400000000000000000e+01,-2.959999999999999964e+00,7.777509093284606934e-01
6.289104873413315744e+01,-7.500000000000000000e+01,-3.000000000000000000e+00,7.771459221839904785e-01
6.290773070992470650e+01,-7.500000000000000000e+01,-3.000000000000000000e+00,7.771281599998474121e-01
6.292441268571625557e+01,-7.400000000000000000e+01,-2.959999999999999964e+00,7.768553495407104492e-01
6.294109466150779753e+01,-7.800000000000000000e+01,-3.120000000000000107e+00,7.797731757164001465e-01
6.295777663729934659e+01,-7.700000000000000000e+01,-3.080000000000000071e+00,7.761317491531372070e-01
6.297445861309089565e+01,-7.700000000000000000e+01,-3.080000000000000071e+00,7.804676294326782227e-01
6.299114058888244472e+01,-7.700000000000000000e+01,-3.080000000000000071e+00,7.798410058021545410e-01
6.300782256467398668e+01,-7.500000000000000000e+01,-3.000000000000000000e+00,7.785788178443908691e-01
6.302450454046553574e+01,-7.400000000000000000e+01,-2.959999999999999964e+00,7.771259546279907227e-01
6.304118651625708480e+01,-7.400000000000000000e+01,-2.959999999999999964e+00,7.774103879928588867e-01
6.305786849204862676e+01,-7.500000000000000000e+01,-3.000000000000000000e+00,7.773956060409545898e-01
6.307455046784017583e+01,-7.500000000000000000e+01,-3.000000000000000000e+00,7.773791551589965820e-01
6.309123244363172489e+01,-7.500000000000000000e+01,-3.000000000000000000e+00,7.767443656921386719e-01
6.310791441942327396e+01,-7.700000000000000000e+01,-3.080000000000000071e+00,7.770928144454956055e-01
6.312459639521481591e+01,-7.700000000000000000e+01,-3.080000000000000071e+00,7.765031456947326660e-01
6.314127837100636498e+01,-7.500000000000000000e+01,-3.000000000000000000e+00,7.774347662925720215e-01
6.315796034679791404e+01,-7.500000000000000000e+01,-3.000000000000000000e+00,7.769557833671569824e-01
6.317464232258946311e+01,-7.800000000000000000e+01,-3.120000000000000107e+00,7.778481245040893555e-01
6.319132429838100506e+01,-7.800000000000000000e+01,-3.120000000000000107e+00,7.814223766326904297e-01
6.320800627417255413e+01,-7.800000000000000000e+01,-3.120000000000000107e+00,7.815529108047485352e-01
6.322468824996410319e+01,-7.500000000000000000e+01,-3.000000000000000000e+00,7.758800387382507324e-01
6.324137022575565226e+01,-7.500000000000000000e+01,-3.000000000000000000e+00,7.775735855102539062e-01
6.325805220154719422e+01,-7.500000000000000000e+01,-3.000000000000000000e+00,7.770984172821044922e-01
6.327473417733874328e+01,-7.800000000000000000e+01,-3.120000000000000107e+00,7.797783613204956055e-01
6.329141615313029234e+01,-7.900000000000000000e+01,-3.160000000000000142e+00,7.792055606842041016e-01
6.330809812892184141e+01,-7.800000000000000000e+01,-3.120000000000000107e+00,7.790315747261047363e-01
6.332478010471338337e+01,-7.900000000000000000e+01,-3.160000000000000142e+00,7.757794857025146484e-01
6.334146208050493243e+01,-7.900000000000000000e+01,-3.160000000000000142e+00,7.755411267280578613e-01
6.335814405629648149e+01,-7.800000000000000000e+01,-3.120000000000000107e+00,7.805214524269104004e-01
6.337482603208803056e+01,-7.800000000000000000e+01,-3.120000000000000107e+00,7.802777886390686035e-01
6.339150800787957252e+01,-7.800000000000000000e+01,-3.120000000000000107e+00,7.801880836486816406e-01
6.340818998367112158e+01,-7.800000000000000000e+01,-3.120000000000000107e+00,7.787276506423950195e-01
6.342487195946267065e+01,-7.900000000000000000e+01,-3.160000000000000142e+00,7.756857275962829590e-01
6.344155393525421971e+01,-7.900000000000000000e+01,-3.160000000000000142e+00,7.760272026062011719e-01
6.345823591104576167e+01,-7.500000000000000000e+01,-3.000000000000000000e+00,7.753296494483947754e-01
6.347491788683731073e+01,-7.400000000000000000e+01,-2.959999999999999964e+00,7.756605744361877441e-01
6.349159986262885980e+01,-7.800000000000000000e+01,-3.120000000000000107e+00,7.815833091735839844e-01
6.350828183842040886e+01,-7.800000000000000000e+01,-3.120000000000000107e+00,7.891410589218139648e-01
6.352496381421195082e+01,-7.800000000000000000e+01,-3.120000000000000107e+00,7.885521650314331055e-01
6.354164579000349988e+01,-7.800000000000000000e+01,-3.120000000000000107e+00,7.879926562309265137e-01
6.355832776579504895e+01,-7.800000000000000000e+01,-3.120000000000000107e+00,7.903732061386108398e-01
6.357500974158659801e+01,-7.800000000000000000e+01,-3.120000000000000107e+00,7.852674126625061035e-01
6.359169171737813997e+01,-7.800000000000000000e+01,-3.120000000000000107e+00,7.836383581161499023e-01
6.360837369316968903e+01,-7.800000000000000000e+01,-3.120000000000000107e+00,7.838076353073120117e-01
6.362505566896123810e+01,-7.800000000000000000e+01,-3.120000000000000107e+00,7.841663360595703125e-01
6.364173764475278716e+01,-7.800000000000000000e+01,-3.120000000000000107e+00,7.823039889335632324e-01
6.365841962054432912e+01,-7.800000000000000000e+01,-3.120000000000000107e+00,7.813476920127868652e-01
6.367510159633587818e+01,-7.800000000000000000e+01,-3.120000000000000107e+00,7.881479263305664062e-01
6.369178357212742725e+01,-7.800000000000000000e+01,-3.120000000000000107e+00,7.909998893737792969e-01
6.370846554791897631e+01,-7.800000000000000000e+01,-3.120000000000000107e+00,7.892671227455139160e-01
6.372514752371051827e+01,-7.800000000000000000e+01,-3.120000000000000107e+00,7.887555360794067383e-01
6.374182949950206734e+01,-7.800000000000000000e+01,-3.120000000000000107e+00,7.887545824050903320e-01
6.375851147529361640e+01,-7.800000000000000000e+01,-3.120000000000000107e+00,7.890722155570983887e-01
6.377519345108516546e+01,-7.800000000000000000e+01,-3.120000000000000107e+00,7.829375267028808594e-01
6.379187542687670742e+01,-7.800000000000000000e+01,-3.120000000000000107e+00,7.818790078163146973e-01
6.380855740266825649e+01,-7.800000000000000000e+01,-3.120000000000000107e+00,7.849776148796081543e-01
6.382523937845980555e+01,-7.800000000000000000e+01,-3.120000000000000107e+00,7.854418158531188965e-01
6.384192135425135461e+01,-7.700000000000000000e+01,-3.080000000000000071e+00,7.788568735122680664e-01
6.385860333004289657e+01,-7.700000000000000000e+01,-3.080000000000000071e+00,7.793872356414794922e-01
6.387528530583444564e+01,-7.500000000000000000e+01,-3.000000000000000000e+00,7.796945571899414062e-01
6.389196728162599470e+01,-7.500000000000000000e+01,-3.000000000000000000e+00,7.786779999732971191e-01
6.390864925741754377e+01,-7.500000000000000000e+01,-3.000000000000000000e+00,7.787302732467651367e-01
6.392533123320908572e+01,-7.500000000000000000e+01,-3.000000000000000000e+00,7.784016132354736328e-01
6.394201320900063479e+01,-7.500000000000000000e+01,-3.000000000000000000e+00,7.777032852172851562e-01
6.395869518479218385e+01,-7.500000000000000000e+01,-3.000000000000000000e+00,7.783363461494445801e-01
6.397537716058373292e+01,-7.500000000000000000e+01,-3.000000000000000000e+00,7.794609069824218750e-01
6.399205913637527487e+01,-7.500000000000000000e+01,-3.000000000000000000e+00,7.789174914360046387e-01
6.400874111216681683e+01,-7.700000000000000000e+01,-3.080000000000000071e+00,7.780521512031555176e-01
6.402542308795837300e+01,-7.800000000000000000e+01,-3.120000000000000107e+00,7.804930210113525391e-01
6.404210506374991496e+01,-7.700000000000000000e+01,-3.080000000000000071e+00,7.789229154586791992e-01
6.405878703954147113e+01,-7.500000000000000000e+01,-3.000000000000000000e+00,7.813045978546142578e-01
6.407546901533301309e+01,-7.800000000000000000e+01,-3.120000000000000107e+00,7.801028490066528320e-01
6.409215099112455505e+01,-7.500000000000000000e+01,-3.000000000000000000e+00,7.797486782073974609e-01
6.410883296691611122e+01,-7.900000000000000000e+01,-3.160000000000000142e+00,7.808893322944641113e-01
6.412551494270765318e+01,-7.900000000000000000e+01,-3.160000000000000142e+00,7.778769135475158691e-01
6.414219691849919514e+01,-7.900000000000000000e+01,-3.160000000000000142e+00,7.808011770248413086e-01
6.415887889429075130e+01,-7.900000000000000000e+01,-3.160000000000000142e+00,7.823348641395568848e-01
6.417556087008229326e+01,-7.900000000000000000e+01,-3.160000000000000142e+00,7.801549434661865234e-01
6.419224284587384943e+01,-7.500000000000000000e+01,-3.000000000000000000e+00,7.775202989578247070e-01
6.420892482166539139e+01,-7.500000000000000000e+01,-3.000000000000000000e+00,7.777168154716491699e-01
6.422560679745693335e+01,-7.500000000000000000e+01,-3.000000000000000000e+00,7.773898839950561523e-01
6.424228877324848952e+01,-7.500000000000000000e+01,-3.000000000000000000e+00,7.771367430686950684e-01
6.425897074904003148e+01,-7.500000000000000000e+01,-3.000000000000000000e+00,7.777336835861206055e-01
6.427565272483157344e+01,-7.500000000000000000e+01,-3.000000000000000000e+00,7.774511575698852539e-01
6.429233470062312961e+01,-7.900000000000000000e+01,-3.160000000000000142e+00,7.788112759590148926e-01
6.430901667641467156e+01,-7.900000000000000000e+01,-3.160000000000000142e+00,7.784718275070190430e-01
6.432569865220622773e+01,-7.900000000000000000e+01,-3.160000000000000142e+00,7.779087424278259277e-01
6.434238062799776969e+01,-7.900000000000000000e+01,-3.160000000000000142e+00,7.790736556053161621e-01
6.435906260378931165e+01,-7.900000000000000000e+01,-3.160000000000000142e+00,7.797390222549438477e-01
6.437574457958086782e+01,-7.900000000000000000e+01,-3.160000000000000142e+00,7.792499661445617676e-01
6.439242655537240978e+01,-7.900000000000000000e+01,-3.160000000000000142e+00,7.780821323394775391e-01
6.440910853116395174e+01,-7.900000000000000000e+01,-3.160000000000000142e+00,7.780572175979614258e-01
6.442579050695550791e+01,-7.900000000000000000e+01,-3.160000000000000142e+00,7.778513431549072266e-01
6.444247248274704987e+01,-7.900000000000000000e+01,-3.160000000000000142e+00,7.779458761215209961e-01
6.445915445853860604e+01,-7.900000000000000000e+01,-3.160000000000000142e+00,7.782621383666992188e-01
6.447583643433014799e+01,-7.900000000000000000e+01,-3.160000000000000142e+00,7.783311605453491211e-01
6.449251841012168995e+01,-7.900000000000000000e+01,-3.160000000000000142e+00,7.778010368347167969e-01
6.450920038591324612e+01,-7.900000000000000000e+01,-3.160000000000000142e+00,7.780946493148803711e-01
6.452588236170478808e+01,-7.900000000000000000e+01,-3.160000000000000142e+00,7.787801027297973633e-01
6.454256433749633004e+01,-7.900000000000000000e+01,-3.160000000000000142e+00,7.787058353424072266e-01
6.455924631328788621e+01,-7.900000000000000000e+01,-3.160000000000000142e+00,7.793853282928466797e-01
6.457592828907942817e+01,-7.900000000000000000e+01,-3.160000000000000142e+00,7.798948287963867188e-01
6.459261026487098434e+01,-7.900000000000000000e+01,-3.160000000000000142e+00,7.803295254707336426e-01
6.460929224066252630e+01,-7.900000000000000000e+01,-3.160000000000000142e+00,7.810116410255432129e-01
6.462597421645406826e+01,-7.900000000000000000e+01,-3.160000000000000142e+00,7.809833884239196777e-01
6.464265619224562442e+01,-7.900000000000000000e+01,-3.160000000000000142e+00,7.811526060104370117e-01
6.465933816803716638e+01,-7.900000000000000000e+01,-3.160000000000000142e+00,7.806040644645690918e-01
6.467602014382870834e+01,-7.900000000000000000e+01,-3.160000000000000142e+00,7.804001569747924805e-01
6.469270211962026451e+01,-7.900000000000000000e+01,-3.160000000000000142e+00,7.802809476852416992e-01
6.470938409541180647e+01,-7.900000000000000000e+01,-3.160000000000000142e+00,7.803522348403930664e-01
6.472606607120336264e+01,-7.900000000000000000e+01,-3.160000000000000142e+00,7.799394130706787109e-01
6.474274804699490460e+01,-7.900000000000000000e+01,-3.160000000000000142e+00,7.799745202064514160e-01
6.475943002278644656e+01,-7.900000000000000000e+01,-3.160000000000000142e+00,7.784206867218017578e-01
6.477611199857800273e+01,-7.900000000000000000e+01,-3.160000000000000142e+00,7.772436738014221191e-01
6.479279397436954469e+01,-7.900000000000000000e+01,-3.160000000000000142e+00,7.777068018913269043e-01
6.480947595016108664e+01,-7.900000000000000000e+01,-3.160000000000000142e+00,7.788877487182617188e-01
6.482615792595264281e+01,-7.900000000000000000e+01,-3.160000000000000142e+00,7.795154452323913574e-01
6.484283990174418477e+01,-7.900000000000000000e+01,-3.160000000000000142e+00,7.805677652359008789e-01
6.485952187753574094e+01,-7.900000000000000000e+01,-3.160000000000000142e+00,7.822614312171936035e-01
6.487620385332728290e+01,-7.900000000000000000e+01,-3.160000000000000142e+00,7.824091315269470215e-01
6.489288582911882486e+01,-7.900000000000000000e+01,-3.160000000000000142e+00,7.801071405410766602e-01
6.490956780491038103e+01,-7.900000000000000000e+01,-3.160000000000000142e+00,7.801458835601806641e-01
6.492624978070192299e+01,-7.900000000000000000e+01,-3.160000000000000142e+00,7.806336283683776855e-01
6.494293175649346495e+01,-7.900000000000000000e+01,-3.160000000000000142e+00,7.808350920677185059e-01
6.495961373228502111e+01,-7.900000000000000000e+01,-3.160000000000000142e+00,7.808908820152282715e-01
6.497629570807656307e+01,-7.900000000000000000e+01,-3.160000000000000142e+00,7.809178829193115234e-01
6.499297768386810503e+01,-7.800000000000000000e+01,-3.120000000000000107e+00,7.805804610252380371e-01
