time_s,displacement_m
0.0,0.0004
0.01668197579154751,0.004
0.0333639515830948,0.0036
0.05004592737464186,0.006
0.06672790316618915,0.0052
0.08340987895773644,0.0072
0.10009185474928373,0.0076
0.11677383054083079,0.0068000000000000005
0.1334558063323783,0.008399999999999998
0.1501377821239256,0.008399999999999998
0.16681975791547243,0.008
0.18350173370701994,0.0092
0.20018370949856723,0.0088
0.21686568529011452,0.0092
0.23354766108166203,0.0096
0.2502296368732093,0.0096
0.2669116126647564,0.0104
0.2835935884563032,0.0108
0.30027556424785096,0.0116
0.316957540039398,0.0116
0.3336395158309453,0.012
0.3503214916224924,0.0116
0.36700346741403966,0.012
0.38368544320558695,0.01
0.40036741899713446,0.0128
0.41704939478868175,0.0128
0.43373137058022904,0.0128
0.4504133463717763,0.013600000000000001
0.4670953221633227,0.0132
0.48377729795487046,0.013600000000000001
0.5004592737464182,0.013999999999999999
0.517141249537965,0.0144
0.5338232253295123,0.0144
0.5505052011210592,0.0144
0.5671871769126069,0.0148
0.5838691527041542,0.0144
0.6005511284957015,0.0144
0.6172331042872483,0.0148
0.6339150800787956,0.0152
0.6505970558703429,0.0152
0.6672790316618906,0.015600000000000001
0.6839610074534379,0.0152
0.7006429832449843,0.0152
0.7173249590365316,0.013600000000000001
0.7340069348280789,0.016
0.7506889106196266,0.016
0.7673708864111739,0.015600000000000001
0.7840528622027212,0.016399999999999998
0.8007348379942685,0.016399999999999998
0.8174168137858158,0.0168
0.834098789577363,0.0168
0.8507807653689099,0.0172
0.8674627411604576,0.0172
0.8841447169520049,0.0172
0.9008266927435522,0.0172
0.917508668535099,0.0176
0.9341906443266468,0.0176
0.9508726201181936,0.018000000000000002
0.9675545959097409,0.018000000000000002
0.9842365717012882,0.018000000000000002
1.000918547492835,0.0168
1.0176005232843828,0.0144
1.03428249907593,0.018000000000000002
1.0509644748674773,0.0184
1.0676464506590246,0.0184
1.0843284264505715,0.018799999999999997
1.1010104022421188,0.018799999999999997
1.1176923780336665,0.018799999999999997
1.1343743538252142,0.018799999999999997
1.151056329616761,0.018799999999999997
1.1677383054083084,0.0184
1.1844202811998548,0.0176
1.2011022569914025,0.018000000000000002
1.2177842327829502,0.018000000000000002
1.234466208574497,0.0192
1.2511481843660444,0.0192
1.2678301601575912,0.0192
1.284512135949139,0.0192
1.3011941117406862,0.0196
1.3178760875322335,0.0196
1.3345580633237808,0.0196
1.351240039115328,0.02
1.3679220149068754,0.02
1.3846039906984227,0.02
1.40128596648997,0.02
1.4179679422815168,0.02
1.434649918073064,0.02
1.4513318938646114,0.02
1.4680138696561587,0.0204
1.484695845447706,0.0204
1.5013778212392532,0.018799999999999997
1.5180597970308005,0.0196
1.5347417728223478,0.0204
1.5514237486138946,0.016399999999999998
1.5681057244054424,0.0168
1.5847877001969901,0.0208
1.601469675988537,0.0208
1.6181516517800842,0.0208
1.634833627571631,0.0208
1.6515156033631788,0.0208
1.6681975791547257,0.0208
1.684879554946273,0.0208
1.7015615307378202,0.0212
1.718243506529367,0.0212
1.7349254823209148,0.0212
1.751607458112462,0.0212
1.7682894339040098,0.0212
1.7849714096955567,0.0212
1.8016533854871035,0.0212
1.8183353612786508,0.0212
1.8350173370701985,0.0212
1.8516993128617463,0.0216
1.8683812886532931,0.0216
1.8850632644448404,0.0216
1.9017452402363868,0.0216
1.9184272160279345,0.0216
1.9351091918194823,0.0216
1.951791167611029,0.0216
1.9684731434025764,0.0216
1.9851551191941237,0.0212
2.001837094985671,0.0212
2.0185190707772183,0.0212
2.035201046568766,0.0216
2.0518830223603124,0.022000000000000002
2.0685649981518606,0.022000000000000002
2.085246973943407,0.022000000000000002
2.1019289497349547,0.022000000000000002
2.118610925526502,0.022000000000000002
2.1352929013180484,0.022000000000000002
2.1519748771095966,0.022000000000000002
2.168656852901143,0.022000000000000002
2.1853388286926907,0.022000000000000002
2.202020804484238,0.022000000000000002
2.2187027802757853,0.022000000000000002
2.2353847560673326,0.022000000000000002
2.25206673185888,0.022400000000000003
2.2687487076504267,0.022400000000000003
2.285430683441974,0.022400000000000003
2.302112659233522,0.022400000000000003
2.3187946350250694,0.022400000000000003
2.335476610816616,0.022400000000000003
2.3521585866081636,0.022400000000000003
2.368840562399711,0.022400000000000003
2.385522538191258,0.022400000000000003
2.4022045139828054,0.022000000000000002
2.418886489774352,0.022000000000000002
2.4355684655659,0.022000000000000002
2.4522504413574473,0.022000000000000002
2.4689324171489946,0.022400000000000003
2.485614392940542,0.022400000000000003
2.5022963687320874,0.022400000000000003
2.5189783445236347,0.022400000000000003
2.535660320315183,0.022400000000000003
2.55234229610673,0.022400000000000003
2.5690242718982774,0.022400000000000003
2.5857062476898247,0.022400000000000003
2.602388223481372,0.022400000000000003
2.6190701992729193,0.022400000000000003
2.6357521750644666,0.022400000000000003
2.652434150856014,0.022400000000000003
2.669116126647561,0.022400000000000003
2.6857981024391084,0.022400000000000003
2.7024800782306557,0.022400000000000003
2.719162054022203,0.022400000000000003
2.7358440298137503,0.022400000000000003
2.7525260056052985,0.022400000000000003
2.769207981396845,0.022400000000000003
2.7858899571883913,0.0232
2.8025719329799386,0.0232
2.8192539087714867,0.0232
2.835935884563034,0.0232
2.8526178603545813,0.0232
2.8692998361461286,0.0232
2.885981811937676,0.0232
2.902663787729223,0.0232
2.9193457635207705,0.022799999999999997
2.9360277393123178,0.022799999999999997
2.952709715103864,0.022799999999999997
2.9693916908954106,0.022799999999999997
2.9860736666869587,0.022799999999999997
3.002755642478506,0.022799999999999997
3.0194376182700533,0.022799999999999997
3.0361195940616006,0.0232
3.052801569853148,0.0232
3.069483545644695,0.0232
3.0861655214362425,0.0232
3.1028474972277897,0.0232
3.119529473019336,0.0232
3.1362114488108843,0.0232
3.1528934246024316,0.0232
3.169575400393979,0.0236
3.186257376185526,0.0236
3.2029393519770735,0.0236
3.2196213277686216,0.0236
3.236303303560168,0.0236
3.2529852793517144,0.0236
3.2696672551432626,0.0236
3.28634923093481,0.0236
3.303031206726357,0.0232
3.3197131825179036,0.0232
3.3363951583094518,0.0232
3.353077134100999,0.0232
3.3697591098925463,0.022000000000000002
3.3864410856840936,0.022400000000000003
3.40312306147564,0.022000000000000002
3.419805037267188,0.024
3.4364870130587355,0.024
3.453168988850282,0.024
3.469850964641829,0.024
3.4865329404333756,0.024
3.5032149162249238,0.024
3.519896892016471,0.024
3.5365788678080183,0.024
3.5532608435995656,0.024
3.569942819391112,0.024
3.58662479518266,0.024
3.6033067709742075,0.024
3.6199887467657548,0.024
3.636670722557302,0.024
3.6533526983488493,0.024
3.6700346741403975,0.024
3.686716649931944,0.024
3.703398625723491,0.024
3.7200806015150385,0.024
3.736762577306586,0.024399999999999998
3.753444553098133,0.024399999999999998
3.7701265288896795,0.024399999999999998
3.7868085046812276,0.024399999999999998
3.803490480472775,0.024399999999999998
3.8201724562643222,0.024399999999999998
3.8368544320558704,0.024399999999999998
3.853536407847417,0.024399999999999998
3.870218383638964,0.024399999999999998
3.8869003594305105,0.024399999999999998
3.9035823352220587,0.024399999999999998
3.920264311013606,0.024399999999999998
3.9369462868051515,0.024399999999999998
3.9536282625966996,0.024399999999999998
3.970310238388247,0.024399999999999998
3.986992214179794,0.024399999999999998
4.003674189971342,0.024399999999999998
4.020356165762889,0.024399999999999998
4.0370381415544365,0.024399999999999998
4.053720117345982,0.024399999999999998
4.070402093137531,0.024399999999999998
4.087084068929078,0.024399999999999998
4.103766044720626,0.024399999999999998
4.120448020512173,0.024399999999999998
4.13712999630372,0.024399999999999998
4.1538119720952675,0.024399999999999998
4.170493947886815,0.024399999999999998
4.187175923678362,0.024399999999999998
4.203857899469909,0.024399999999999998
4.220539875261455,0.024399999999999998
4.237221851053002,0.024399999999999998
4.253903826844551,0.024399999999999998
4.2705858026360985,0.024399999999999998
4.287267778427646,0.024399999999999998
4.303949754219193,0.024399999999999998
4.32063173001074,0.024399999999999998
4.337313705802288,0.024399999999999998
4.353995681593835,0.024399999999999998
4.370677657385382,0.024399999999999998
4.38735963317693,0.024399999999999998
4.404041608968475,0.024399999999999998
4.420723584760022,0.024399999999999998
4.43740556055157,0.0248
4.454087536343117,0.0248
4.470769512134664,0.0248
4.4874514879262115,0.0248
4.504133463717759,0.0248
4.520815439509306,0.0248
4.537497415300853,0.0248
4.554179391092401,0.0248
4.570861366883948,0.0248
4.587543342675495,0.0248
4.6042253184670425,0.0248
4.62090729425859,0.0248
4.637589270050137,0.0248
4.654271245841684,0.0248
4.670953221633232,0.0248
4.687635197424779,0.0248
4.704317173216326,0.0248
4.7209991490078735,0.0248
4.737681124799421,0.0248
4.754363100590968,0.0248
4.771045076382515,0.0248
4.787727052174063,0.0248
4.80440902796561,0.0248
4.821091003757157,0.0248
4.8377729795487046,0.0248
4.854454955340252,0.0248
4.871136931131799,0.0248
4.887818906923346,0.0248
4.904500882714894,0.0248
4.921182858506439,0.0248
4.937864834297988,0.0248
4.954546810089536,0.0248
4.971228785881083,0.0248
4.98791076167263,0.0248
5.004592737464176,0.0248
5.021274713255725,0.0248
5.037956689047272,0.0248
5.054638664838819,0.0252
5.071320640630367,0.0252
5.088002616421914,0.0252
5.104684592213461,0.0252
5.1213665680050084,0.0252
5.138048543796556,0.0252
5.154730519588103,0.0252
5.17141249537965,0.0252
5.188094471171198,0.0252
5.204776446962743,0.024399999999999998
5.221458422754292,0.024399999999999998
5.2381403985458395,0.0252
5.254822374337387,0.0252
5.271504350128934,0.024399999999999998
5.288186325920481,0.024399999999999998
5.304868301712029,0.024399999999999998
5.321550277503574,0.024399999999999998
5.338232253295123,0.0252
5.3549142290866705,0.0252
5.371596204878216,0.0252
5.388278180669763,0.0252
5.404960156461311,0.0252
5.421642132252858,0.0252
5.438324108044407,0.0252
5.455006083835952,0.0252
5.4716880596275,0.0252
5.488370035419047,0.0252
5.505052011210594,0.024399999999999998
5.521733987002142,0.024399999999999998
5.538415962793689,0.0248
5.555097938585238,0.0248
5.571779914376783,0.0248
5.588461890168331,0.0248
5.605143865959878,0.0248
5.621825841751425,0.0248
5.638507817542974,0.0248
5.65518979333452,0.0248
5.671871769126067,0.0248
5.6885537449176145,0.0248
5.7052357207091635,0.0248
5.721917696500709,0.0248
5.738599672292256,0.0248
5.755281648083804,0.0248
5.771963623875351,0.0248
5.788645599666896,0.0248
5.8053275754584455,0.0248
5.822009551249993,0.0252
5.838691527041538,0.0252
5.8553735028330856,0.0252
5.872055478624635,0.0252
5.88873745441618,0.0252
5.905419430207727,0.0252
5.9221014059992765,0.0252
5.938783381790824,0.0252
5.955465357582369,0.0252
5.972147333373918,0.0252
5.988829309165466,0.0252
6.005511284957013,0.0252
6.02219326074856,0.0252
6.038875236540109,0.0252
6.055557212331655,0.0252
6.072239188123202,0.0252
6.088921163914749,0.0252
6.105603139706295,0.0252
6.122285115497842,0.0252
6.138967091289389,0.0252
6.1556490670809385,0.0256
6.172331042872484,0.0256
6.189013018664031,0.0256
6.205694994455579,0.0256
6.222376970247128,0.0256
6.239058946038673,0.0256
6.2557409218302205,0.0256
6.2724228976217695,0.0256
6.289104873413317,0.0248
6.305786849204864,0.0248
6.322468824996411,0.0248
6.339150800787957,0.0248
6.355832776579504,0.0252
6.3725147523710515,0.0252
6.3891967281626005,0.0252
6.405878703954146,0.0252
6.422560679745693,0.0256
6.439242655537244,0.0256
6.45592463132879,0.0256
6.472606607120337,0.0256
6.4892885829118825,0.0256
6.5059705587034315,0.0256
6.522652534494977,0.0256
6.539334510286524,0.0256
6.556016486078072,0.0256
6.572698461869617,0.0256
6.589380437661164,0.0256
6.6060624134527135,0.0256
6.622744389244261,0.0256
6.639426365035808,0.0256
6.656108340827355,0.0256
6.672790316618903,0.0256
6.68947229241045,0.0256
6.706154268201997,0.0256
6.7228362439935445,0.0252
6.739518219785092,0.0252
6.756200195576639,0.0252
6.772882171368188,0.0252
6.789564147159734,0.0252
6.806246122951281,0.0252
6.8229280987428265,0.0252
6.8396100745343755,0.0256
6.856292050325921,0.0256
6.872974026117468,0.0256
6.889656001909016,0.0256
6.906337977700565,0.0256
6.923019953492112,0.0256
6.939701929283659,0.0256
6.9563839050752065,0.0256
6.973065880866754,0.0256
6.989747856658301,0.0256
7.006429832449848,0.0256
7.023111808241396,0.0256
7.039793784032943,0.0256
7.05647575982449,0.0256
7.0731577356160376,0.0256
7.089839711407585,0.0256
7.106521687199132,0.0256
7.123203662990679,0.0256
7.139885638782225,0.0256
7.156567614573772,0.0256
7.1732495903653195,0.0256
7.189931566156869,0.0256
7.206613541948416,0.0256
7.223295517739963,0.0256
7.23997749353151,0.0256
7.256659469323058,0.0256
7.273341445114605,0.026000000000000002
7.290023420906152,0.026000000000000002
7.3067053966977,0.026000000000000002
7.323387372489247,0.026000000000000002
7.340069348280794,0.026000000000000002
7.356751324072343,0.026000000000000002
7.373433299863889,0.0252
7.390115275655436,0.0252
7.406797251446983,0.0252
7.423479227238529,0.0252
7.440161203030078,0.0252
7.456843178821623,0.0252
7.473525154613171,0.0252
7.490207130404718,0.0256
7.5068891061962635,0.0256
7.5235710819878125,0.0256
7.540253057779358,0.0256
7.556935033570907,0.0256
7.573617009362456,0.0256
7.590298985154002,0.0256
7.606980960945549,0.0256
7.6236629367370945,0.0256
7.640344912528642,0.0256
7.657026888320191,0.0256
7.67370886411174,0.0256
7.690390839903287,0.0256
7.707072815694833,0.0256
7.72375479148638,0.0256
7.740436767277927,0.0256
7.757118743069475,0.0256
7.773800718861022,0.0256
7.790482694652567,0.0256
7.807164670444115,0.0256
7.823846646235662,0.0256
7.840528622027211,0.0252
7.857210597818758,0.0252
7.873892573610306,0.0256
7.890574549401853,0.0256
7.907256525193398,0.026000000000000002
7.9239385009849475,0.026000000000000002
7.940620476776495,0.026000000000000002
7.957302452568044,0.026000000000000002
7.973984428359589,0.026000000000000002
7.990666404151137,0.026000000000000002
8.007348379942684,0.026000000000000002
8.024030355734231,0.026000000000000002
8.040712331525778,0.026000000000000002
8.057394307317326,0.026000000000000002
8.074076283108871,0.026000000000000002
8.090758258900419,0.026000000000000002
8.107440234691966,0.026000000000000002
8.124122210483515,0.026000000000000002
8.140804186275062,0.026000000000000002
8.15748616206661,0.026000000000000002
8.174168137858157,0.026000000000000002
8.190850113649702,0.026000000000000002
8.20753208944125,0.026000000000000002
8.224214065232799,0.026000000000000002
8.240896041024348,0.026000000000000002
8.257578016815893,0.026000000000000002
8.27425999260744,0.026000000000000002
8.290941968398988,0.026000000000000002
8.307623944190535,0.026000000000000002
8.324305919982082,0.026000000000000002
8.34098789577363,0.026000000000000002
8.357669871565177,0.026000000000000002
8.374351847356722,0.026000000000000002
8.39103382314827,0.0256
8.407715798939819,0.026000000000000002
8.424397774731366,0.0256
8.441079750522913,0.0256
8.45776172631446,0.026000000000000002
8.474443702106006,0.026000000000000002
8.491125677897552,0.026000000000000002
8.5078076536891,0.026000000000000002
8.524489629480646,0.026000000000000002
8.541171605272195,0.026000000000000002
8.557853581063743,0.026000000000000002
8.57453555685529,0.026000000000000002
8.591217532646837,0.026000000000000002
8.607899508438383,0.026000000000000002
8.62458148422993,0.026000000000000002
8.641263460021479,0.026000000000000002
8.657945435813026,0.026000000000000002
8.674627411604574,0.026000000000000002
8.691309387396121,0.026000000000000002
8.707991363187666,0.026000000000000002
8.724673338979214,0.026000000000000002
8.741355314770763,0.0264
8.75803729056231,0.0264
8.774719266353857,0.0264
8.791401242145405,0.0264
8.80808321793695,0.0264
8.8247651937285,0.0264
8.841447169520047,0.0264
8.858129145311594,0.0264
8.874811121103141,0.0264
8.891493096894687,0.0264
8.908175072686234,0.0264
8.924857048477783,0.0264
8.94153902426933,0.026000000000000002
8.95822100006088,0.0264
8.974902975852425,0.0264
8.99158495164397,0.0264
9.00826692743552,0.0264
9.024948903227067,0.0264
9.041630879018614,0.0264
9.058312854810161,0.0264
9.074994830601709,0.0264
9.091676806393254,0.0264
9.108358782184803,0.0264
9.12504075797635,0.026000000000000002
9.141722733767898,0.026000000000000002
9.158404709559445,0.026000000000000002
9.17508668535099,0.0264
9.191768661142538,0.0264
9.208450636934087,0.026000000000000002
9.225132612725634,0.026000000000000002
9.24181458851718,0.026000000000000002
9.258496564308729,0.0264
9.275178540100274,0.026000000000000002
9.291860515891823,0.026000000000000002
9.30854249168337,0.026000000000000002
9.325224467474918,0.0264
9.341906443266465,0.0264
9.35858841905801,0.026000000000000002
9.375270394849558,0.026000000000000002
9.391952370641107,0.026000000000000002
9.408634346432654,0.026000000000000002
9.425316322224198,0.026000000000000002
9.441998298015747,0.026000000000000002
9.458680273807294,0.026000000000000002
9.475362249598842,0.026000000000000002
9.492044225390389,0.026000000000000002
9.508726201181934,0.026000000000000002
9.525408176973482,0.026000000000000002
9.54209015276503,0.0264
9.558772128556578,0.0264
9.575454104348125,0.0264
9.592136080139673,0.026000000000000002
9.608818055931218,0.026000000000000002
9.625500031722767,0.0264
9.642182007514315,0.0264
9.658863983305862,0.026000000000000002
9.675545959097409,0.026000000000000002
9.692227934888955,0.026000000000000002
9.708909910680502,0.026000000000000002
9.725591886472051,0.026000000000000002
9.742273862263598,0.026000000000000002
9.758955838055147,0.026000000000000002
9.775637813846693,0.026000000000000002
9.792319789638238,0.0264
9.809001765429786,0.0264
9.825683741221335,0.0264
9.842365717012882,0.026000000000000002
9.85904769280443,0.026000000000000002
9.875729668595977,0.026000000000000002
9.892411644387522,0.026000000000000002
9.909093620179071,0.026000000000000002
9.925775595970618,0.026000000000000002
9.942457571762166,0.026000000000000002
9.959139547553713,0.026000000000000002
9.975821523345259,0.026000000000000002
9.992503499136806,0.026000000000000002
10.009185474928355,0.026000000000000002
10.025867450719902,0.026000000000000002
10.042549426511448,0.026000000000000002
10.059231402302997,0.026000000000000002
10.075913378094542,0.026000000000000002
10.092595353886091,0.026000000000000002
10.109277329677639,0.026000000000000002
10.125959305469186,0.026000000000000002
10.142641281260733,0.026000000000000002
10.159323257052279,0.026000000000000002
10.176005232843826,0.026000000000000002
10.192687208635375,0.026000000000000002
10.209369184426922,0.026000000000000002
10.226051160218471,0.026000000000000002
10.242733136010017,0.026000000000000002
10.259415111801562,0.026000000000000002
10.27609708759311,0.026000000000000002
10.292779063384659,0.026000000000000002
10.309461039176206,0.026000000000000002
10.326143014967753,0.026000000000000002
10.3428249907593,0.026000000000000002
10.359506966550846,0.026000000000000002
10.376188942342392,0.026000000000000002
10.39287091813394,0.026000000000000002
10.409552893925486,0.026000000000000002
10.426234869717035,0.026000000000000002
10.442916845508583,0.026000000000000002
10.45959882130013,0.0264
10.476280797091677,0.0264
10.492962772883223,0.0264
10.50964474867477,0.0264
10.526326724466319,0.0264
10.543008700257866,0.0264
10.559690676049415,0.0264
10.57637265184096,0.0264
10.593054627632506,0.0264
10.609736603424054,0.0264
10.626418579215603,0.0264
10.64310055500715,0.0264
10.659782530798697,0.0264
10.676464506590245,0.0264
10.69314648238179,0.0264
10.70982845817334,0.0264
10.726510433964886,0.0264
10.743192409756434,0.0264
10.759874385547981,0.0264
10.776556361339527,0.0264
10.793238337131074,0.0264
10.809920312922623,0.0264
10.82660228871417,0.0264
10.843284264505716,0.0264
10.859966240297265,0.0264
10.87664821608881,0.0264
10.89333019188036,0.0264
10.910012167671907,0.0264
10.926694143463454,0.0264
10.943376119255001,0.0264
10.960058095046547,0.0264
10.976740070838094,0.0264
10.993422046629643,0.0264
11.01010402242119,0.0264
11.026785998212738,0.0264
11.043467974004285,0.0264
11.06014994979583,0.0264
11.076831925587378,0.0264
11.093513901378927,0.0264
11.110195877170474,0.0264
11.126877852962021,0.0264
11.143559828753569,0.0264
11.160241804545114,0.0264
11.176923780336663,0.0264
11.19360575612821,0.0264
11.210287731919758,0.0264
11.226969707711305,0.0264
11.24365168350285,0.0264
11.260333659294398,0.0264
11.277015635085947,0.0264
11.293697610877494,0.0264
11.310379586669043,0.0264
11.327061562460587,0.0264
11.343743538252134,0.0264
11.360425514043683,0.0268
11.377107489835229,0.0268
11.393789465626774,0.0268
11.410471441418322,0.0268
11.42715341720987,0.0268
11.443835393001418,0.0264
11.460517368792965,0.0268
11.477199344584513,0.0268
11.493881320376058,0.0264
11.510563296167607,0.0264
11.527245271959154,0.0264
11.543927247750702,0.0264
11.560609223542249,0.0264
11.577291199333795,0.0264
11.593973175125342,0.0264
11.610655150916891,0.0264
11.627337126708438,0.0264
11.644019102499987,0.0264
11.660701078291533,0.0264
11.677383054083078,0.0264
11.694065029874627,0.0268
11.710747005666175,0.0268
11.727428981457722,0.0268
11.74411095724927,0.027200000000000002
11.760792933040817,0.0268
11.777474908832362,0.0268
11.794156884623911,0.0268
11.810838860415458,0.0268
11.827520836207006,0.0264
11.844202811998553,0.0264
11.860884787790098,0.0264
11.877566763581646,0.0264
11.894248739373195,0.0264
11.910930715164742,0.0264
11.927612690956288,0.027200000000000002
11.944294666747837,0.027200000000000002
11.960976642539382,0.0264
11.977658618330931,0.0264
11.994340594122479,0.0264
12.011022569914026,0.0264
12.027704545705573,0.0264
12.044386521497119,0.0264
12.061068497288666,0.0264
12.077750473080215,0.027200000000000002
12.094432448871762,0.027200000000000002
12.111114424663311,0.027200000000000002
12.127796400454857,0.0264
12.144478376246402,0.0264
12.16116035203795,0.0264
12.177842327829499,0.0264
12.194524303621046,0.0264
12.211206279412593,0.0264
12.22788825520414,0.0264
12.244570230995686,0.0264
12.261252206787235,0.0264
12.277934182578782,0.0264
12.294616158370326,0.0264
12.311298134161875,0.027200000000000002
12.327980109953423,0.027200000000000002
12.34466208574497,0.027200000000000002
12.361344061536517,0.027200000000000002
12.378026037328063,0.027200000000000002
12.39470801311961,0.027200000000000002
12.411389988911159,0.0264
12.428071964702706,0.0264
12.444753940494255,0.0264
12.4614359162858,0.0264
12.478117892077346,0.0268
12.494799867868894,0.0268
12.511481843660443,0.0264
12.52816381945199,0.0264
12.544845795243537,0.0264
12.561527771035085,0.0264
12.57820974682663,0.027200000000000002
12.59489172261818,0.027200000000000002
12.611573698409726,0.027200000000000002
12.628255674201274,0.027200000000000002
12.644937649992821,0.0264
12.661619625784367,0.0264
12.678301601575914,0.0264
12.694983577367463,0.0264
12.71166555315901,0.0264
12.728347528950556,0.0264
12.745029504742105,0.027200000000000002
12.76171148053365,0.027200000000000002
12.7783934563252,0.027200000000000002
12.795075432116747,0.027200000000000002
12.811757407908294,0.027200000000000002
12.828439383699841,0.027200000000000002
12.845121359491387,0.027200000000000002
12.861803335282934,0.027200000000000002
12.878485311074483,0.027200000000000002
12.89516728686603,0.027200000000000002
12.91184926265758,0.027200000000000002
12.928531238449125,0.027200000000000002
12.94521321424067,0.027200000000000002
12.961895190032218,0.027200000000000002
12.978577165823767,0.027200000000000002
12.995259141615314,0.027200000000000002
13.011941117406861,0.027200000000000002
13.028623093198409,0.027200000000000002
13.045305068989954,0.027200000000000002
13.061987044781503,0.027200000000000002
13.07866902057305,0.027200000000000002
13.095350996364598,0.027200000000000002
13.112032972156145,0.027200000000000002
13.12871494794769,0.027200000000000002
13.145396923739238,0.027200000000000002
13.162078899530787,0.027200000000000002
13.178760875322334,0.027200000000000002
13.19544285111388,0.027200000000000002
13.212124826905429,0.027200000000000002
13.228806802696974,0.027200000000000002
13.245488778488523,0.027200000000000002
13.262170754280069,0.027200000000000002
13.278852730071614,0.0268
13.295534705863162,0.0268
13.31221668165471,0.027200000000000002
13.328898657446258,0.027200000000000002
13.345580633237805,0.027200000000000002
13.362262609029353,0.027200000000000002
13.378944584820898,0.027200000000000002
13.395626560612447,0.027200000000000002
13.412308536403994,0.027200000000000002
13.428990512195542,0.027200000000000002
13.445672487987089,0.027200000000000002
13.462354463778635,0.027200000000000002
13.479036439570182,0.027200000000000002
13.495718415361731,0.027200000000000002
13.512400391153278,0.027200000000000002
13.529082366944824,0.027200000000000002
13.545764342736373,0.027200000000000002
13.562446318527918,0.027200000000000002
13.579128294319467,0.027200000000000002
13.595810270111015,0.027200000000000002
13.612492245902562,0.027200000000000002
13.62917422169411,0.027200000000000002
13.645856197485655,0.027200000000000002
13.662538173277202,0.027200000000000002
13.679220149068751,0.027200000000000002
13.695902124860298,0.027200000000000002
13.712584100651846,0.027200000000000002
13.729266076443393,0.027200000000000002
13.745948052234938,0.027200000000000002
13.762630028026486,0.027200000000000002
13.779312003818035,0.027200000000000002
13.795993979609582,0.027200000000000002
13.81267595540113,0.027200000000000002
13.829357931192677,0.027200000000000002
13.846039906984222,0.027200000000000002
13.862721882775771,0.027200000000000002
13.879403858567319,0.027200000000000002
13.896085834358866,0.027200000000000002
13.912767810150413,0.027200000000000002
13.929449785941959,0.027200000000000002
13.946131761733506,0.027200000000000002
13.962813737525055,0.027200000000000002
13.979495713316602,0.027200000000000002
13.996177689108151,0.027200000000000002
14.012859664899697,0.027200000000000002
14.029541640691242,0.027200000000000002
14.046223616482791,0.027200000000000002
14.062905592274339,0.027200000000000002
14.079587568065886,0.027200000000000002
14.096269543857433,0.027200000000000002
14.11295151964898,0.027200000000000002
14.129633495440526,0.027200000000000002
14.146315471232075,0.027200000000000002
14.162997447023622,0.027200000000000002
14.17967942281517,0.027200000000000002
14.196361398606715,0.027200000000000002
14.213043374398262,0.027200000000000002
14.22972535018981,0.027200000000000002
14.246407325981357,0.027200000000000002
14.263089301772903,0.027200000000000002
14.27977127756445,0.0268
14.296453253355999,0.0268
14.313135229147546,0.0268
14.329817204939092,0.0268
14.34649918073064,0.0268
14.363181156522186,0.0268
14.379863132313735,0.027200000000000002
14.396545108105283,0.027200000000000002
14.41322708389683,0.027200000000000002
14.429909059688377,0.027200000000000002
14.446591035479926,0.027200000000000002
14.463273011271472,0.027200000000000002
14.47995498706302,0.027200000000000002
14.496636962854566,0.027200000000000002
14.513318938646115,0.027200000000000002
14.530000914437661,0.027200000000000002
14.54668289022921,0.027200000000000002
14.563364866020756,0.027200000000000002
14.580046841812305,0.027200000000000002
14.59672881760385,0.027200000000000002
14.6134107933954,0.027200000000000002
14.630092769186945,0.027200000000000002
14.646774744978494,0.027200000000000002
14.66345672077004,0.027200000000000002
14.680138696561585,0.027200000000000002
14.696820672353134,0.027200000000000002
14.71350264814468,0.027200000000000002
14.730184623936225,0.0276
14.746866599727774,0.027200000000000002
14.763548575519323,0.027200000000000002
14.780230551310865,0.027200000000000002
14.796912527102418,0.027200000000000002
14.813594502893963,0.027200000000000002
14.830276478685512,0.027200000000000002
14.846958454477058,0.027200000000000002
14.863640430268607,0.027200000000000002
14.880322406060152,0.027200000000000002
14.897004381851701,0.027200000000000002
14.913686357643247,0.0276
14.930368333434796,0.0276
14.947050309226341,0.0276
14.96373228501789,0.027200000000000002
14.980414260809436,0.027200000000000002
14.997096236600985,0.027200000000000002
15.01377821239253,0.027200000000000002
15.03046018818408,0.027200000000000002
15.047142163975625,0.027200000000000002
15.063824139767174,0.027200000000000002
15.08050611555872,0.027200000000000002
15.097188091350269,0.027200000000000002
15.113870067141814,0.027200000000000002
15.130552042933363,0.027200000000000002
15.147234018724909,0.027200000000000002
15.163915994516458,0.027200000000000002
15.180597970308003,0.027200000000000002
15.197279946099549,0.027200000000000002
15.213961921891098,0.027200000000000002
15.230643897682647,0.027200000000000002
15.247325873474193,0.027200000000000002
15.264007849265742,0.027200000000000002
15.280689825057287,0.027200000000000002
15.297371800848836,0.027200000000000002
15.314053776640382,0.027200000000000002
15.33073575243193,0.027200000000000002
15.347417728223476,0.027200000000000002
15.364099704015025,0.027200000000000002
15.38078167980657,0.027200000000000002
15.39746365559812,0.027200000000000002
15.414145631389665,0.027200000000000002
15.430827607181214,0.027200000000000002
15.44750958297276,0.027200000000000002
15.464191558764309,0.027200000000000002
15.480873534555855,0.027200000000000002
15.497555510347404,0.027200000000000002
15.51423748613895,0.027200000000000002
15.530919461930498,0.027200000000000002
15.547601437722044,0.027200000000000002
15.564283413513593,0.027200000000000002
15.580965389305138,0.027200000000000002
15.597647365096687,0.027200000000000002
15.614329340888233,0.027200000000000002
15.631011316679778,0.027200000000000002
15.647693292471327,0.027200000000000002
15.664375268262873,0.027200000000000002
15.681057244054422,0.027200000000000002
15.697739219845968,0.027200000000000002
15.714421195637517,0.027200000000000002
15.731103171429062,0.027200000000000002
15.747785147220611,0.027200000000000002
15.764467123012157,0.027200000000000002
15.781149098803706,0.027200000000000002
15.797831074595251,0.027200000000000002
15.814513050386797,0.027200000000000002
15.831195026178346,0.027200000000000002
15.847877001969895,0.027200000000000002
15.864558977761437,0.0276
15.88124095355299,0.0276
15.897922929344535,0.0276
15.914604905136084,0.0276
15.93128688092763,0.0276
15.947968856719179,0.0276
15.964650832510724,0.0276
15.981332808302273,0.027200000000000002
15.998014784093819,0.0276
16.014696759885368,0.0276
16.031378735676913,0.0276
16.048060711468462,0.0276
16.064742687260008,0.0276
16.081424663051557,0.0276
16.098106638843102,0.0276
16.11478861463465,0.027200000000000002
16.131470590426197,0.027200000000000002
16.148152566217746,0.027200000000000002
16.16483454200929,0.0276
16.18151651780084,0.0276
16.198198493592386,0.0276
16.214880469383935,0.0276
16.23156244517548,0.0276
16.24824442096703,0.0276
16.264926396758575,0.0276
16.28160837255012,0.0276
16.29829034834167,0.0276
16.31497232413322,0.0276
16.33165429992476,0.0276
16.348336275716314,0.0276
16.36501825150786,0.0276
16.381700227299408,0.0276
16.398382203090954,0.0276
16.415064178882503,0.0276
16.431746154674048,0.0276
16.448428130465597,0.0276
16.465110106257143,0.0276
16.481792082048692,0.0276
16.498474057840237,0.0276
16.515156033631786,0.0276
16.531838009423332,0.0276
16.548519985214877,0.0276
16.565201961006427,0.0276
16.581883936797972,0.0276
16.598565912589518,0.0276
16.615247888381067,0.0276
16.631929864172616,0.0276
16.648611839964158,0.0276
16.66529381575571,0.0276
16.681975791547256,0.0276
16.698657767338805,0.0276
16.71533974313035,0.0276
16.7320217189219,0.0276
16.748703694713445,0.0276
16.765385670504994,0.0276
16.78206764629654,0.0276
16.798749622088085,0.0276
16.815431597879634,0.0276
16.832113573671183,0.0276
16.848795549462725,0.0276
16.865477525254278,0.0276
16.882159501045823,0.0276
16.898841476837372,0.0276
16.915523452628918,0.0276
16.932205428420467,0.0276
16.94888740421201,0.0276
16.965569380003558,0.0276
16.982251355795107,0.0276
16.998933331586656,0.0276
17.015615307378198,0.027999999999999997
17.03229728316975,0.027200000000000002
17.048979258961296,0.027200000000000002
17.065661234752845,0.027200000000000002
17.08234321054439,0.027200000000000002
17.09902518633594,0.027200000000000002
17.115707162127485,0.027200000000000002
17.132389137919034,0.0276
17.14907111371058,0.0276
17.165753089502125,0.027999999999999997
17.182435065293674,0.027999999999999997
17.199117041085223,0.027999999999999997
17.215799016876765,0.027999999999999997
17.232480992668318,0.027999999999999997
17.249162968459864,0.027999999999999997
17.26584494425141,0.0276
17.282526920042958,0.0276
17.299208895834507,0.0276
17.31589087162605,0.0276
17.3325728474176,0.0276
17.349254823209147,0.0276
17.365936799000693,0.0276
17.382618774792242,0.0276
17.39930075058379,0.0276
17.415982726375333,0.0276
17.432664702166885,0.027999999999999997
17.44934667795843,0.027999999999999997
17.46602865374998,0.0276
17.482710629541526,0.0276
17.499392605333078,0.0276
17.51607458112462,0.027999999999999997
17.532756556916166,0.0276
17.54943853270772,0.0276
17.56612050849926,0.027999999999999997
17.582802484290806,0.027999999999999997
17.59948446008236,0.027999999999999997
17.616166435873904,0.027999999999999997
17.632848411665446,0.027999999999999997
17.649530387457,0.027999999999999997
17.666212363248544,0.027999999999999997
17.68289433904009,0.027999999999999997
17.69957631483164,0.027999999999999997
17.716258290623188,0.027999999999999997
17.73294026641473,0.027999999999999997
17.749622242206282,0.027999999999999997
17.766304217997828,0.027999999999999997
17.782986193789373,0.027999999999999997
17.799668169580922,0.027999999999999997
17.81635014537247,0.0276
17.833032121164013,0.027999999999999997
17.849714096955566,0.027999999999999997
17.86639607274711,0.027999999999999997
17.883078048538657,0.027999999999999997
17.899760024330206,0.027999999999999997
17.91644200012176,0.027999999999999997
17.933123975913304,0.027999999999999997
17.949805951704846,0.027999999999999997
17.9664879274964,0.0276
17.983169903287944,0.0276
17.999851879079486,0.0276
18.01653385487104,0.0276
18.033215830662584,0.0276
18.04989780645413,0.027999999999999997
18.06657978224568,0.027999999999999997
18.083261758037228,0.027999999999999997
18.09994373382877,0.027999999999999997
18.116625709620322,0.027999999999999997
18.133307685411868,0.027999999999999997
18.149989661203414,0.027999999999999997
18.166671636994963,0.027999999999999997
18.183353612786515,0.027999999999999997
18.200035588578054,0.027999999999999997
18.216717564369606,0.027999999999999997
18.233399540161155,0.027999999999999997
18.2500815159527,0.027999999999999997
18.266763491744246,0.027999999999999997
18.2834454675358,0.027999999999999997
18.30012744332734,0.027999999999999997
18.316809419118886,0.027999999999999997
18.33349139491044,0.027999999999999997
18.35017337070198,0.027999999999999997
18.366855346493526,0.027999999999999997
18.38353732228508,0.027999999999999997
18.40021929807662,0.027999999999999997
18.41690127386817,0.027999999999999997
18.43358324965972,0.027999999999999997
18.45026522545127,0.027999999999999997
18.46694720124281,0.027999999999999997
18.483629177034363,0.027999999999999997
18.500311152825905,0.0276
18.51699312861745,0.0276
18.533675104409003,0.0276
18.550357080200545,0.0276
18.567039055992094,0.027999999999999997
18.583721031783643,0.027999999999999997
18.600403007575196,0.027999999999999997
18.617084983366734,0.0276
18.633766959158287,0.0276
18.650448934949836,0.0276
18.66713091074138,0.0276
18.683812886532927,0.027999999999999997
18.70049486232448,0.0276
18.71717683811602,0.0276
18.733858813907567,0.027999999999999997
18.75054078969912,0.027999999999999997
18.76722276549066,0.027999999999999997
18.783904741282207,0.0276
18.80058671707376,0.0276
18.8172686928653,0.027999999999999997
18.83395066865685,0.027999999999999997
18.8506326444484,0.027999999999999997
18.867314620239952,0.027999999999999997
18.88399659603149,0.027999999999999997
18.900678571823043,0.027999999999999997
18.91736054761459,0.027999999999999997
18.934042523406134,0.027999999999999997
18.950724499197683,0.027999999999999997
18.967406474989236,0.027999999999999997
18.984088450780774,0.027999999999999997
19.000770426572327,0.027999999999999997
19.017452402363876,0.027999999999999997
19.03413437815542,0.027999999999999997
19.050816353946967,0.027999999999999997
19.06749832973852,0.027999999999999997
19.08418030553006,0.027999999999999997
19.100862281321607,0.027999999999999997
19.11754425711316,0.027999999999999997
19.1342262329047,0.027999999999999997
19.150908208696247,0.027999999999999997
19.1675901844878,0.027999999999999997
19.184272160279342,0.027999999999999997
19.20095413607089,0.027999999999999997
19.21763611186244,0.027999999999999997
19.23431808765399,0.027999999999999997
19.25100006344553,0.027999999999999997
19.267682039237084,0.027999999999999997
19.28436401502863,0.027999999999999997
19.301045990820175,0.027999999999999997
19.317727966611724,0.027999999999999997
19.334409942403276,0.027999999999999997
19.351091918194815,0.027999999999999997
19.367773893986367,0.027999999999999997
19.384455869777913,0.027999999999999997
19.401137845569462,0.027999999999999997
19.417819821361007,0.027999999999999997
19.43450179715256,0.027999999999999997
19.451183772944102,0.027999999999999997
19.467865748735647,0.027999999999999997
19.4845477245272,0.027999999999999997
19.501229700318742,0.027999999999999997
19.517911676110288,0.027999999999999997
19.53459365190184,0.027999999999999997
19.551275627693386,0.027999999999999997
19.567957603484928,0.027999999999999997
19.58463957927648,0.027999999999999997
19.601321555068026,0.027999999999999997
19.618003530859575,0.027999999999999997
19.634685506651117,0.027999999999999997
19.65136748244267,0.027999999999999997
19.668049458234215,0.027999999999999997
19.684731434025764,0.027999999999999997
19.70141340981731,0.027999999999999997
19.71809538560886,0.027999999999999997
19.734777361400404,0.027999999999999997
19.751459337191953,0.027999999999999997
19.7681413129835,0.027999999999999997
19.784823288775048,0.027999999999999997
19.801505264566593,0.027999999999999997
19.818187240358142,0.027999999999999997
19.834869216149688,0.027999999999999997
19.851551191941237,0.027999999999999997
19.868233167732782,0.027999999999999997
19.884915143524328,0.027999999999999997
19.901597119315877,0.028399999999999998
19.918279095107426,0.028399999999999998
19.93496107089897,0.028399999999999998
19.951643046690517,0.028399999999999998
19.968325022482066,0.028399999999999998
19.985006998273615,0.028399999999999998
20.001688974065157,0.028399999999999998
20.01837094985671,0.027999999999999997
20.035052925648255,0.027999999999999997
20.0517349014398,0.028399999999999998
20.06841687723135,0.028399999999999998
20.0850988530229,0.028399999999999998
20.10178082881444,0.028399999999999998
20.118462804605993,0.028399999999999998
20.13514478039754,0.0276
20.151826756189088,0.027999999999999997
20.168508731980634,0.0276
20.185190707772183,0.028399999999999998
20.201872683563728,0.028399999999999998
20.218554659355277,0.028399999999999998
20.235236635146823,0.028399999999999998
20.25191861093837,0.027999999999999997
20.268600586729917,0.027999999999999997
20.285282562521466,0.027999999999999997
20.301964538313012,0.027999999999999997
20.318646514104557,0.027999999999999997
20.335328489896106,0.028399999999999998
20.352010465687655,0.028399999999999998
20.368692441479197,0.028399999999999998
20.38537441727075,0.028399999999999998
20.402056393062296,0.028399999999999998
20.418738368853838,0.028399999999999998
20.43542034464539,0.028399999999999998
20.452102320436936,0.028399999999999998
20.46878429622849,0.028399999999999998
20.48546627202003,0.028399999999999998
20.50214824781158,0.028399999999999998
20.518830223603125,0.028399999999999998
20.535512199394674,0.028399999999999998
20.55219417518622,0.028399999999999998
20.568876150977765,0.028399999999999998
20.585558126769314,0.028399999999999998
20.602240102560863,0.028399999999999998
20.618922078352405,0.028399999999999998
20.635604054143958,0.028399999999999998
20.652286029935503,0.028399999999999998
20.668968005727052,0.028399999999999998
20.685649981518598,0.028399999999999998
20.702331957310147,0.028399999999999998
20.719013933101692,0.028399999999999998
20.735695908893238,0.028399999999999998
20.752377884684787,0.028399999999999998
20.769059860476336,0.028399999999999998
20.785741836267878,0.028399999999999998
20.80242381205943,0.028399999999999998
20.819105787850976,0.028399999999999998
20.835787763642525,0.028399999999999998
20.85246973943407,0.028399999999999998
20.86915171522562,0.028399999999999998
20.885833691017165,0.028399999999999998
20.902515666808714,0.027999999999999997
20.91919764260026,0.027999999999999997
20.935879618391805,0.027999999999999997
20.952561594183354,0.027999999999999997
20.969243569974903,0.027999999999999997
20.985925545766445,0.028399999999999998
21.002607521557998,0.028399999999999998
21.019289497349543,0.028399999999999998
21.03597147314109,0.027999999999999997
21.052653448932638,0.027999999999999997
21.069335424724187,0.027999999999999997
21.08601740051573,0.027999999999999997
21.10269937630728,0.027999999999999997
21.119381352098827,0.027999999999999997
21.136063327890376,0.027999999999999997
21.15274530368192,0.027999999999999997
21.16942727947347,0.027999999999999997
21.186109255265013,0.028399999999999998
21.202791231056565,0.028399999999999998
21.21947320684811,0.028399999999999998
21.23615518263966,0.027999999999999997
21.252837158431205,0.027999999999999997
21.269519134222758,0.027999999999999997
21.2862011100143,0.027999999999999997
21.302883085805846,0.027999999999999997
21.319565061597398,0.027999999999999997
21.336247037388944,0.027999999999999997
21.352929013180486,0.027999999999999997
21.36961098897204,0.027999999999999997
21.386292964763584,0.027999999999999997
21.402974940555126,0.027999999999999997
21.41965691634668,0.027999999999999997
21.436338892138224,0.027999999999999997
21.45302086792977,0.027999999999999997
21.46970284372132,0.027999999999999997
21.486384819512867,0.027999999999999997
21.50306679530441,0.027999999999999997
21.519748771095962,0.027999999999999997
21.536430746887508,0.027999999999999997
21.553112722679053,0.027999999999999997
21.569794698470602,0.027999999999999997
21.58647667426215,0.027999999999999997
21.603158650053693,0.027999999999999997
21.619840625845246,0.027999999999999997
21.63652260163679,0.027999999999999997
21.653204577428337,0.027999999999999997
21.669886553219886,0.027999999999999997
21.68656852901144,0.027999999999999997
21.703250504802977,0.027999999999999997
21.719932480594526,0.027999999999999997
21.73661445638608,0.027999999999999997
21.753296432177624,0.027999999999999997
21.769978407969166,0.027999999999999997
21.78666038376072,0.027999999999999997
21.803342359552264,0.027999999999999997
21.82002433534381,0.027999999999999997
21.83670631113536,0.027999999999999997
21.853388286926908,0.027999999999999997
21.87007026271845,0.027999999999999997
21.886752238510002,0.027999999999999997
21.903434214301548,0.027999999999999997
21.920116190093093,0.027999999999999997
21.936798165884642,0.027999999999999997
21.953480141676195,0.027999999999999997
21.970162117467734,0.027999999999999997
21.986844093259286,0.027999999999999997
22.003526069050835,0.027999999999999997
22.020208044842384,0.027999999999999997
22.036890020633926,0.027999999999999997
22.05357199642548,0.027999999999999997
22.07025397221702,0.028399999999999998
22.086935948008566,0.028399999999999998
22.10361792380012,0.027999999999999997
22.12029989959166,0.027999999999999997
22.136981875383206,0.027999999999999997
22.15366385117476,0.027999999999999997
22.1703458269663,0.027999999999999997
22.18702780275785,0.027999999999999997
22.2037097785494,0.027999999999999997
22.220391754340948,0.028399999999999998
22.23707373013249,0.028399999999999998
22.253755705924043,0.028399999999999998
22.27043768171559,0.028399999999999998
22.287119657507134,0.027999999999999997
22.303801633298683,0.027999999999999997
22.320483609090225,0.027999999999999997
22.337165584881774,0.027999999999999997
22.353847560673323,0.027999999999999997
22.370529536464876,0.027999999999999997
22.387211512256414,0.0288
22.403893488047967,0.027999999999999997
22.420575463839516,0.027999999999999997
22.43725743963106,0.027999999999999997
22.453939415422607,0.027999999999999997
22.47062139121416,0.027999999999999997
22.4873033670057,0.027999999999999997
22.503985342797247,0.027999999999999997
22.5206673185888,0.027999999999999997
22.53734929438034,0.027999999999999997
22.554031270171887,0.028399999999999998
22.57071324596344,0.028399999999999998
22.58739522175498,0.027999999999999997
22.60407719754653,0.027999999999999997
22.62075917333808,0.027999999999999997
22.637441149129632,0.027999999999999997
22.65412312492117,0.027999999999999997
22.670805100712723,0.027999999999999997
22.687487076504272,0.028399999999999998
22.704169052295814,0.028399999999999998
22.720851028087363,0.028399999999999998
22.737533003878916,0.028399999999999998
22.754214979670454,0.028399999999999998
22.770896955462007,0.028399999999999998
22.787578931253556,0.028399999999999998
22.8042609070451,0.027999999999999997
22.820942882836647,0.027999999999999997
22.8376248586282,0.028399999999999998
22.85430683441974,0.028399999999999998
22.870988810211287,0.028399999999999998
22.88767078600284,0.028399999999999998
22.90435276179438,0.028399999999999998
22.921034737585927,0.028399999999999998
22.93771671337748,0.028399999999999998
22.95439868916902,0.028399999999999998
22.97108066496057,0.028399999999999998
22.98776264075212,0.028399999999999998
23.00444461654367,0.028399999999999998
23.02112659233521,0.028399999999999998
23.037808568126763,0.028399999999999998
23.05449054391831,0.028399999999999998
23.071172519709854,0.028399999999999998
23.087854495501404,0.028399999999999998
23.104536471292956,0.028399999999999998
23.121218447084495,0.028399999999999998
23.137900422876047,0.028399999999999998
23.154582398667596,0.028399999999999998
23.171264374459142,0.028399999999999998
23.187946350250687,0.028399999999999998
23.20462832604224,0.028399999999999998
23.221310301833782,0.028399999999999998
23.237992277625327,0.028399999999999998
23.25467425341688,0.028399999999999998
23.271356229208422,0.028399999999999998
23.288038204999967,0.028399999999999998
23.30472018079152,0.028399999999999998
23.321402156583066,0.028399999999999998
23.338084132374608,0.028399999999999998
23.35476610816616,0.028399999999999998
23.371448083957706,0.028399999999999998
23.388130059749255,0.028399999999999998
23.4048120355408,0.028399999999999998
23.42149401133235,0.028399999999999998
23.438175987123895,0.028399999999999998
23.454857962915444,0.028399999999999998
23.47153993870699,0.028399999999999998
23.488221914498535,0.028399999999999998
23.504903890290084,0.028399999999999998
23.521585866081633,0.028399999999999998
23.53826784187318,0.028399999999999998
23.554949817664728,0.028399999999999998
23.571631793456273,0.028399999999999998
23.588313769247822,0.028399999999999998
23.604995745039368,0.028399999999999998
23.621677720830917,0.028399999999999998
23.638359696622462,0.028399999999999998
23.655041672414008,0.028399999999999998
23.671723648205557,0.028399999999999998
23.688405623997106,0.028399999999999998
23.705087599788648,0.028399999999999998
23.721769575580197,0.028399999999999998
23.738451551371746,0.028399999999999998
23.755133527163295,0.028399999999999998
23.771815502954837,0.028399999999999998
23.78849747874639,0.028399999999999998
23.805179454537935,0.028399999999999998
23.821861430329484,0.028399999999999998
23.83854340612103,0.028399999999999998
23.85522538191258,0.028399999999999998
23.87190735770412,0.028399999999999998
23.888589333495673,0.028399999999999998
23.90527130928722,0.028399999999999998
23.921953285078768,0.028399999999999998
23.938635260870313,0.028399999999999998
23.955317236661863,0.028399999999999998
23.971999212453408,0.028399999999999998
23.988681188244957,0.028399999999999998
24.005363164036503,0.028399999999999998
24.02204513982805,0.028399999999999998
24.038727115619597,0.028399999999999998
24.055409091411146,0.028399999999999998
24.07209106720269,0.028399999999999998
24.088773042994237,0.028399999999999998
24.105455018785786,0.028399999999999998
24.122136994577335,0.028399999999999998
24.138818970368877,0.028399999999999998
24.15550094616043,0.028399999999999998
24.172182921951975,0.028399999999999998
24.188864897743528,0.028399999999999998
24.20554687353507,0.028399999999999998
24.222228849326616,0.028399999999999998
24.238910825118168,0.028399999999999998
24.25559280090971,0.028399999999999998
24.27227477670126,0.028399999999999998
24.28895675249281,0.028399999999999998
24.305638728284354,0.028399999999999998
24.3223207040759,0.028399999999999998
24.339002679867445,0.028399999999999998
24.355684655658994,0.028399999999999998
24.372366631450543,0.0288
24.389048607242085,0.0288
24.405730583033638,0.028399999999999998
24.422412558825183,0.028399999999999998
24.439094534616732,0.0288
24.455776510408278,0.0288
24.472458486199827,0.0288
24.489140461991372,0.0288
24.505822437782918,0.0288
24.522504413574467,0.0288
24.539186389366016,0.0288
24.555868365157558,0.0288
24.57255034094911,0.0288
24.589232316740656,0.0288
24.605914292532205,0.0288
24.62259626832375,0.0288
24.6392782441153,0.0288
24.655960219906845,0.0288
24.672642195698394,0.0288
24.68932417148994,0.0288
24.706006147281485,0.0288
24.722688123073034,0.0288
24.739370098864583,0.0288
24.756052074656125,0.028399999999999998
24.772734050447678,0.028399999999999998
24.789416026239223,0.028399999999999998
24.80609800203077,0.028399999999999998
24.822779977822318,0.028399999999999998
24.839461953613867,0.028399999999999998
24.85614392940541,0.028399999999999998
24.87282590519696,0.028399999999999998
24.889507880988507,0.0288
24.906189856780056,0.0288
24.9228718325716,0.0288
24.93955380836315,0.0288
24.956235784154696,0.0288
24.972917759946245,0.0288
24.98959973573779,0.028399999999999998
25.00628171152934,0.028399999999999998
25.022963687320885,0.028399999999999998
25.039645663112434,0.028399999999999998
25.05632763890398,0.0288
25.073009614695525,0.0288
25.089691590487078,0.028399999999999998
25.106373566278624,0.028399999999999998
25.123055542070166,0.028399999999999998
25.139737517861718,0.028399999999999998
25.156419493653264,0.028399999999999998
25.173101469444806,0.028399999999999998
25.18978344523636,0.0288
25.206465421027904,0.0288
25.22314739681945,0.0288
25.239829372611,0.0288
25.256511348402547,0.0288
25.27319332419409,0.0288
25.289875299985642,0.0288
25.306557275777187,0.0288
25.323239251568733,0.0288
25.339921227360282,0.0288
25.35660320315183,0.0288
25.373285178943373,0.0288
25.389967154734926,0.0288
25.40664913052647,0.0288
25.423331106318017,0.0288
25.440013082109566,0.0288
25.45669505790112,0.0288
25.473377033692657,0.0288
25.490059009484206,0.0288
25.50674098527576,0.0288
25.523422961067304,0.0288
25.540104936858846,0.0288
25.5567869126504,0.0288
25.573468888441944,0.0288
25.59015086423349,0.0288
25.60683284002504,0.0288
25.623514815816588,0.0288
25.64019679160813,0.0288
25.656878767399682,0.0288
25.673560743191228,0.0288
25.690242718982773,0.0288
25.706924694774322,0.0288
25.72360667056587,0.0288
25.740288646357413,0.0288
25.756970622148966,0.0288
25.773652597940515,0.0288
25.790334573732064,0.0288
25.807016549523606,0.0288
25.82369852531516,0.0288
25.840380501106704,0.0288
25.857062476898246,0.0288
25.8737444526898,0.0288
25.89042642848134,0.0288
25.907108404272886,0.0288
25.92379038006444,0.0288
25.94047235585598,0.0288
25.95715433164753,0.0288
25.97383630743908,0.0288
25.990518283230628,0.0288
26.00720025902217,0.0288
26.023882234813723,0.0288
26.040564210605268,0.0288
26.057246186396814,0.0288
26.073928162188363,0.0288
26.090610137979915,0.0288
26.107292113771454,0.0288
26.123974089563006,0.0288
26.140656065354555,0.0288
26.157338041146094,0.0288
26.174020016937646,0.0288
26.190701992729196,0.0288
26.20738396852074,0.0288
26.224065944312287,0.0288
26.24074792010384,0.0288
26.25742989589538,0.0288
26.274111871686927,0.0288
26.29079384747848,0.0288
26.30747582327002,0.0288
26.324157799061567,0.0288
26.34083977485312,0.0288
26.35752175064466,0.0288
26.37420372643621,0.0288
26.39088570222776,0.0288
26.407567678019305,0.0288
26.42424965381085,0.028399999999999998
26.440931629602403,0.0288
26.457613605393952,0.028399999999999998
26.474295581185494,0.0288
26.490977556977043,0.0288
26.507659532768596,0.0288
26.524341508560134,0.0288
26.541023484351687,0.0288
26.557705460143236,0.028399999999999998
26.57438743593478,0.028399999999999998
26.591069411726327,0.028399999999999998
26.60775138751788,0.028399999999999998
26.62443336330942,0.028399999999999998
26.641115339100967,0.0288
26.65779731489252,0.0288
26.67447929068406,0.0288
26.691161266475607,0.028399999999999998
26.70784324226716,0.028399999999999998
26.7245252180587,0.0288
26.74120719385025,0.0288
26.7578891696418,0.0292
26.77457114543335,0.0292
26.79125312122489,0.0292
26.807935097016443,0.0292
26.82461707280799,0.0292
26.841299048599534,0.0292
26.857981024391083,0.0292
26.874663000182636,0.0292
26.891344975974175,0.0292
26.908026951765727,0.0292
26.924708927557276,0.028399999999999998
26.94139090334882,0.028399999999999998
26.958072879140367,0.0292
26.97475485493192,0.0292
26.991436830723462,0.0292
27.008118806515007,0.0292
27.02480078230656,0.0292
27.041482758098102,0.028399999999999998
27.058164733889647,0.028399999999999998
27.0748467096812,0.0292
27.091528685472746,0.0292
27.108210661264287,0.0292
27.12489263705584,0.0292
27.141574612847386,0.0292
27.158256588638935,0.0292
27.17493856443048,0.0292
27.19162054022203,0.0292
27.208302516013575,0.0292
27.224984491805124,0.0292
27.24166646759667,0.0292
27.258348443388215,0.0292
27.275030419179764,0.0292
27.291712394971313,0.0288
27.308394370762855,0.0288
27.325076346554408,0.0292
27.341758322345953,0.0292
27.358440298137502,0.0292
27.375122273929048,0.0292
27.3918042497206,0.0292
27.408486225512142,0.0292
27.425168201303688,0.0292
27.441850177095237,0.0292
27.458532152886786,0.0292
27.475214128678328,0.0292
27.491896104469877,0.0292
27.508578080261426,0.0292
27.525260056052975,0.0292
27.541942031844517,0.0292
27.55862400763607,0.0292
27.575305983427615,0.0292
27.591987959219164,0.0292
27.60866993501071,0.0292
27.62535191080226,0.0292
27.642033886593804,0.0292
27.658715862385353,0.0292
27.6753978381769,0.0292
27.692079813968448,0.0292
27.708761789759993,0.0292
27.725443765551542,0.0292
27.742125741343088,0.0292
27.758807717134637,0.0288
27.775489692926183,0.0288
27.79217166871773,0.0288
27.808853644509277,0.0288
27.825535620300826,0.0288
27.84221759609237,0.028399999999999998
27.858899571883917,0.0288
27.875581547675466,0.0288
27.892263523467015,0.0288
27.908945499258557,0.0288
27.92562747505011,0.0288
27.942309450841655,0.0288
27.9589914266332,0.0288
27.97567340242475,0.0288
27.9923553782163,0.0288
28.009037354007848,0.0288
28.025719329799394,0.0288
28.04240130559094,0.0288
28.059083281382488,0.028399999999999998
28.075765257174034,0.028399999999999998
28.09244723296558,0.028399999999999998
28.10912920875713,0.0292
28.125811184548674,0.0292
28.142493160340223,0.028399999999999998
28.159175136131765,0.028399999999999998
28.175857111923317,0.0288
28.192539087714863,0.0288
28.209221063506412,0.0288
28.225903039297958,0.0288
28.242585015089507,0.0288
28.259266990881052,0.0288
28.275948966672598,0.0288
28.292630942464147,0.0288
28.309312918255696,0.0288
28.325994894047238,0.0288
28.34267686983879,0.0288
28.359358845630336,0.0288
28.376040821421885,0.0288
28.39272279721343,0.0288
28.40940477300498,0.0288
28.426086748796525,0.0288
28.442768724588074,0.0288
28.45945070037962,0.0288
28.476132676171165,0.0288
28.492814651962714,0.0288
28.509496627754263,0.0288
28.526178603545805,0.0288
28.542860579337358,0.0288
28.559542555128903,0.0288
28.57622453092045,0.0288
28.592906506711998,0.0288
28.609588482503547,0.0288
28.62627045829509,0.0288
28.642952434086638,0.0288
28.659634409878187,0.0288
28.676316385669736,0.0288
28.69299836146128,0.0288
28.70968033725283,0.0288
28.726362313044376,0.0288
28.743044288835925,0.0288
28.75972626462747,0.0288
28.77640824041902,0.0288
28.793090216210565,0.0288
28.809772192002114,0.0288
28.82645416779366,0.0288
28.843136143585205,0.028399999999999998
28.859818119376754,0.028399999999999998
28.876500095168304,0.028399999999999998
28.893182070959845,0.0292
28.909864046751398,0.0292
28.926546022542944,0.0292
28.94322799833449,0.0292
28.959909974126038,0.0292
28.976591949917587,0.0292
28.99327392570913,0.0292
29.00995590150068,0.0292
29.026637877292227,0.0292
29.04331985308377,0.0292
29.060001828875322,0.0292
29.076683804666867,0.0292
29.093365780458413,0.0292
29.110047756249962,0.0292
29.12672973204151,0.0292
29.143411707833053,0.0292
29.160093683624606,0.0292
29.17677565941615,0.0292
29.1934576352077,0.0292
29.210139610999246,0.0292
29.2268215867908,0.0292
29.243503562582337,0.028399999999999998
29.260185538373886,0.0288
29.27686751416544,0.0292
29.293549489956984,0.0292
29.310231465748526,0.0292
29.32691344154008,0.0292
29.343595417331624,0.0292
29.36027739312317,0.0292
29.37695936891472,0.0292
29.393641344706268,0.0292
29.41032332049781,0.0292
29.427005296289362,0.0292
29.443687272080908,0.0292
29.460369247872453,0.0292
29.477051223664002,0.0292
29.49373319945555,0.0292
29.510415175247093,0.0292
29.527097151038646,0.0292
29.54377912683019,0.0292
29.560461102621744,0.0292
29.577143078413286,0.0292
29.59382505420484,0.0292
29.610507029996384,0.0292
29.627189005787926,0.0292
29.64387098157948,0.0292
29.660552957371024,0.0292
29.677234933162566,0.0292
29.69391690895412,0.0292
29.71059888474566,0.0292
29.72728086053721,0.0292
29.74396283632876,0.0292
29.760644812120308,0.0292
29.77732678791185,0.0292
29.794008763703403,0.0292
29.810690739494948,0.0292
29.827372715286494,0.0292
29.844054691078043,0.0292
29.860736666869595,0.0292
29.877418642661134,0.0292
29.894100618452686,0.0292
29.910782594244235,0.0292
29.92746457003578,0.0292
29.944146545827326,0.0292
29.960828521618875,0.0292
29.97751049741042,0.0292
29.994192473201966,0.0292
30.01087444899352,0.0292
30.02755642478506,0.0292
30.044238400576607,0.0292
30.06092037636816,0.0292
30.0776023521597,0.0292
30.094284327951247,0.0292
30.1109663037428,0.0292
30.12764827953434,0.0292
30.14433025532589,0.0292
30.16101223111744,0.0292
30.177694206908985,0.0292
30.19437618270053,0.0292
30.211058158492083,0.0292
30.227740134283625,0.0292
30.244422110075174,0.0292
30.261104085866723,0.0292
30.277786061658276,0.0292
30.294468037449814,0.0292
30.311150013241367,0.0292
30.327831989032916,0.0292
30.34451396482446,0.0292
30.361195940616007,0.0292
30.37787791640756,0.0292
30.3945598921991,0.0288
30.411241867990647,0.0292
30.4279238437822,0.0292
30.444605819573745,0.0292
30.461287795365287,0.0288
30.477969771156836,0.0288
30.494651746948385,0.0288
30.511333722739927,0.0288
30.528015698531483,0.0288
30.544697674323025,0.0288
30.561379650114567,0.0288
30.578061625906123,0.0288
30.594743601697672,0.0288
30.611425577489207,0.0288
30.628107553280763,0.0288
30.644789529072312,0.0288
30.66147150486386,0.0296
30.678153480655403,0.0288
30.694835456446953,0.0288
30.7115174322385,0.0288
30.728199408030044,0.0296
30.744881383821593,0.0288
30.76156335961314,0.0288
30.778245335404684,0.0288
30.79492731119624,0.0288
30.811609286987782,0.0288
30.828291262779324,0.0288
30.84497323857088,0.0288
30.86165521436243,0.0288
30.878337190153964,0.0288
30.89501916594552,0.0288
30.91170114173707,0.0288
30.928383117528604,0.0288
30.94506509332016,0.0288
30.96174706911171,0.0288
30.97842904490325,0.0288
30.9951110206948,0.0288
31.01179299648635,0.0288
31.02847497227789,0.0288
31.045156948069447,0.0288
31.06183892386099,0.0288
31.07852089965253,0.0288
31.095202875444087,0.0288
31.111884851235637,0.0292
31.12856682702717,0.0292
31.145248802818728,0.0288
31.161930778610277,0.0296
31.178612754401826,0.0296
31.195294730193368,0.0292
31.211976705984917,0.0292
31.228658681776466,0.0292
31.245340657568015,0.0296
31.262022633359557,0.0296
31.278704609151106,0.0288
31.295386584942655,0.0288
31.312068560734204,0.0288
31.328750536525746,0.0296
31.345432512317295,0.0296
31.362114488108844,0.0296
31.378796463900393,0.0296
31.395478439691935,0.0296
31.412160415483484,0.0296
31.428842391275033,0.0296
31.445524367066582,0.0296
31.462206342858124,0.0296
31.478888318649673,0.0296
31.495570294441222,0.0296
31.512252270232764,0.0296
31.528934246024313,0.0296
31.545616221815862,0.0296
31.56229819760741,0.0296
31.57898017339896,0.0296
31.595662149190503,0.0296
31.61234412498205,0.0296
31.6290261007736,0.0296
31.64570807656515,0.0296
31.66239005235669,0.0288
31.67907202814824,0.0288
31.69575400393979,0.0288
31.71243597973134,0.0288
31.72911795552288,0.0296
31.74579993131443,0.0296
31.76248190710598,0.0296
31.779163882897528,0.0296
31.79584585868907,0.0296
31.81252783448062,0.0296
31.829209810272168,0.0296
31.845891786063717,0.0288
31.86257376185526,0.0296
31.879255737646808,0.0296
31.895937713438357,0.0288
31.9126196892299,0.0288
31.92930166502145,0.0288
31.945983640812997,0.0288
31.962665616604546,0.0288
31.97934759239609,0.0288
31.996029568187637,0.0296
32.01271154397919,0.0296
32.029393519770736,0.0296
32.04607549556228,0.0288
32.06275747135383,0.0288
32.079439447145376,0.0288
32.096121422936925,0.0288
32.11280339872847,0.0292
32.129485374520016,0.0288
32.146167350311565,0.0296
32.162849326103114,0.0296
32.179531301894656,0.0296
32.196213277686205,0.0296
32.212895253477754,0.0296
32.2295772292693,0.0296
32.246259205060845,0.0296
32.262941180852394,0.0296
32.27962315664394,0.0296
32.29630513243549,0.0296
32.312987108227034,0.0292
32.32966908401858,0.0292
32.34635105981013,0.0296
32.36303303560168,0.0296
32.37971501139322,0.0296
32.39639698718477,0.0296
32.41307896297632,0.0296
32.42976093876787,0.0296
32.44644291455941,0.0296
32.46312489035096,0.0296
32.47980686614251,0.0296
32.49648884193406,0.0296
32.5131708177256,0.0296
32.52985279351715,0.0296
32.5465347693087,0.0296
32.56321674510025,0.0296
32.57989872089179,0.0292
32.59658069668334,0.0292
32.61326267247489,0.0292
32.62994464826644,0.0296
32.64662662405798,0.0288
32.66330859984953,0.0292
32.67999057564108,0.0292
32.69667255143263,0.0292
32.71335452722417,0.0292
32.73003650301572,0.0292
32.74671847880727,0.0292
32.763400454598816,0.0296
32.78008243039036,0.0296
32.79676440618191,0.0296
32.813446381973456,0.0296
32.830128357765,0.0296
32.84681033355655,0.0296
32.863492309348096,0.0296
32.880174285139645,0.0296
32.89685626093119,0.0296
32.91353823672274,0.0296
32.930220212514286,0.0296
32.94690218830584,0.0296
32.96358416409738,0.0296
32.980266139888926,0.0296
32.99694811568048,0.0296
33.013630091472024,0.0296
33.030312067263566,0.0296
33.04699404305512,0.0296
33.063676018846664,0.0296
33.08035799463821,0.0296
33.09703997042976,0.0296
33.113721946221304,0.0296
33.13040392201285,0.0296
33.1470858978044,0.0296
33.163767873595944,0.0296
33.18044984938749,0.0296
33.19713182517904,0.0296
33.21381380097059,0.0296
33.23049577676213,0.0296
33.24717775255368,0.0296
33.26385972834523,0.0296
33.28054170413678,0.0296
33.29722367992832,0.0296
33.31390565571987,0.0296
33.33058763151142,0.0296
33.34726960730297,0.0296
33.36395158309451,0.0296
33.38063355888606,0.0296
33.39731553467761,0.0296
33.41399751046916,0.0296
33.4306794862607,0.0296
33.44736146205225,0.0296
33.4640434378438,0.0296
33.48072541363535,0.0296
33.49740738942689,0.0296
33.51408936521844,0.0296
33.53077134100999,0.0296
33.54745331680154,0.0296
33.56413529259308,0.0296
33.58081726838463,0.0296
33.59749924417618,0.0296
33.614181219967726,0.0296
33.63086319575927,0.0296
33.64754517155082,0.0296
33.664227147342366,0.0296
33.680909123133915,0.0296
33.69759109892546,0.0296
33.714273074717006,0.0296
33.730955050508555,0.0296
33.747637026300104,0.0296
33.764319002091646,0.0296
33.781000977883195,0.0296
33.797682953674745,0.0296
33.81436492946629,0.0296
33.831046905257836,0.0296
33.847728881049385,0.0292
33.864410856840934,0.0292
33.881092832632476,0.0296
33.897774808424025,0.0296
33.914456784215574,0.0296
33.93113876000712,0.0296
33.947820735798665,0.0296
33.964502711590214,0.0296
33.98118468738176,0.0296
33.99786666317331,0.0296
34.014548638964854,0.0296
34.0312306147564,0.0292
34.04791259054795,0.0296
34.0645945663395,0.0296
34.08127654213104,0.0296
34.09795851792259,0.0296
34.11464049371414,0.0296
34.13132246950568,0.0296
34.14800444529723,0.0296
34.16468642108878,0.0296
34.18136839688032,0.0296
34.19805037267188,0.0296
34.21473234846342,0.0292
34.23141432425496,0.0292
34.24809630004652,0.0292
34.26477827583807,0.0292
34.2814602516296,0.0292
34.29814222742116,0.0292
34.31482420321271,0.0292
34.33150617900426,0.0292
34.3481881547958,0.0292
34.36487013058735,0.0292
34.3815521063789,0.0292
34.39823408217045,0.0296
34.41491605796199,0.0296
34.43159803375354,0.0292
34.44828000954509,0.0292
34.464961985336636,0.0292
34.48164396112818,0.0292
34.49832593691973,0.0292
34.515007912711276,0.0292
34.531689888502825,0.0292
34.54837186429437,0.0292
34.565053840085916,0.0292
34.581735815877465,0.0292
34.598417791669014,0.0292
34.615099767460556,0.0296
34.631781743252105,0.0296
34.648463719043654,0.0296
34.665145694835196,0.0296
34.681827670626745,0.0296
34.698509646418294,0.0296
34.715191622209844,0.0296
34.731873598001386,0.0296
34.748555573792935,0.0296
34.765237549584484,0.0296
34.78191952537603,0.0296
34.798601501167575,0.0296
34.815283476959124,0.0296
34.83196545275067,0.0296
34.84864742854222,0.0296
34.865329404333764,0.0296
34.88201138012531,0.0296
34.89869335591686,0.0296
34.915375331708404,0.0296
34.93205730749995,0.0296
34.9487392832915,0.0296
34.965421259083044,0.0296
34.9821032348746,0.0296
34.99878521066614,0.0296
35.015467186457684,0.0296
35.03214916224924,0.0296
35.04883113804079,0.0296
35.065513113832324,0.0296
35.08219508962388,0.0296
35.09887706541543,0.0296
35.11555904120697,0.0296
35.13224101699852,0.0296
35.14892299279007,0.0296
35.16560496858161,0.0296
35.18228694437317,0.0296
35.19896892016471,0.0296
35.21565089595625,0.0296
35.23233287174781,0.0296
35.24901484753936,0.0296
35.26569682333089,0.0296
35.28237879912245,0.0296
35.299060774914,0.0296
35.315742750705546,0.0296
35.33242472649709,0.0296
35.34910670228864,0.0296
35.365788678080186,0.0296
35.382470653871735,0.0296
35.39915262966328,0.0296
35.41583460545482,0.0296
35.432516581246375,0.0296
35.449198557037924,0.0296
35.46588053282946,0.0296
35.482562508621015,0.0296
35.499244484412564,0.0296
35.51592646020411,0.0296
35.532608435995655,0.0296
35.549290411787204,0.0296
35.56597238757875,0.0296
35.5826543633703,0.0296
35.599336339161844,0.0296
35.6160183149534,0.0296
35.63270029074494,0.0296
35.649382266536485,0.0296
35.66606424232804,0.0296
35.68274621811958,0.0296
35.699428193911125,0.0296
35.71611016970268,0.0296
35.73279214549422,0.0296
35.749474121285765,0.0296
35.76615609707732,0.0296
35.78283807286886,0.0296
35.799520048660405,0.0296
35.81620202445196,0.0296
35.83288400024351,0.0292
35.849565976035045,0.0288
35.8662479518266,0.0296
35.88292992761815,0.0296
35.89961190340969,0.0288
35.91629387920124,0.03
35.93297585499279,0.03
35.94965783078433,0.03
35.96633980657589,0.03
35.98302178236743,0.03
35.99970375815897,0.0292
36.01638573395053,0.0292
36.03306770974208,0.0292
36.04974968553361,0.0296
36.06643166132517,0.0296
36.08311363711672,0.0296
36.09979561290826,0.0296
36.11647758869981,0.0296
36.13315956449136,0.0296
36.1498415402829,0.0296
36.166523516074456,0.0296
36.183205491866,0.0296
36.19988746765754,0.0296
36.216569443449096,0.0296
36.233251419240645,0.0296
36.24993339503218,0.0296
36.266615370823736,0.0296
36.283297346615285,0.0296
36.29997932240684,0.0296
36.316661298198376,0.0296
36.333343273989925,0.0296
36.35002524978148,0.0296
36.36670722557302,0.0296
36.383389201364565,0.0296
36.40007117715612,0.0296
36.41675315294766,0.0296
36.433435128739205,0.0296
36.45011710453076,0.0296
36.4667990803223,0.0296
36.48348105611385,0.03
36.5001630319054,0.03
36.51684500769695,0.03
36.53352698348849,0.0296
36.55020895928004,0.0296
36.56689093507159,0.0296
36.58357291086313,0.0296
36.60025488665468,0.0296
36.61693686244623,0.0296
36.63361883823777,0.0296
36.65030081402932,0.0296
36.66698278982087,0.0296
36.68366476561241,0.0296
36.70034674140396,0.0296
36.71702871719551,0.0296
36.73371069298705,0.0296
36.75039266877861,0.0296
36.76707464457015,0.0296
36.78375662036169,0.0296
36.80043859615325,0.0296
36.8171205719448,0.0296
36.83380254773633,0.0296
36.85048452352789,0.0296
36.86716649931944,0.03
36.88384847511098,0.03
36.90053045090253,0.03
36.91721242669408,0.0296
36.93389440248562,0.0296
36.95057637827718,0.0296
36.96725835406872,0.03
36.98394032986026,0.0296
37.00062230565182,0.0296
37.017304281443366,0.0296
37.0339862572349,0.0296
37.05066823302646,0.0296
37.067350208818006,0.0296
37.08403218460956,0.0296
37.1007141604011,0.0296
37.117396136192646,0.0296
37.1340781119842,0.0296
37.15076008777575,0.0296
37.167442063567286,0.0296
37.184124039358835,0.03
37.20080601515039,0.03
37.21748799094193,0.0296
37.234169966733475,0.0296
37.25085194252503,0.0296
37.26753391831657,0.0296
37.284215894108115,0.0296
37.30089786989967,0.0296
37.31757984569121,0.0296
37.334261821482755,0.0296
37.35094379727431,0.03
37.36762577306585,0.03
37.384307748857395,0.03
37.40098972464895,0.03
37.41767170044049,0.03
37.43435367623205,0.03
37.45103565202359,0.03
37.467717627815134,0.0296
37.48439960360669,0.0296
37.50108157939823,0.03
37.517763555189774,0.03
37.53444553098133,0.0296
37.55112750677288,0.03
37.567809482564414,0.03
37.58449145835597,0.03
37.60117343414752,0.0296
37.617855409939054,0.0296
37.63453738573061,0.03
37.65121936152216,0.03
37.6679013373137,0.03
37.68458331310524,0.03
37.7012652888968,0.03
37.71794726468834,0.03
37.7346292404799,0.03
37.75131121627144,0.03
37.76799319206298,0.03
37.78467516785454,0.03
37.80135714364609,0.03
37.81803911943762,0.03
37.83472109522918,0.03
37.85140307102073,0.03
37.868085046812276,0.03
37.88476702260382,0.03
37.90144899839537,0.03
37.918130974186916,0.03
37.93481294997847,0.0296
37.95149492577001,0.03
37.968176901561556,0.0296
37.98485887735311,0.0296
38.001540853144654,0.0296
38.018222828936196,0.0296
38.03490480472775,0.0296
38.051586780519294,0.03
38.06826875631084,0.03
38.08495073210239,0.03
38.101632707893934,0.03
38.11831468368548,0.03
38.13499665947703,0.03
38.151678635268574,0.03
38.16836061106012,0.03
38.18504258685167,0.03
38.201724562643214,0.03
38.21840653843476,0.03
38.23508851422631,0.03
38.251770490017854,0.03
38.2684524658094,0.03
38.28513444160095,0.03
38.301816417392494,0.03
38.31849839318404,0.03
38.3351803689756,0.03
38.351862344767135,0.03
38.368544320558684,0.03
38.38522629635024,0.03
38.40190827214179,0.03
38.418590247933324,0.03
38.43527222372488,0.03
38.45195419951643,0.03
38.46863617530798,0.03
38.48531815109952,0.03
38.50200012689107,0.03
38.51868210268262,0.03
38.53536407847417,0.03
38.55204605426571,0.03
38.56872803005725,0.03
38.58541000584881,0.03
38.60209198164035,0.03
38.61877395743189,0.03
38.63545593322345,0.03
38.652137909014996,0.03
38.66881988480653,0.03
38.68550186059809,0.03
38.702183836389636,0.03
38.71886581218119,0.03
38.73554778797273,0.03
38.75222976376428,0.0292
38.76891173955583,0.03
38.785593715347375,0.03
38.80227569113892,0.03
38.81895766693047,0.03
38.835639642722015,0.03
38.852321618513564,0.03
38.86900359430511,0.03
38.885685570096655,0.03
38.902367545888204,0.03
38.91904952167976,0.03
38.935731497471295,0.03
38.952413473262844,0.03
38.9690954490544,0.03
38.985777424845935,0.03
39.002459400637484,0.03
39.01914137642904,0.03
39.035823352220575,0.03
39.052505328012124,0.03
39.06918730380368,0.03
39.085869279595215,0.03
39.102551255386764,0.03
39.11923323117832,0.03
39.135915206969855,0.03
39.152597182761404,0.03
39.16927915855296,0.0304
39.18596113434451,0.0304
39.202643110136044,0.03
39.2193250859276,0.03
39.23600706171915,0.0304
39.252689037510706,0.0304
39.26937101330224,0.03
39.28605298909379,0.03
39.302734964885346,0.0292
39.31941694067689,0.0292
39.33609891646843,0.0304
39.352780892259986,0.03
39.36946286805153,0.03
39.38614484384308,0.03
39.40282681963462,0.03
39.41950879542617,0.03
39.43619077121772,0.03
39.45287274700927,0.03
39.46955472280081,0.03
39.48623669859236,0.03
39.50291867438391,0.03
39.51960065017545,0.03
39.536282625967,0.03
39.55296460175855,0.03
39.569646577550095,0.0296
39.58632855334164,0.03
39.60301052913319,0.03
39.619692504924735,0.03
39.636374480716285,0.03
39.653056456507834,0.03
39.669738432299376,0.03
39.686420408090925,0.03
39.70310238388248,0.03
39.719784359674016,0.03
39.736466335465565,0.03
39.75314831125712,0.03
39.769830287048656,0.03
39.786512262840205,0.03
39.80319423863176,0.03
39.819876214423296,0.03
39.836558190214845,0.03
39.8532401660064,0.03
39.869922141797936,0.03
39.886604117589485,0.03
39.90328609338104,0.03
39.919968069172576,0.03
39.936650044964125,0.03
39.95333202075568,0.03
39.97001399654723,0.03
39.986695972338765,0.03
40.00337794813032,0.0292
40.02005992392187,0.0292
40.03674189971342,0.03
40.05342387550496,0.0296
40.07010585129651,0.0296
40.08678782708806,0.0296
40.10346980287961,0.03
40.12015177867115,0.03
40.1368337544627,0.0296
40.15351573025425,0.0296
40.1701977060458,0.0296
40.18687968183734,0.0304
40.20356165762889,0.03
40.22024363342044,0.028399999999999998
40.236925609211994,0.028399999999999998
40.25360758500353,0.03
40.27028956079508,0.03
40.28697153658663,0.0296
40.303653512378176,0.0296
40.32033548816972,0.0296
40.33701746396127,0.0296
40.353699439752816,0.0292
40.370381415544365,0.0296
40.38706339133591,0.0296
40.403745367127456,0.0296
40.420427342919005,0.0292
40.43710931871056,0.03
40.453791294502096,0.03
40.470473270293645,0.0292
40.4871552460852,0.0292
40.503837221876736,0.0296
40.520519197668285,0.0296
40.53720117345984,0.0296
40.553883149251384,0.03
40.570565125042926,0.03
40.58724710083448,0.03
40.603929076626024,0.03
40.620611052417566,0.03
40.63729302820912,0.0296
40.653975004000664,0.0296
40.670656979792206,0.0292
40.68733895558376,0.03
40.704020931375304,0.03
40.720702907166846,0.03
40.7373848829584,0.03
40.75406685874995,0.03
40.770748834541486,0.03
40.787430810333035,0.03
40.80411278612459,0.03
40.82079476191614,0.03
40.837476737707675,0.0296
40.85415871349923,0.0296
40.87084068929078,0.0296
40.88752266508233,0.0296
40.90420464087387,0.0296
40.92088661666542,0.0296
40.93756859245697,0.03
40.95425056824852,0.03
40.97093254404006,0.03
40.98761451983161,0.03
41.00429649562316,0.03
41.02097847141471,0.0304
41.03766044720625,0.03
41.0543424229978,0.03
41.07102439878935,0.0296
41.0877063745809,0.0296
41.10438835037244,0.0296
41.12107032616399,0.03
41.13775230195554,0.03
41.154434277747086,0.0304
41.17111625353863,0.0304
41.18779822933018,0.03
41.204480205121726,0.03
41.221162180913275,0.03
41.23784415670482,0.03
41.254526132496366,0.0304
41.271208108287915,0.0296
41.287890084079464,0.0296
41.304572059871006,0.0304
41.321254035662555,0.0304
41.337936011454104,0.0304
41.354617987245646,0.0304
41.371299963037195,0.0304
41.387981938828744,0.0304
41.404663914620286,0.0296
41.421345890411835,0.0292
41.438027866203385,0.0304
41.454709841994934,0.03
41.471391817786476,0.03
41.488073793578025,0.03
41.504755769369574,0.03
41.521437745161116,0.0304
41.53811972095267,0.0304
41.554801696744214,0.0304
41.571483672535756,0.03
41.58816564832731,0.0304
41.60484762411886,0.0304
41.621529599910396,0.0304
41.63821157570195,0.03
41.6548935514935,0.0304
41.67157552728504,0.0296
41.68825750307659,0.0296
41.70493947886814,0.0304
41.72162145465968,0.0304
41.73830343045124,0.0296
41.75498540624278,0.0296
41.77166738203432,0.0296
41.78834935782588,0.03
41.80503133361743,0.0296
41.82171330940896,0.0296
41.83839528520052,0.0296
41.85507726099207,0.0296
41.87175923678362,0.0296
41.88844121257516,0.0304
41.90512318836671,0.0304
41.92180516415826,0.0304
41.93848713994981,0.0304
41.95516911574135,0.0304
41.9718510915329,0.0304
41.98853306732445,0.03
42.005215043115996,0.0304
42.02189701890754,0.0304
42.03857899469909,0.0304
42.055260970490636,0.0304
42.071942946282185,0.0304
42.08862492207373,0.0304
42.105306897865276,0.0304
42.121988873656825,0.0304
42.138670849448374,0.03
42.155352825239916,0.03
42.172034801031465,0.0304
42.188716776823014,0.0304
42.205398752614556,0.0304
42.222080728406105,0.0304
42.238762704197654,0.0304
42.255444679989196,0.0304
42.27212665578075,0.03
42.288808631572294,0.03
42.305490607363836,0.03
42.32217258315539,0.03
42.33885455894694,0.03
42.355536534738484,0.03
42.37221851053003,0.03
42.38890048632158,0.03
42.405582462113124,0.03
42.42226443790467,0.03
42.43894641369622,0.03
42.455628389487764,0.03
42.47231036527931,0.03
42.48899234107086,0.03
42.505674316862404,0.03
42.52235629265396,0.03
42.5390382684455,0.03
42.555720244237044,0.03
42.5724022200286,0.03
42.58908419582015,0.03
42.605766171611684,0.0304
42.62244814740324,0.03
42.63913012319479,0.03
42.65581209898633,0.03
42.67249407477788,0.03
42.68917605056943,0.03
42.70585802636097,0.03
42.72254000215253,0.03
42.73922197794407,0.03
42.75590395373561,0.03
42.77258592952717,0.03
42.78926790531872,0.03
42.80594988111025,0.03
42.82263185690181,0.03
42.83931383269336,0.03
42.855995808484906,0.03
42.87267778427645,0.03
42.889359760068,0.03
42.906041735859546,0.03
42.922723711651095,0.03
42.93940568744264,0.0304
42.956087663234186,0.0304
42.972769639025735,0.0304
42.989451614817284,0.03
43.006133590608826,0.03
43.022815566400375,0.0304
43.039497542191924,0.0304
43.05617951798347,0.0304
43.072861493775015,0.0304
43.089543469566564,0.0304
43.10622544535811,0.0304
43.12290742114966,0.0304
43.139589396941204,0.0304
43.15627137273275,0.03
43.1729533485243,0.0304
43.189635324315844,0.0304
43.20631730010739,0.0304
43.22299927589894,0.0304
43.239681251690484,0.0304
43.25636322748204,0.0304
43.27304520327358,0.0304
43.289727179065125,0.0304
43.30640915485668,0.0304
43.32309113064822,0.0304
43.339773106439765,0.0304
43.35645508223132,0.03
43.37313705802287,0.0304
43.389819033814405,0.0304
43.40650100960596,0.0304
43.42318298539751,0.0304
43.43986496118905,0.0304
43.4565469369806,0.0304
43.47322891277215,0.0304
43.48991088856369,0.03
43.50659286435525,0.03
43.52327484014679,0.03
43.53995681593833,0.03
43.55663879172989,0.03
43.57332076752144,0.03
43.59000274331297,0.03
43.60668471910453,0.03
43.62336669489608,0.03
43.64004867068762,0.03
43.65673064647917,0.03
43.67341262227072,0.03
43.69009459806226,0.03
43.706776573853816,0.03
43.72345854964536,0.0304
43.7401405254369,0.0304
43.756822501228456,0.0304
43.773504477020005,0.0304
43.79018645281154,0.0304
43.806868428603096,0.0304
43.823550404394645,0.03
43.8402323801862,0.0304
43.856914355977736,0.0304
43.873596331769285,0.03
43.89027830756084,0.03
43.90696028335238,0.03
43.923642259143925,0.03
43.94032423493548,0.03
43.95700621072702,0.03
43.973688186518565,0.0304
43.99037016231012,0.0304
44.00705213810166,0.0304
44.023734113893205,0.03
44.04041608968476,0.0304
44.0570980654763,0.0304
44.073780041267845,0.0304
44.0904620170594,0.0304
44.10714399285095,0.0304
44.12382596864249,0.03
44.14050794443404,0.03
44.15718992022559,0.03
44.17387189601713,0.03
44.19055387180868,0.03
44.20723584760023,0.03
44.22391782339177,0.03
44.24059979918333,0.03
44.25728177497487,0.03
44.27396375076641,0.03
44.29064572655797,0.03
44.30732770234951,0.03
44.32400967814105,0.03
44.34069165393261,0.03
44.35737362972416,0.0304
44.37405560551569,0.0304
44.39073758130725,0.0304
44.4074195570988,0.0304
44.42410153289034,0.0304
44.44078350868189,0.0304
44.45746548447344,0.0304
44.47414746026498,0.0304
44.490829436056536,0.0304
44.50751141184808,0.0304
44.52419338763962,0.0304
44.54087536343118,0.0304
44.557557339222726,0.0304
44.57423931501426,0.0304
44.59092129080582,0.0304
44.607603266597366,0.0304
44.62428524238892,0.0304
44.64096721818046,0.0304
44.657649193972006,0.0304
44.67433116976356,0.0296
44.69101314555511,0.0296
44.707695121346646,0.0304
44.7243770971382,0.0304
44.74105907292975,0.0304
44.75774104872129,0.03
44.774423024512835,0.03
44.79110500030439,0.03
44.80778697609593,0.0304
44.824468951887475,0.0304
44.84115092767903,0.0304
44.85783290347057,0.0296
44.874514879262115,0.0296
44.89119685505367,0.0296
44.90787883084521,0.0304
44.924560806636755,0.0304
44.94124278242831,0.0304
44.95792475821985,0.0304
44.974606734011395,0.0304
44.99128870980295,0.0304
45.00797068559449,0.0304
45.02465266138605,0.0304
45.04133463717759,0.0304
45.05801661296913,0.0304
45.07469858876069,0.0304
45.09138056455224,0.0304
45.108062540343774,0.0304
45.12474451613533,0.0304
45.14142649192688,0.0304
45.15810846771842,0.0304
45.17479044350997,0.0304
45.19147241930152,0.0304
45.20815439509306,0.0304
45.22483637088461,0.0304
45.24151834667616,0.0304
45.2582003224677,0.0304
45.27488229825926,0.0304
45.2915642740508,0.0304
45.30824624984234,0.0304
45.3249282256339,0.0304
45.341610201425446,0.0304
45.35829217721698,0.0304
45.37497415300854,0.0304
45.391656128800086,0.0304
45.408338104591635,0.0304
45.42502008038318,0.0304
45.44170205617473,0.0304
45.458384031966276,0.0304
45.47506600775783,0.0304
45.49174798354937,0.0304
45.508429959340916,0.0304
45.52511193513247,0.0304
45.541793910924014,0.0304
45.558475886715556,0.0296
45.57515786250711,0.0296
45.591839838298654,0.0304
45.60852181409021,0.0304
45.62520378988175,0.0304
45.641885765673294,0.0304
45.65856774146484,0.0304
45.67524971725639,0.0304
45.691931693047934,0.03
45.70861366883948,0.03
45.72529564463103,0.03
45.741977620422574,0.0304
45.75865959621412,0.0304
45.77534157200567,0.0304
45.792023547797214,0.0304
45.80870552358876,0.0304
45.82538749938031,0.03
45.842069475171854,0.03
45.8587514509634,0.03
45.87543342675496,0.03
45.892115402546494,0.03
45.90879737833804,0.03
45.9254793541296,0.03
45.94216132992115,0.0304
45.95884330571268,0.0304
45.97552528150424,0.0304
45.99220725729579,0.0304
46.00888923308734,0.03
46.02557120887888,0.03
46.04225318467043,0.03
46.05893516046198,0.0304
46.07561713625353,0.0304
46.09229911204507,0.03
46.10898108783662,0.03
46.12566306362817,0.03
46.142345039419716,0.03
46.15902701521126,0.03
46.17570899100281,0.03
46.192390966794356,0.03
46.20907294258589,0.03
46.22575491837745,0.03
46.242436894168996,0.03
46.25911886996055,0.0304
46.27580084575209,0.0304
46.292482821543636,0.0304
46.30916479733519,0.0304
46.325846773126734,0.0304
46.34252874891828,0.0304
46.35921072470983,0.0304
46.375892700501375,0.0304
46.392574676292924,0.0304
46.40925665208447,0.0304
46.425938627876015,0.0304
46.442620603667564,0.03
46.45930257945912,0.0304
46.475984555250655,0.03
46.492666531042204,0.0304
46.50934850683376,0.0304
46.526030482625295,0.0304
46.542712458416844,0.0304
46.5593944342084,0.0304
46.576076409999935,0.0304
46.592758385791484,0.0304
46.60944036158304,0.0304
46.626122337374575,0.0304
46.642804313166124,0.0304
46.65948628895768,0.0304
46.676168264749215,0.0304
46.692850240540764,0.0304
46.70953221633232,0.0304
46.72621419212387,0.0304
46.742896167915404,0.0304
46.75957814370696,0.0304
46.77626011949851,0.0304
46.792942095290066,0.0304
46.8096240710816,0.0304
46.82630604687315,0.03
46.842988022664706,0.03
46.85966999845625,0.03
46.87635197424779,0.0304
46.893033950039346,0.0304
46.90971592583089,0.0304
46.92639790162244,0.0304
46.943079877413986,0.0304
46.95976185320553,0.0304
46.97644382899708,0.0304
46.99312580478863,0.0304
47.00980778058017,0.0304
47.02648975637172,0.0304
47.04317173216327,0.0304
47.059853707954815,0.03
47.07653568374636,0.0296
47.09321765953791,0.0304
47.109899635329455,0.0304
47.126581611121004,0.0304
47.14326358691255,0.0304
47.159945562704095,0.0304
47.176627538495644,0.0304
47.19330951428719,0.0304
47.209991490078735,0.0304
47.226673465870284,0.0296
47.24335544166184,0.0304
47.260037417453375,0.0304
47.276719393244925,0.0304
47.29340136903648,0.0304
47.310083344828016,0.0304
47.326765320619565,0.0304
47.34344729641112,0.0304
47.360129272202656,0.03
47.376811247994205,0.03
47.39349322378576,0.03
47.410175199577296,0.0304
47.426857175368845,0.0304
47.4435391511604,0.0304
47.460221126951936,0.0304
47.476903102743485,0.0304
47.49358507853504,0.0304
47.51026705432659,0.0304
47.526949030118125,0.0304
47.54363100590968,0.0304
47.56031298170123,0.0304
47.57699495749278,0.0304
47.59367693328432,0.0304
47.61035890907587,0.0304
47.62704088486742,0.0304
47.64372286065897,0.0304
47.66040483645051,0.0304
47.67708681224206,0.0304
47.69376878803361,0.0304
47.71045076382516,0.0304
47.7271327396167,0.0304
47.74381471540825,0.0304
47.7604966911998,0.0304
47.777178666991354,0.0304
47.79386064278289,0.0304
47.81054261857444,0.0304
47.827224594365994,0.0304
47.843906570157536,0.0304
47.86058854594908,0.0304
47.877270521740634,0.0304
47.893952497532176,0.0304
47.910634473323725,0.0304
47.92731644911527,0.0304
47.943998424906816,0.0304
47.960680400698365,0.0304
47.97736237648992,0.0304
47.994044352281456,0.0304
48.010726328073005,0.0304
48.02740830386456,0.0304
48.044090279656096,0.0304
48.060772255447645,0.0304
48.0774542312392,0.0304
48.094136207030736,0.0304
48.110818182822285,0.0304
48.12750015861384,0.0304
48.14418213440538,0.0304
48.160864110196925,0.0304
48.17754608598848,0.0304
48.194228061780024,0.0304
48.210910037571566,0.0304
48.22759201336312,0.0304
48.244273989154664,0.0304
48.260955964946206,0.0304
48.27763794073776,0.0304
48.29431991652931,0.0304
48.311001892320846,0.0304
48.3276838681124,0.0304
48.34436584390395,0.0304
48.3610478196955,0.0304
48.37772979548704,0.0304
48.39441177127859,0.0304
48.41109374707014,0.0304
48.42777572286169,0.0304
48.44445769865323,0.0304
48.46113967444478,0.0304
48.47782165023633,0.0304
48.49450362602788,0.0304
48.51118560181942,0.0304
48.52786757761097,0.03
48.54454955340252,0.03
48.56123152919407,0.0304
48.57791350498561,0.0304
48.59459548077716,0.0304
48.61127745656871,0.03
48.62795943236026,0.03
48.6446414081518,0.03
48.66132338394335,0.03
48.6780053597349,0.03
48.694687335526446,0.03
48.71136931131799,0.03
48.72805128710954,0.03
48.744733262901086,0.0304
48.76141523869264,0.0304
48.77809721448418,0.0304
48.794779190275726,0.0304
48.811461166067275,0.0304
48.828143141858824,0.0304
48.844825117650366,0.0304
48.861507093441915,0.0304
48.878189069233464,0.0304
48.894871045025006,0.0304
48.911553020816555,0.0304
48.928234996608104,0.0304
48.944916972399646,0.0304
48.961598948191195,0.0304
48.978280923982744,0.0304
48.994962899774286,0.0304
49.011644875565835,0.0304
49.02832685135739,0.0304
49.04500882714893,0.0304
49.061690802940475,0.0304
49.07837277873203,0.0304
49.095054754523574,0.0304
49.111736730315116,0.0304
49.12841870610667,0.0304
49.14510068189822,0.0304
49.161782657689756,0.0304
49.17846463348131,0.0304
49.19514660927286,0.0304
49.21182858506441,0.0304
49.22851056085595,0.0304
49.2451925366475,0.0304
49.26187451243905,0.0304
49.2785564882306,0.0304
49.29523846402214,0.0304
49.31192043981368,0.0304
49.32860241560524,0.0304
49.34528439139679,0.0304
49.36196636718832,0.0304
49.37864834297988,0.0304
49.39533031877143,0.0304
49.41201229456298,0.0304
49.42869427035452,0.0304
49.44537624614607,0.0304
49.46205822193762,0.0304
49.47874019772917,0.0304
49.49542217352071,0.0304
49.51210414931226,0.0304
49.52878612510381,0.0304
49.545468100895356,0.0304
49.5621500766869,0.0304
49.57883205247845,0.0304
49.595514028269996,0.0304
49.612196004061545,0.0304
49.62887797985309,0.0304
49.645559955644636,0.0304
49.662241931436185,0.0304
49.678923907227734,0.0304
49.695605883019276,0.0304
49.712287858810825,0.0304
49.728969834602374,0.0304
49.745651810393916,0.0304
49.762333786185465,0.0304
49.779015761977014,0.0304
49.795697737768556,0.0304
49.81237971356011,0.0304
49.829061689351654,0.0304
49.845743665143196,0.0304
49.86242564093475,0.03
49.8791076167263,0.03
49.895789592517836,0.03
49.91247156830939,0.03
49.92915354410094,0.03
49.94583551989248,0.0304
49.96251749568403,0.0304
49.97919947147558,0.0304
49.995881447267124,0.03
50.01256342305867,0.03
50.02924539885022,0.03
50.045927374641764,0.03
50.06260935043332,0.03
50.07929132622486,0.03
50.095973302016404,0.0304
50.11265527780796,0.03
50.12933725359951,0.03
50.146019229391044,0.03
50.1627012051826,0.03
50.17938318097415,0.03
50.19606515676569,0.03
50.21274713255724,0.03
50.22942910834879,0.03
50.24611108414033,0.03
50.26279305993189,0.03
50.27947503572343,0.03
50.29615701151497,0.03
50.31283898730653,0.03
50.329520963098076,0.03
50.34620293888961,0.0308
50.36288491468117,0.0308
50.37956689047272,0.0308
50.396248866264266,0.0308
50.41293084205581,0.0308
50.42961281784736,0.0292
50.446294793638906,0.0292
50.462976769430455,0.0292
50.479658745222,0.0308
50.496340721013546,0.0292
50.513022696805095,0.03
50.529704672596644,0.03
50.546386648388186,0.0308
50.563068624179735,0.0308
50.579750599971284,0.0308
50.59643257576283,0.0308
50.613114551554375,0.0308
50.629796527345924,0.0308
50.64647850313747,0.0308
50.66316047892902,0.0308
50.679842454720564,0.0292
50.69652443051211,0.03
50.71320640630366,0.03
50.729888382095204,0.0308
50.74657035788675,0.0308
50.7632523336783,0.03
50.779934309469844,0.03
50.7966162852614,0.03
50.81329826105294,0.0308
50.829980236844484,0.0308
50.84666221263604,0.0292
50.86334418842759,0.0292
50.880026164219124,0.03
50.89670814001068,0.0308
50.91339011580223,0.0304
50.93007209159377,0.0304
50.94675406738532,0.0304
50.96343604317687,0.0308
50.98011801896841,0.0308
50.99679999475996,0.0308
51.01348197055151,0.0304
51.03016394634305,0.0304
51.04684592213461,0.0304
51.06352789792615,0.0304
51.08020987371769,0.0304
51.09689184950925,0.0304
51.1135738253008,0.0304
51.13025580109233,0.0304
51.14693777688389,0.0304
51.16361975267544,0.0304
51.18030172846698,0.0304
51.19698370425853,0.0304
51.21366568005008,0.0304
51.23034765584162,0.0304
51.247029631633175,0.0304
51.26371160742472,0.0308
51.28039358321626,0.0308
51.297075559007816,0.0308
51.313757534799365,0.0308
51.3304395105909,0.03
51.347121486382456,0.03
51.363803462174005,0.03
51.38048543796556,0.0304
51.397167413757096,0.0304
51.413849389548645,0.0304
51.4305313653402,0.0304
51.44721334113174,0.03
51.463895316923285,0.0292
51.48057729271484,0.03
51.49725926850638,0.03
51.513941244297925,0.03
51.53062322008948,0.0308
51.54730519588102,0.0308
51.563987171672565,0.0308
51.58066914746412,0.0308
51.59735112325566,0.0308
51.614033099047205,0.0308
51.63071507483876,0.0308
51.64739705063031,0.0308
51.664079026421845,0.0308
51.6807610022134,0.0308
51.69744297800495,0.0308
51.71412495379649,0.0308
51.73080692958804,0.0308
51.74748890537959,0.0292
51.76417088117113,0.03
51.78085285696269,0.0292
51.79753483275423,0.0308
51.81421680854577,0.0308
51.83089878433733,0.0308
51.84758076012888,0.0308
51.86426273592041,0.0308
51.88094471171197,0.0308
51.89762668750352,0.0308
51.91430866329505,0.0308
51.93099063908661,0.0308
51.94767261487816,0.0308
51.9643545906697,0.0308
51.98103656646125,0.0308
51.9977185422528,0.0308
52.01440051804434,0.0308
52.031082493835896,0.0308
52.04776446962744,0.0304
52.06444644541898,0.0304
52.081128421210536,0.0304
52.097810397002085,0.0304
52.11449237279362,0.0304
52.131174348585176,0.0304
52.147856324376725,0.0304
52.16453830016828,0.0308
52.18122027595982,0.0308
52.197902251751366,0.0308
52.21458422754292,0.0308
52.23126620333447,0.0308
52.247948179126006,0.0308
52.26463015491756,0.0308
52.28131213070911,0.0308
52.29799410650065,0.0308
52.3146760822922,0.0308
52.33135805808375,0.0308
52.34804003387529,0.0308
52.36472200966684,0.0308
52.38140398545839,0.0308
52.39808596124993,0.0308
52.414767937041475,0.0308
52.43144991283303,0.0308
52.44813188862457,0.0308
52.464813864416115,0.0308
52.48149584020767,0.0308
52.49817781599921,0.0308
52.514859791790755,0.0308
52.53154176758231,0.0308
52.54822374337385,0.0308
52.56490571916541,0.0308
52.58158769495695,0.0308
52.59826967074849,0.0308
52.61495164654005,0.0308
52.6316336223316,0.0308
52.64831559812313,0.0292
52.66499757391469,0.0292
52.68167954970624,0.0308
52.69836152549778,0.0308
52.71504350128933,0.0308
52.73172547708088,0.0308
52.74840745287242,0.0308
52.76508942866398,0.0308
52.78177140445552,0.0308
52.79845338024706,0.0308
52.81513535603862,0.0308
52.831817331830166,0.0308
52.8484993076217,0.0304
52.86518128341326,0.0304
52.881863259204806,0.0304
52.89854523499634,0.0304
52.9152272107879,0.0304
52.931909186579446,0.0304
52.948591162370995,0.0304
52.96527313816254,0.0304
52.981955113954086,0.0304
52.998637089745635,0.0304
53.01531906553719,0.0304
53.032001041328726,0.0304
53.048683017120275,0.0304
53.06536499291183,0.0304
53.082046968703374,0.0304
53.098728944494916,0.0304
53.11541092028647,0.0304
53.132092896078014,0.0304
53.14877487186957,0.0304
53.16545684766111,0.0304
53.182138823452654,0.0304
53.19882079924421,0.0304
53.21550277503575,0.0304
53.232184750827294,0.0304
53.24886672661885,0.0304
53.26554870241039,0.0304
53.282230678201934,0.0304
53.29891265399348,0.0304
53.31559462978503,0.0304
53.332276605576574,0.0304
53.34895858136812,0.0304
53.36564055715967,0.0304
53.382322532951214,0.0304
53.39900450874276,0.0304
53.41568648453432,0.0304
53.432368460325854,0.0304
53.4490504361174,0.0304
53.46573241190896,0.0304
53.4824143877005,0.0304
53.49909636349204,0.0308
53.5157783392836,0.0308
53.53246031507515,0.0292
53.5491422908667,0.0308
53.56582426665824,0.0308
53.58250624244979,0.0308
53.59918821824134,0.0308
53.61587019403289,0.0308
53.63255216982443,0.0308
53.64923414561598,0.0308
53.66591612140753,0.0308
53.682598097199076,0.0308
53.69928007299062,0.03
53.71596204878217,0.0304
53.732644024573716,0.0304
53.74932600036527,0.0304
53.76600797615681,0.0304
53.782689951948356,0.0304
53.79937192773991,0.0304
53.816053903531454,0.0304
53.832735879322996,0.0304
53.84941785511455,0.0304
53.866099830906094,0.0304
53.882781806697636,0.0304
53.89946378248919,0.0304
53.916145758280734,0.0304
53.93282773407228,0.0304
53.94950970986383,0.0304
53.966191685655374,0.0304
53.982873661446924,0.0304
53.99955563723848,0.0304
54.016237613030015,0.0304
54.032919588821564,0.0304
54.04960156461312,0.0304
54.066283540404655,0.0304
54.082965516196204,0.0304
54.09964749198776,0.0296
54.116329467779295,0.0296
54.133011443570844,0.0304
54.1496934193624,0.0304
54.166375395153935,0.0304
54.183057370945484,0.0296
54.19973934673704,0.0304
54.216421322528575,0.0304
54.233103298320124,0.0304
54.24978527411168,0.0304
54.26646724990323,0.0304
54.283149225694764,0.0304
54.29983120148632,0.0304
54.31651317727787,0.0304
54.33319515306941,0.0304
54.34987712886096,0.0304
54.36655910465251,0.0304
54.38324108044405,0.0308
54.39992305623561,0.0308
54.41660503202715,0.0308
54.433287007818706,0.0308
54.44996898361025,0.0308
54.4666509594018,0.0308
54.483332935193346,0.0308
54.50001491098489,0.0308
54.51669688677644,0.0308
54.53337886256799,0.0308
54.55006083835953,0.0308
54.56674281415108,0.0308
54.58342478994263,0.0308
54.600106765734175,0.0308
54.61678874152572,0.0304
54.63347071731727,0.0308
54.650152693108815,0.0308
54.666834668900364,0.0308
54.68351664469191,0.0308
54.700198620483455,0.0308
54.716880596275004,0.0308
54.73356257206656,0.0308
54.750244547858095,0.0308
54.766926523649644,0.0308
54.7836084994412,0.0308
54.800290475232735,0.0308
54.816972451024284,0.0308
54.83365442681584,0.0308
54.850336402607375,0.0308
54.867018378398924,0.0308
54.88370035419048,0.0308
54.900382329982016,0.0308
54.917064305773565,0.0308
54.93374628156512,0.0308
54.950428257356656,0.0308
54.967110233148205,0.0308
54.98379220893976,0.0308
55.000474184731296,0.0308
55.017156160522845,0.0308
55.0338381363144,0.0308
55.05052011210595,0.0304
55.067202087897485,0.0304
55.08388406368904,0.0304
55.10056603948059,0.0304
55.11724801527214,0.0304
55.13392999106368,0.0304
55.15061196685523,0.0304
55.16729394264678,0.0304
55.18397591843833,0.0304
55.20065789422987,0.0304
55.21733987002142,0.0304
55.23402184581297,0.0304
55.25070382160452,0.0304
55.26738579739606,0.0304
55.28406777318761,0.031200000000000002
55.30074974897916,0.0304
55.317431724770714,0.0304
55.33411370056225,0.0296
55.3507956763538,0.0304
55.367477652145354,0.0304
55.384159627936896,0.0304
55.40084160372844,0.0304
55.417523579519994,0.0304
55.434205555311536,0.0304
55.450887531103085,0.0304
55.467569506894634,0.0308
55.484251482686176,0.0308
55.500933458477725,0.0308
55.51761543426928,0.0308
55.534297410060816,0.0308
55.550979385852365,0.0308
55.56766136164392,0.0308
55.584343337435456,0.0308
55.601025313227005,0.0308
55.61770728901856,0.0308
55.634389264810096,0.0308
55.651071240601645,0.0308
55.6677532163932,0.0308
55.684435192184736,0.0308
55.701117167976285,0.0308
55.71779914376784,0.0304
55.734481119559376,0.0304
55.751163095350925,0.0304
55.76784507114248,0.031200000000000002
55.78452704693402,0.0308
55.801209022725565,0.031200000000000002
55.81789099851712,0.031200000000000002
55.83457297430867,0.031200000000000002
55.851254950100206,0.0308
55.86793692589176,0.0308
55.88461890168331,0.031200000000000002
55.90130087747486,0.0304
55.9179828532664,0.0304
55.93466482905795,0.0304
55.9513468048495,0.0296
55.96802878064105,0.0304
55.98471075643259,0.0304
56.00139273222414,0.0304
56.01807470801569,0.0304
56.03475668380724,0.0304
56.05143865959878,0.0308
56.06812063539033,0.031200000000000002
56.08480261118188,0.031200000000000002
56.10148458697343,0.0308
56.11816656276497,0.0308
56.13484853855652,0.0308
56.15153051434807,0.0296
56.16821249013962,0.0296
56.18489446593116,0.0296
56.20157644172271,0.031200000000000002
56.21825841751426,0.031200000000000002
56.234940393305806,0.031200000000000002
56.25162236909735,0.031200000000000002
56.2683043448889,0.031200000000000002
56.284986320680446,0.0308
56.301668296472,0.0308
56.31835027226354,0.0308
56.335032248055086,0.0308
56.35171422384664,0.0308
56.368396199638184,0.0308
56.385078175429726,0.0308
56.40176015122128,0.0308
56.418442127012824,0.0308
56.435124102804366,0.0308
56.451806078595915,0.0308
56.468488054387464,0.0308
56.485170030179006,0.0308
56.501852005970555,0.0308
56.518533981762104,0.031200000000000002
56.535215957553646,0.031200000000000002
56.551897933345195,0.0308
56.56857990913675,0.031200000000000002
56.585261884928286,0.0296
56.601943860719835,0.0304
56.61862583651139,0.031200000000000002
56.63530781230294,0.031200000000000002
56.651989788094475,0.031200000000000002
56.66867176388603,0.031200000000000002
56.68535373967758,0.031200000000000002
56.702035715469115,0.031200000000000002
56.71871769126067,0.0308
56.73539966705222,0.031200000000000002
56.75208164284377,0.031200000000000002
56.76876361863531,0.031200000000000002
56.78544559442686,0.031200000000000002
56.80212757021841,0.031200000000000002
56.81880954600996,0.0296
56.8354915218015,0.0304
56.85217349759305,0.0304
56.8688554733846,0.031200000000000002
56.88553744917615,0.0308
56.90221942496769,0.0308
56.91890140075924,0.0308
56.93558337655079,0.0308
56.95226535234234,0.0308
56.96894732813388,0.031200000000000002
56.98562930392543,0.031200000000000002
57.00231127971698,0.031200000000000002
57.018993255508526,0.031200000000000002
57.03567523130007,0.031200000000000002
57.05235720709162,0.031200000000000002
57.06903918288317,0.0308
57.085721158674716,0.0308
57.10240313446626,0.0308
57.11908511025781,0.0308
57.135767086049356,0.0308
57.152449061840905,0.031200000000000002
57.16913103763245,0.031200000000000002
57.185813013423996,0.031200000000000002
57.202494989215545,0.0308
57.219176965007094,0.031200000000000002
57.235858940798636,0.031200000000000002
57.252540916590185,0.031200000000000002
57.269222892381734,0.031200000000000002
57.285904868173276,0.031200000000000002
57.302586843964825,0.031200000000000002
57.319268819756374,0.031200000000000002
57.335950795547916,0.031200000000000002
57.35263277133947,0.031200000000000002
57.369314747131014,0.031200000000000002
57.385996722922556,0.031200000000000002
57.40267869871411,0.031200000000000002
57.41936067450566,0.031200000000000002
57.436042650297196,0.031200000000000002
57.45272462608875,0.031200000000000002
57.4694066018803,0.031200000000000002
57.48608857767184,0.031200000000000002
57.50277055346339,0.031200000000000002
57.51945252925494,0.031200000000000002
57.53613450504648,0.0308
57.55281648083804,0.0308
57.56949845662958,0.0308
57.58618043242112,0.0308
57.60286240821268,0.031200000000000002
57.61954438400423,0.031200000000000002
57.636226359795764,0.031200000000000002
57.65290833558732,0.0308
57.66959031137887,0.031200000000000002
57.686272287170404,0.031200000000000002
57.70295426296196,0.031200000000000002
57.71963623875351,0.0308
57.73631821454506,0.0308
57.7530001903366,0.031200000000000002
57.76968216612815,0.031200000000000002
57.7863641419197,0.031200000000000002
57.80304611771125,0.0308
57.81972809350279,0.031200000000000002
57.83641006929433,0.031200000000000002
57.85309204508589,0.031200000000000002
57.869774020877436,0.031200000000000002
57.88645599666897,0.031200000000000002
57.90313797246053,0.031200000000000002
57.919819948252076,0.031200000000000002
57.936501924043625,0.031200000000000002
57.95318389983517,0.031200000000000002
57.969865875626716,0.0308
57.986547851418266,0.0308
58.003229827209815,0.0308
58.01991180300136,0.0308
58.036593778792906,0.0308
58.053275754584455,0.031200000000000002
58.069957730376004,0.031200000000000002
58.086639706167546,0.031200000000000002
58.103321681959095,0.031200000000000002
58.120003657750644,0.031200000000000002
58.13668563354219,0.031200000000000002
58.153367609333735,0.031200000000000002
58.170049585125284,0.031200000000000002
58.18673156091683,0.0308
58.20341353670838,0.031200000000000002
58.220095512499924,0.031200000000000002
58.23677748829147,0.031200000000000002
58.25345946408302,0.031200000000000002
58.270141439874564,0.0308
58.28682341566611,0.031200000000000002
58.30350539145766,0.031200000000000002
58.320187367249204,0.031200000000000002
58.33686934304076,0.031200000000000002
58.3535513188323,0.0308
58.370233294623844,0.0308
58.3869152704154,0.0308
58.40359724620695,0.0308
58.420279221998484,0.0308
58.43696119779004,0.031200000000000002
58.45364317358159,0.031200000000000002
58.47032514937313,0.031200000000000002
58.48700712516468,0.031200000000000002
58.50368910095623,0.031200000000000002
58.52037107674777,0.031200000000000002
58.53705305253933,0.031200000000000002
58.55373502833087,0.031200000000000002
58.57041700412241,0.031200000000000002
58.58709897991397,0.031200000000000002
58.60378095570551,0.031200000000000002
58.62046293149705,0.031200000000000002
58.63714490728861,0.031200000000000002
58.65382688308016,0.031200000000000002
58.67050885887169,0.031200000000000002
58.68719083466325,0.031200000000000002
58.7038728104548,0.031200000000000002
58.72055478624634,0.0304
58.73723676203789,0.0296
58.75391873782944,0.0296
58.77060071362098,0.0296
58.787282689412535,0.0304
58.80396466520408,0.0304
58.82064664099562,0.0296
58.837328616787175,0.0296
58.854010592578724,0.0296
58.87069256837026,0.0296
58.887374544161815,0.031200000000000002
58.904056519953365,0.031200000000000002
58.92073849574492,0.031200000000000002
58.937420471536456,0.031200000000000002
58.954102447328005,0.031200000000000002
58.97078442311956,0.031200000000000002
58.9874663989111,0.031200000000000002
59.004148374702645,0.0296
59.0208303504942,0.0296
59.03751232628574,0.031200000000000002
59.054194302077285,0.031200000000000002
59.07087627786884,0.031200000000000002
59.08755825366038,0.031200000000000002
59.104240229451925,0.031200000000000002
59.12092220524348,0.031200000000000002
59.13760418103502,0.031200000000000002
59.154286156826565,0.0296
59.17096813261812,0.031200000000000002
59.18765010840967,0.031200000000000002
59.204332084201205,0.031200000000000002
59.22101405999276,0.031200000000000002
59.23769603578431,0.031200000000000002
59.25437801157585,0.031200000000000002
59.2710599873674,0.031200000000000002
59.28774196315895,0.031200000000000002
59.30442393895049,0.031200000000000002
59.32110591474205,0.031200000000000002
59.33778789053359,0.031200000000000002
59.35446986632513,0.031200000000000002
59.37115184211669,0.031200000000000002
59.38783381790824,0.031200000000000002
59.40451579369977,0.031200000000000002
59.42119776949133,0.031200000000000002
59.43787974528288,0.031200000000000002
59.45456172107442,0.031200000000000002
59.47124369686597,0.031200000000000002
59.48792567265752,0.031200000000000002
59.50460764844906,0.031200000000000002
59.521289624240616,0.0308
59.53797160003216,0.0308
59.5546535758237,0.0308
59.571335551615256,0.0296
59.5880175274068,0.0296
59.60469950319834,0.0296
59.621381478989896,0.0296
59.638063454781445,0.031200000000000002
59.65474543057298,0.031200000000000002
59.671427406364536,0.031200000000000002
59.688109382156085,0.031200000000000002
59.70479135794764,0.031200000000000002
59.721473333739176,0.031200000000000002
59.738155309530725,0.031200000000000002
59.75483728532228,0.031200000000000002
59.77151926111383,0.031200000000000002
59.788201236905365,0.031200000000000002
59.80488321269692,0.031200000000000002
59.82156518848847,0.031200000000000002
59.83824716428001,0.031200000000000002
59.85492914007156,0.031200000000000002
59.87161111586311,0.031200000000000002
59.88829309165465,0.031200000000000002
59.9049750674462,0.031200000000000002
59.92165704323775,0.031200000000000002
59.93833901902929,0.031200000000000002
59.95502099482084,0.031200000000000002
59.97170297061239,0.031200000000000002
59.98838494640393,0.031200000000000002
