x-axis,1
second,Volt
-4.980000E-03,-13.821608E-03
-4.975000E-03,+8.037688E-03
-4.970000E-03,-11.811558E-03
-4.965000E-03,-9.801507E-03
-4.960000E-03,-6.032663E-03
-4.955000E-03,-7.791457E-03
-4.950000E-03,-14.826633E-03
-4.945000E-03,-13.319095E-03
-4.940000E-03,-11.811558E-03
-4.935000E-03,-25.379397E-03
-4.930000E-03,-10.052764E-03
-4.925000E-03,-11.309045E-03
-4.920000E-03,-11.811558E-03
-4.915000E-03,-13.067839E-03
-4.910000E-03,-10.806533E-03
-4.905000E-03,-18.846733E-03
-4.900000E-03,-12.062814E-03
-4.895000E-03,-15.580402E-03
-4.890000E-03,-6.786432E-03
-4.885000E-03,-12.565326E-03
-4.880000E-03,-6.535176E-03
-4.875000E-03,-11.309045E-03
-4.870000E-03,-2.263819E-03
-4.865000E-03,-11.560301E-03
-4.860000E-03,-9.550251E-03
-4.855000E-03,-6.535176E-03
-4.850000E-03,-7.288945E-03
-4.845000E-03,-5.781407E-03
-4.840000E-03,-9.550251E-03
-4.835000E-03,-9.801507E-03
-4.830000E-03,-14.826633E-03
-4.825000E-03,-11.560301E-03
-4.820000E-03,-9.801507E-03
-4.815000E-03,-9.550251E-03
-4.810000E-03,-7.540201E-03
-4.805000E-03,-3.268844E-03
-4.800000E-03,-11.560301E-03
-4.795000E-03,-22.113065E-03
-4.790000E-03,-11.309045E-03
-4.785000E-03,-9.550251E-03
-4.780000E-03,-15.831658E-03
-4.775000E-03,-3.520100E-03
-4.770000E-03,-9.550251E-03
-4.765000E-03,-9.298995E-03
-4.760000E-03,-9.550251E-03
-4.755000E-03,-18.344221E-03
-4.750000E-03,-11.811558E-03
-4.745000E-03,-8.042713E-03
-4.740000E-03,-9.550251E-03
-4.735000E-03,-6.032663E-03
-4.730000E-03,+18.087940E-03
-4.725000E-03,-7.288945E-03
-4.720000E-03,-13.067839E-03
-4.715000E-03,-11.309045E-03
-4.710000E-03,-7.540201E-03
-4.705000E-03,-7.540201E-03
-4.700000E-03,-6.032663E-03
-4.695000E-03,-5.530151E-03
-4.690000E-03,-9.298995E-03
-4.685000E-03,-9.550251E-03
-4.680000E-03,-9.298995E-03
-4.675000E-03,-17.087939E-03
-4.670000E-03,-9.801507E-03
-4.665000E-03,-7.288945E-03
-4.660000E-03,-7.540201E-03
-4.655000E-03,-9.298995E-03
-4.650000E-03,-3.520100E-03
-4.645000E-03,-7.791457E-03
-4.640000E-03,-9.550251E-03
-4.635000E-03,-13.570352E-03
-4.630000E-03,-9.298995E-03
-4.625000E-03,-10.052764E-03
-4.620000E-03,-7.540201E-03
-4.615000E-03,-7.540201E-03
-4.610000E-03,-7.540201E-03
-4.605000E-03,-9.298995E-03
-4.600000E-03,-12.816583E-03
-4.595000E-03,-11.309045E-03
-4.590000E-03,-7.540201E-03
-4.585000E-03,-7.540201E-03
-4.580000E-03,-11.057789E-03
-4.575000E-03,-9.550251E-03
-4.570000E-03,-7.540201E-03
-4.565000E-03,-9.550251E-03
-4.560000E-03,-7.791457E-03
-4.555000E-03,-7.540201E-03
-4.550000E-03,-7.791457E-03
-4.545000E-03,-5.781407E-03
-4.540000E-03,-7.540201E-03
-4.535000E-03,-7.288945E-03
-4.530000E-03,-9.298995E-03
-4.525000E-03,-9.298995E-03
-4.520000E-03,-13.319095E-03
-4.515000E-03,-5.530151E-03
-4.510000E-03,-7.288945E-03
-4.505000E-03,-5.781407E-03
-4.500000E-03,-7.540201E-03
-4.495000E-03,-5.027638E-03
-4.490000E-03,-9.550251E-03
-4.485000E-03,-24.374372E-03
-4.480000E-03,-7.540201E-03
-4.475000E-03,-7.288945E-03
-4.470000E-03,-2.012563E-03
-4.465000E-03,-3.520100E-03
-4.460000E-03,-9.047739E-03
-4.455000E-03,-7.288945E-03
-4.450000E-03,-6.032663E-03
-4.445000E-03,-15.831658E-03
-4.440000E-03,-4.273869E-03
-4.435000E-03,-2.012563E-03
-4.430000E-03,-5.530151E-03
-4.425000E-03,-7.540201E-03
-4.420000E-03,+7.032663E-03
-4.415000E-03,-11.309045E-03
-4.410000E-03,-7.791457E-03
-4.405000E-03,-7.791457E-03
-4.400000E-03,-5.530151E-03
-4.395000E-03,+6.781407E-03
-4.390000E-03,-1.510050E-03
-4.385000E-03,-9.298995E-03
-4.380000E-03,-7.540201E-03
-4.375000E-03,-9.298995E-03
-4.370000E-03,-5.781407E-03
-4.365000E-03,-8.042713E-03
-4.360000E-03,-1.761306E-03
-4.355000E-03,-9.047739E-03
-4.350000E-03,-3.520100E-03
-4.345000E-03,-9.047739E-03
-4.340000E-03,-13.319095E-03
-4.335000E-03,-9.801507E-03
-4.330000E-03,-4.022613E-03
-4.325000E-03,-5.781407E-03
-4.320000E-03,-7.791457E-03
-4.315000E-03,-1.007538E-03
-4.310000E-03,-11.309045E-03
-4.305000E-03,-10.806533E-03
-4.300000E-03,-9.550251E-03
-4.295000E-03,-7.540201E-03
-4.290000E-03,-1.258794E-03
-4.285000E-03,-3.771357E-03
-4.280000E-03,-10.304020E-03
-4.275000E-03,-9.298995E-03
-4.270000E-03,-9.550251E-03
-4.265000E-03,-21.359296E-03
-4.260000E-03,-11.811558E-03
-4.255000E-03,-7.288945E-03
-4.250000E-03,-7.791457E-03
-4.245000E-03,-9.298995E-03
-4.240000E-03,-1.258794E-03
-4.235000E-03,-12.816583E-03
-4.230000E-03,-11.560301E-03
-4.225000E-03,-11.560301E-03
-4.220000E-03,-9.801507E-03
-4.215000E-03,+9.796482E-03
-4.210000E-03,-3.771357E-03
-4.205000E-03,-9.298995E-03
-4.200000E-03,-9.047739E-03
-4.195000E-03,-11.560301E-03
-4.190000E-03,-11.560301E-03
-4.185000E-03,-17.590452E-03
-4.180000E-03,-7.791457E-03
-4.175000E-03,-7.791457E-03
-4.170000E-03,-4.022613E-03
-4.165000E-03,-11.560301E-03
-4.160000E-03,-8.545226E-03
-4.155000E-03,-13.570352E-03
-4.150000E-03,-17.841708E-03
-4.145000E-03,-13.319095E-03
-4.140000E-03,-9.801507E-03
-4.135000E-03,-4.525126E-03
-4.130000E-03,-5.781407E-03
-4.125000E-03,-9.801507E-03
-4.120000E-03,-11.057789E-03
-4.115000E-03,-13.570352E-03
-4.110000E-03,-22.113065E-03
-4.105000E-03,-10.052764E-03
-4.100000E-03,-9.550251E-03
-4.095000E-03,-10.052764E-03
-4.090000E-03,-15.329146E-03
-4.085000E-03,-5.278894E-03
-4.080000E-03,-11.811558E-03
-4.075000E-03,-15.580402E-03
-4.070000E-03,-11.560301E-03
-4.065000E-03,-7.791457E-03
-4.060000E-03,-5.278894E-03
-4.055000E-03,-3.268844E-03
-4.050000E-03,-11.057789E-03
-4.045000E-03,-11.309045E-03
-4.040000E-03,-13.319095E-03
-4.035000E-03,-7.791457E-03
-4.030000E-03,-7.791457E-03
-4.025000E-03,-4.022613E-03
-4.020000E-03,-5.530151E-03
-4.015000E-03,-9.298995E-03
-4.010000E-03,-11.560301E-03
-4.005000E-03,-14.826633E-03
-4.000000E-03,-15.077889E-03
-3.995000E-03,-13.570352E-03
-3.990000E-03,-7.791457E-03
-3.985000E-03,-11.560301E-03
-3.980000E-03,+248.744E-06
-3.975000E-03,-9.550251E-03
-3.970000E-03,-11.811558E-03
-3.965000E-03,-9.801507E-03
-3.960000E-03,-11.309045E-03
-3.955000E-03,-14.324120E-03
-3.950000E-03,-4.273869E-03
-3.945000E-03,-9.298995E-03
-3.940000E-03,-7.791457E-03
-3.935000E-03,-16.836683E-03
-3.930000E-03,-20.354271E-03
-3.925000E-03,-15.831658E-03
-3.920000E-03,-9.550251E-03
-3.915000E-03,-9.801507E-03
-3.910000E-03,-7.540201E-03
-3.905000E-03,-1.007538E-03
-3.900000E-03,-7.288945E-03
-3.895000E-03,-9.550251E-03
-3.890000E-03,-13.570352E-03
-3.885000E-03,-11.560301E-03
-3.880000E-03,-9.550251E-03
-3.875000E-03,-4.022613E-03
-3.870000E-03,-5.530151E-03
-3.865000E-03,-5.530151E-03
-3.860000E-03,-7.791457E-03
-3.855000E-03,-9.550251E-03
-3.850000E-03,-19.349246E-03
-3.845000E-03,-11.560301E-03
-3.840000E-03,-9.298995E-03
-3.835000E-03,-7.540201E-03
-3.830000E-03,-9.550251E-03
-3.825000E-03,-3.017588E-03
-3.820000E-03,-13.319095E-03
-3.815000E-03,-9.550251E-03
-3.810000E-03,-9.801507E-03
-3.805000E-03,-9.298995E-03
-3.800000E-03,-3.771357E-03
-3.795000E-03,-5.530151E-03
-3.790000E-03,-7.540201E-03
-3.785000E-03,-5.530151E-03
-3.780000E-03,-11.560301E-03
-3.775000E-03,-17.841708E-03
-3.770000E-03,-9.801507E-03
-3.765000E-03,-5.781407E-03
-3.760000E-03,-7.540201E-03
-3.755000E-03,-11.309045E-03
-3.750000E-03,-1.761306E-03
-3.745000E-03,-11.057789E-03
-3.740000E-03,-11.309045E-03
-3.735000E-03,-9.298995E-03
-3.730000E-03,-7.791457E-03
-3.725000E-03,-2.012563E-03
-3.720000E-03,-1.761306E-03
-3.715000E-03,-9.047739E-03
-3.710000E-03,-3.268844E-03
-3.705000E-03,-11.560301E-03
-3.700000E-03,-5.781407E-03
-3.695000E-03,-13.570352E-03
-3.690000E-03,-5.530151E-03
-3.685000E-03,-2.012563E-03
-3.680000E-03,-5.530151E-03
-3.675000E-03,-7.540201E-03
-3.670000E-03,-6.786432E-03
-3.665000E-03,-18.595477E-03
-3.660000E-03,-6.032663E-03
-3.655000E-03,-11.309045E-03
-3.650000E-03,-5.781407E-03
-3.645000E-03,+248.744E-06
-3.640000E-03,-3.520100E-03
-3.635000E-03,-7.540201E-03
-3.630000E-03,-9.047739E-03
-3.625000E-03,-9.298995E-03
-3.620000E-03,-13.319095E-03
-3.615000E-03,-6.283920E-03
-3.610000E-03,-5.530151E-03
-3.605000E-03,-5.530151E-03
-3.600000E-03,-7.288945E-03
-3.595000E-03,-7.288945E-03
-3.590000E-03,-7.540201E-03
-3.585000E-03,-5.781407E-03
-3.580000E-03,-5.530151E-03
-3.575000E-03,-7.288945E-03
-3.570000E-03,-7.288945E-03
-3.565000E-03,-5.278894E-03
-3.560000E-03,-5.530151E-03
-3.555000E-03,-5.530151E-03
-3.550000E-03,-5.781407E-03
-3.545000E-03,-7.288945E-03
-3.540000E-03,-5.781407E-03
-3.535000E-03,-5.781407E-03
-3.530000E-03,-5.530151E-03
-3.525000E-03,-5.530151E-03
-3.520000E-03,-9.550251E-03
-3.515000E-03,-5.530151E-03
-3.510000E-03,-5.530151E-03
-3.505000E-03,-3.771357E-03
-3.500000E-03,-5.530151E-03
-3.495000E-03,-5.781407E-03
-3.490000E-03,-3.771357E-03
-3.485000E-03,-7.288945E-03
-3.480000E-03,-5.530151E-03
-3.475000E-03,-8.796482E-03
-3.470000E-03,-9.298995E-03
-3.465000E-03,-7.540201E-03
-3.460000E-03,-5.278894E-03
-3.455000E-03,-5.530151E-03
-3.450000E-03,-5.530151E-03
-3.445000E-03,-9.047739E-03
-3.440000E-03,-11.057789E-03
-3.435000E-03,-7.037688E-03
-3.430000E-03,-3.771357E-03
-3.425000E-03,-3.771357E-03
-3.420000E-03,-5.530151E-03
-3.415000E-03,+1.756281E-03
-3.410000E-03,-5.278894E-03
-3.405000E-03,-7.288945E-03
-3.400000E-03,-9.550251E-03
-3.395000E-03,-6.032663E-03
-3.390000E-03,-5.278894E-03
-3.385000E-03,-4.022613E-03
-3.380000E-03,-3.520100E-03
-3.375000E-03,-3.268844E-03
-3.370000E-03,-7.791457E-03
-3.365000E-03,-7.540201E-03
-3.360000E-03,-13.570352E-03
-3.355000E-03,-7.791457E-03
-3.350000E-03,-4.022613E-03
-3.345000E-03,-3.771357E-03
-3.340000E-03,-7.037688E-03
-3.335000E-03,-8.545226E-03
-3.330000E-03,-13.319095E-03
-3.325000E-03,-9.550251E-03
-3.320000E-03,-8.042713E-03
-3.315000E-03,-7.540201E-03
-3.310000E-03,-4.273869E-03
-3.305000E-03,-7.288945E-03
-3.300000E-03,-5.530151E-03
-3.295000E-03,-9.801507E-03
-3.290000E-03,-9.801507E-03
-3.285000E-03,-19.851759E-03
-3.280000E-03,-9.550251E-03
-3.275000E-03,-7.288945E-03
-3.270000E-03,-7.540201E-03
-3.265000E-03,-11.560301E-03
-3.260000E-03,-10.806533E-03
-3.255000E-03,-13.821608E-03
-3.250000E-03,-13.821608E-03
-3.245000E-03,-11.560301E-03
-3.240000E-03,-11.560301E-03
-3.235000E-03,-11.309045E-03
-3.230000E-03,-7.288945E-03
-3.225000E-03,-11.811558E-03
-3.220000E-03,-11.560301E-03
-3.215000E-03,-13.570352E-03
-3.210000E-03,-13.821608E-03
-3.205000E-03,-12.314070E-03
-3.200000E-03,-9.298995E-03
-3.195000E-03,-9.801507E-03
-3.190000E-03,-15.077889E-03
-3.185000E-03,-13.570352E-03
-3.180000E-03,-19.349246E-03
-3.175000E-03,-11.811558E-03
-3.170000E-03,-12.314070E-03
-3.165000E-03,-11.560301E-03
-3.160000E-03,-13.319095E-03
-3.155000E-03,-12.816583E-03
-3.150000E-03,-17.339196E-03
-3.145000E-03,-26.886934E-03
-3.140000E-03,-13.570352E-03
-3.135000E-03,-13.821608E-03
-3.130000E-03,-4.273869E-03
-3.125000E-03,-9.047739E-03
-3.120000E-03,-11.560301E-03
-3.115000E-03,-9.298995E-03
-3.110000E-03,-11.309045E-03
-3.105000E-03,-19.600502E-03
-3.100000E-03,-8.293970E-03
-3.095000E-03,-9.298995E-03
-3.090000E-03,-10.304020E-03
-3.085000E-03,-7.540201E-03
-3.080000E-03,-11.560301E-03
-3.075000E-03,-15.329146E-03
-3.070000E-03,-9.550251E-03
-3.065000E-03,-8.042713E-03
-3.060000E-03,-7.791457E-03
-3.055000E-03,-8.042713E-03
-3.050000E-03,-3.520100E-03
-3.045000E-03,-11.560301E-03
-3.040000E-03,-58.293969E-03
-3.035000E-03,-77.138190E-03
-3.030000E-03,-9.801507E-03
-3.025000E-03,-9.550251E-03
-3.020000E-03,-5.781407E-03
-3.015000E-03,-4.525126E-03
-3.010000E-03,-7.288945E-03
-3.005000E-03,-7.540201E-03
-3.000000E-03,-10.806533E-03
-2.995000E-03,-13.570352E-03
-2.990000E-03,-11.309045E-03
-2.985000E-03,-9.550251E-03
-2.980000E-03,-6.032663E-03
-2.975000E-03,+500.000E-06
-2.970000E-03,-5.530151E-03
-2.965000E-03,-9.550251E-03
-2.960000E-03,-9.298995E-03
-2.955000E-03,-7.288945E-03
-2.950000E-03,-19.600502E-03
-2.945000E-03,-4.022613E-03
-2.940000E-03,-7.288945E-03
-2.935000E-03,+5.525126E-03
-2.930000E-03,+43.464824E-03
-2.925000E-03,-13.570352E-03
-2.920000E-03,-11.811558E-03
-2.915000E-03,-2.513E-06
-2.910000E-03,-7.540201E-03
-2.905000E-03,-4.022613E-03
-2.900000E-03,+14.067839E-03
-2.895000E-03,-3.017588E-03
-2.890000E-03,-5.530151E-03
-2.885000E-03,-5.530151E-03
-2.880000E-03,-5.278894E-03
-2.875000E-03,-5.278894E-03
-2.870000E-03,-5.530151E-03
-2.865000E-03,-3.017588E-03
-2.860000E-03,-3.268844E-03
-2.855000E-03,-5.278894E-03
-2.850000E-03,-7.288945E-03
-2.845000E-03,-9.047739E-03
-2.840000E-03,-6.032663E-03
-2.835000E-03,-8.042713E-03
-2.830000E-03,-5.278894E-03
-2.825000E-03,-3.520100E-03
-2.820000E-03,+2.510050E-03
-2.815000E-03,-7.540201E-03
-2.810000E-03,-7.288945E-03
-2.805000E-03,-5.781407E-03
-2.800000E-03,-6.032663E-03
-2.795000E-03,-11.811558E-03
-2.790000E-03,-1.510050E-03
-2.785000E-03,-3.771357E-03
-2.780000E-03,-3.520100E-03
-2.775000E-03,-7.037688E-03
-2.770000E-03,-14.575377E-03
-2.765000E-03,-9.550251E-03
-2.760000E-03,-3.771357E-03
-2.755000E-03,-18.595477E-03
-2.750000E-03,-5.530151E-03
-2.745000E-03,-4.776382E-03
-2.740000E-03,-5.027638E-03
-2.735000E-03,-9.298995E-03
-2.730000E-03,-7.288945E-03
-2.725000E-03,-4.022613E-03
-2.720000E-03,-5.530151E-03
-2.715000E-03,-1.761306E-03
-2.710000E-03,-2.515075E-03
-2.705000E-03,-5.530151E-03
-2.700000E-03,-5.530151E-03
-2.695000E-03,-5.530151E-03
-2.690000E-03,-9.550251E-03
-2.685000E-03,-5.530151E-03
-2.680000E-03,-3.520100E-03
-2.675000E-03,-3.771357E-03
-2.670000E-03,-5.530151E-03
-2.665000E-03,-5.027638E-03
-2.660000E-03,-7.288945E-03
-2.655000E-03,-37.439698E-03
-2.650000E-03,-4.022613E-03
-2.645000E-03,-3.771357E-03
-2.640000E-03,-5.530151E-03
-2.635000E-03,-5.530151E-03
-2.630000E-03,-5.781407E-03
-2.625000E-03,-5.530151E-03
-2.620000E-03,-8.042713E-03
-2.615000E-03,-13.570352E-03
-2.610000E-03,-6.032663E-03
-2.605000E-03,-5.530151E-03
-2.600000E-03,-5.278894E-03
-2.595000E-03,-5.530151E-03
-2.590000E-03,-4.273869E-03
-2.585000E-03,-9.047739E-03
-2.580000E-03,-5.781407E-03
-2.575000E-03,-6.032663E-03
-2.570000E-03,-6.032663E-03
-2.565000E-03,-5.781407E-03
-2.560000E-03,-1.761306E-03
-2.555000E-03,-7.037688E-03
-2.550000E-03,-5.530151E-03
-2.545000E-03,-9.047739E-03
-2.540000E-03,-7.288945E-03
-2.535000E-03,-10.052764E-03
-2.530000E-03,-3.268844E-03
-2.525000E-03,-5.530151E-03
-2.520000E-03,-7.540201E-03
-2.515000E-03,-7.540201E-03
-2.510000E-03,-12.565326E-03
-2.505000E-03,-9.550251E-03
-2.500000E-03,-5.530151E-03
-2.495000E-03,-9.298995E-03
-2.490000E-03,-9.298995E-03
-2.485000E-03,-2.515075E-03
-2.480000E-03,-9.047739E-03
-2.475000E-03,-11.560301E-03
-2.470000E-03,-7.791457E-03
-2.465000E-03,-9.298995E-03
-2.460000E-03,-9.550251E-03
-2.455000E-03,-7.540201E-03
-2.450000E-03,-7.791457E-03
-2.445000E-03,-7.037688E-03
-2.440000E-03,-11.309045E-03
-2.435000E-03,-10.806533E-03
-2.430000E-03,-13.319095E-03
-2.425000E-03,-8.042713E-03
-2.420000E-03,-9.298995E-03
-2.415000E-03,-9.801507E-03
-2.410000E-03,+9.796482E-03
-2.405000E-03,-7.540201E-03
-2.400000E-03,-13.067839E-03
-2.395000E-03,-9.801507E-03
-2.390000E-03,-11.560301E-03
-2.385000E-03,-9.801507E-03
-2.380000E-03,-7.791457E-03
-2.375000E-03,-11.309045E-03
-2.370000E-03,-7.540201E-03
-2.365000E-03,-13.067839E-03
-2.360000E-03,-11.811558E-03
-2.355000E-03,-19.349246E-03
-2.350000E-03,-11.560301E-03
-2.345000E-03,-13.319095E-03
-2.340000E-03,-9.801507E-03
-2.335000E-03,-11.811558E-03
-2.330000E-03,-5.530151E-03
-2.325000E-03,-15.580402E-03
-2.320000E-03,-27.891959E-03
-2.315000E-03,-13.067839E-03
-2.310000E-03,-11.811558E-03
-2.305000E-03,-14.072864E-03
-2.300000E-03,-13.067839E-03
-2.295000E-03,-11.057789E-03
-2.290000E-03,-11.560301E-03
-2.285000E-03,-11.309045E-03
-2.280000E-03,-21.359296E-03
-2.275000E-03,-9.801507E-03
-2.270000E-03,-7.288945E-03
-2.265000E-03,-9.550251E-03
-2.260000E-03,-9.550251E-03
-2.255000E-03,+248.744E-06
-2.250000E-03,-11.309045E-03
-2.245000E-03,-13.319095E-03
-2.240000E-03,-11.560301E-03
-2.235000E-03,-11.560301E-03
-2.230000E-03,-9.550251E-03
-2.225000E-03,-3.520100E-03
-2.220000E-03,-11.309045E-03
-2.215000E-03,-9.298995E-03
-2.210000E-03,-11.560301E-03
-2.205000E-03,-9.550251E-03
-2.200000E-03,-13.821608E-03
-2.195000E-03,-7.288945E-03
-2.190000E-03,-9.047739E-03
-2.185000E-03,-9.298995E-03
-2.180000E-03,-13.067839E-03
-2.175000E-03,-9.298995E-03
-2.170000E-03,-13.821608E-03
-2.165000E-03,-15.831658E-03
-2.160000E-03,-9.801507E-03
-2.155000E-03,-9.550251E-03
-2.150000E-03,-253.769E-06
-2.145000E-03,-9.298995E-03
-2.140000E-03,-13.319095E-03
-2.135000E-03,-7.791457E-03
-2.130000E-03,-6.032663E-03
-2.125000E-03,-17.841708E-03
-2.120000E-03,-6.032663E-03
-2.115000E-03,-9.298995E-03
-2.110000E-03,-7.540201E-03
-2.105000E-03,-9.298995E-03
-2.100000E-03,-19.097990E-03
-2.095000E-03,-13.821608E-03
-2.090000E-03,-7.540201E-03
-2.085000E-03,-11.309045E-03
-2.080000E-03,-9.550251E-03
-2.075000E-03,+4.017588E-03
-2.070000E-03,-5.278894E-03
-2.065000E-03,-9.550251E-03
-2.060000E-03,-9.298995E-03
-2.055000E-03,-7.791457E-03
-2.050000E-03,-5.781407E-03
-2.045000E-03,-4.022613E-03
-2.040000E-03,-5.530151E-03
-2.035000E-03,-7.288945E-03
-2.030000E-03,-9.298995E-03
-2.025000E-03,-5.781407E-03
-2.020000E-03,-15.329146E-03
-2.015000E-03,-7.288945E-03
-2.010000E-03,-9.801507E-03
-2.005000E-03,-7.540201E-03
-2.000000E-03,-5.781407E-03
-1.995000E-03,-4.022613E-03
-1.990000E-03,-13.319095E-03
-1.985000E-03,-2.012563E-03
-1.980000E-03,-7.540201E-03
-1.975000E-03,-5.530151E-03
-1.970000E-03,-5.781407E-03
-1.965000E-03,-3.520100E-03
-1.960000E-03,-11.057789E-03
-1.955000E-03,-5.781407E-03
-1.950000E-03,-6.032663E-03
-1.945000E-03,-19.349246E-03
-1.940000E-03,-6.032663E-03
-1.935000E-03,-7.037688E-03
-1.930000E-03,-7.540201E-03
-1.925000E-03,-7.540201E-03
-1.920000E-03,-9.047739E-03
-1.915000E-03,-9.801507E-03
-1.910000E-03,-7.540201E-03
-1.905000E-03,-7.540201E-03
-1.900000E-03,-5.781407E-03
-1.895000E-03,-5.781407E-03
-1.890000E-03,+248.744E-06
-1.885000E-03,-9.047739E-03
-1.880000E-03,-5.530151E-03
-1.875000E-03,-9.298995E-03
-1.870000E-03,-7.288945E-03
-1.865000E-03,-11.811558E-03
-1.860000E-03,-4.022613E-03
-1.855000E-03,-5.530151E-03
-1.850000E-03,-5.278894E-03
-1.845000E-03,-5.781407E-03
-1.840000E-03,-3.017588E-03
-1.835000E-03,-9.550251E-03
-1.830000E-03,-11.057789E-03
-1.825000E-03,-7.288945E-03
-1.820000E-03,-6.032663E-03
-1.815000E-03,+1.756281E-03
-1.810000E-03,-3.520100E-03
-1.805000E-03,-9.298995E-03
-1.800000E-03,-1.510050E-03
-1.795000E-03,-5.781407E-03
-1.790000E-03,-15.580402E-03
-1.785000E-03,-6.032663E-03
-1.780000E-03,-5.530151E-03
-1.775000E-03,-3.771357E-03
-1.770000E-03,-7.288945E-03
-1.765000E-03,-3.017588E-03
-1.760000E-03,-9.298995E-03
-1.755000E-03,-7.288945E-03
-1.750000E-03,-7.791457E-03
-1.745000E-03,-7.540201E-03
-1.740000E-03,-5.781407E-03
-1.735000E-03,+248.744E-06
-1.730000E-03,-7.288945E-03
-1.725000E-03,-5.530151E-03
-1.720000E-03,-7.540201E-03
-1.715000E-03,-5.530151E-03
-1.710000E-03,-7.791457E-03
-1.705000E-03,-2.012563E-03
-1.700000E-03,-2.263819E-03
-1.695000E-03,-5.530151E-03
-1.690000E-03,-7.791457E-03
-1.685000E-03,-8.796482E-03
-1.680000E-03,-7.791457E-03
-1.675000E-03,-5.781407E-03
-1.670000E-03,-7.037688E-03
-1.665000E-03,-9.298995E-03
-1.660000E-03,-1.510050E-03
-1.655000E-03,-7.288945E-03
-1.650000E-03,-7.540201E-03
-1.645000E-03,-7.791457E-03
-1.640000E-03,-1.761306E-03
-1.635000E-03,-11.560301E-03
-1.630000E-03,-5.530151E-03
-1.625000E-03,-7.791457E-03
-1.620000E-03,-7.540201E-03
-1.615000E-03,-7.540201E-03
-1.610000E-03,-9.801507E-03
-1.605000E-03,-9.550251E-03
-1.600000E-03,-4.776382E-03
-1.595000E-03,-8.042713E-03
-1.590000E-03,-7.288945E-03
-1.585000E-03,-756.281E-06
-1.580000E-03,-9.047739E-03
-1.575000E-03,-9.550251E-03
-1.570000E-03,-7.540201E-03
-1.565000E-03,-8.042713E-03
-1.560000E-03,-7.791457E-03
-1.555000E-03,-9.550251E-03
-1.550000E-03,-7.540201E-03
-1.545000E-03,-7.791457E-03
-1.540000E-03,-9.550251E-03
-1.535000E-03,-9.801507E-03
-1.530000E-03,-9.801507E-03
-1.525000E-03,-9.550251E-03
-1.520000E-03,-11.560301E-03
-1.515000E-03,-9.801507E-03
-1.510000E-03,-11.309045E-03
-1.505000E-03,-9.298995E-03
-1.500000E-03,-11.309045E-03
-1.495000E-03,-11.309045E-03
-1.490000E-03,-11.560301E-03
-1.485000E-03,-11.560301E-03
-1.480000E-03,-12.062814E-03
-1.475000E-03,-9.550251E-03
-1.470000E-03,-13.319095E-03
-1.465000E-03,-8.545226E-03
-1.460000E-03,-15.580402E-03
-1.455000E-03,-21.359296E-03
-1.450000E-03,-15.329146E-03
-1.445000E-03,-11.560301E-03
-1.440000E-03,-13.319095E-03
-1.435000E-03,-15.329146E-03
-1.430000E-03,-8.293970E-03
-1.425000E-03,-13.067839E-03
-1.420000E-03,-10.052764E-03
-1.415000E-03,-9.801507E-03
-1.410000E-03,-9.550251E-03
-1.405000E-03,-9.550251E-03
-1.400000E-03,-4.022613E-03
-1.395000E-03,-9.550251E-03
-1.390000E-03,-7.791457E-03
-1.385000E-03,-11.309045E-03
-1.380000E-03,-7.540201E-03
-1.375000E-03,-12.314070E-03
-1.370000E-03,-5.781407E-03
-1.365000E-03,-7.540201E-03
-1.360000E-03,-7.791457E-03
-1.355000E-03,-13.319095E-03
-1.350000E-03,-10.806533E-03
-1.345000E-03,-11.811558E-03
-1.340000E-03,-12.314070E-03
-1.335000E-03,-9.298995E-03
-1.330000E-03,-9.298995E-03
-1.325000E-03,-1.761306E-03
-1.320000E-03,-10.806533E-03
-1.315000E-03,-11.560301E-03
-1.310000E-03,-11.309045E-03
-1.305000E-03,-9.801507E-03
-1.300000E-03,-16.334171E-03
-1.295000E-03,-7.540201E-03
-1.290000E-03,-9.298995E-03
-1.285000E-03,-9.298995E-03
-1.280000E-03,-11.309045E-03
-1.275000E-03,-15.329146E-03
-1.270000E-03,-13.570352E-03
-1.265000E-03,-6.032663E-03
-1.260000E-03,-9.801507E-03
-1.255000E-03,-4.022613E-03
-1.250000E-03,-34.173366E-03
-1.245000E-03,-13.319095E-03
-1.240000E-03,-13.319095E-03
-1.235000E-03,-9.550251E-03
-1.230000E-03,-9.801507E-03
-1.225000E-03,-9.801507E-03
-1.220000E-03,-5.781407E-03
-1.215000E-03,-5.530151E-03
-1.210000E-03,-7.791457E-03
-1.205000E-03,-7.540201E-03
-1.200000E-03,-11.309045E-03
-1.195000E-03,-15.580402E-03
-1.190000E-03,-7.791457E-03
-1.185000E-03,-7.540201E-03
-1.180000E-03,-6.032663E-03
-1.175000E-03,-9.298995E-03
-1.170000E-03,-3.268844E-03
-1.165000E-03,-13.319095E-03
-1.160000E-03,-16.334171E-03
-1.155000E-03,-6.786432E-03
-1.150000E-03,-6.032663E-03
-1.145000E-03,-4.525126E-03
-1.140000E-03,-3.520100E-03
-1.135000E-03,-9.298995E-03
-1.130000E-03,-7.540201E-03
-1.125000E-03,-7.540201E-03
-1.120000E-03,-19.349246E-03
-1.115000E-03,-9.298995E-03
-1.110000E-03,-5.781407E-03
-1.105000E-03,-9.298995E-03
-1.100000E-03,-7.540201E-03
-1.095000E-03,-5.530151E-03
-1.090000E-03,-11.309045E-03
-1.085000E-03,-7.791457E-03
-1.080000E-03,-11.309045E-03
-1.075000E-03,-5.781407E-03
-1.070000E-03,-5.781407E-03
-1.065000E-03,-1.761306E-03
-1.060000E-03,-9.550251E-03
-1.055000E-03,-7.288945E-03
-1.050000E-03,-7.540201E-03
-1.045000E-03,-7.540201E-03
-1.040000E-03,-11.811558E-03
-1.035000E-03,-3.771357E-03
-1.030000E-03,-3.771357E-03
-1.025000E-03,-7.540201E-03
-1.020000E-03,-7.540201E-03
-1.015000E-03,-7.288945E-03
-1.010000E-03,-9.801507E-03
-1.005000E-03,-2.766332E-03
-1.000000E-03,-7.791457E-03
-995.000E-06,-5.781407E-03
-990.000E-06,+2.007538E-03
-985.000E-06,-7.288945E-03
-980.000E-06,-9.298995E-03
-975.000E-06,-9.298995E-03
-970.000E-06,-7.540201E-03
-965.000E-06,-14.324120E-03
-960.000E-06,-3.771357E-03
-955.000E-06,-7.540201E-03
-950.000E-06,-5.530151E-03
-945.000E-06,-7.540201E-03
-940.000E-06,+2.761307E-03
-935.000E-06,-11.560301E-03
-930.000E-06,-5.781407E-03
-925.000E-06,-7.791457E-03
-920.000E-06,-7.288945E-03
-915.000E-06,+18.841708E-03
-910.000E-06,-3.268844E-03
-905.000E-06,-11.309045E-03
-900.000E-06,-9.047739E-03
-895.000E-06,-7.288945E-03
-890.000E-06,-5.781407E-03
-885.000E-06,-5.781407E-03
-880.000E-06,-5.530151E-03
-875.000E-06,-1.761306E-03
-870.000E-06,-7.540201E-03
-865.000E-06,-7.540201E-03
-860.000E-06,-13.319095E-03
-855.000E-06,-5.781407E-03
-850.000E-06,-7.288945E-03
-845.000E-06,-5.530151E-03
-840.000E-06,-7.540201E-03
-835.000E-06,-1.510050E-03
-830.000E-06,-9.801507E-03
-825.000E-06,-16.334171E-03
-820.000E-06,-9.298995E-03
-815.000E-06,-7.540201E-03
-810.000E-06,-16.585427E-03
-805.000E-06,-5.278894E-03
-800.000E-06,-11.057789E-03
-795.000E-06,-7.540201E-03
-790.000E-06,-9.298995E-03
-785.000E-06,-19.349246E-03
-780.000E-06,-9.550251E-03
-775.000E-06,-7.288945E-03
-770.000E-06,-7.791457E-03
-765.000E-06,-7.540201E-03
-760.000E-06,-756.281E-06
-755.000E-06,-11.057789E-03
-750.000E-06,-9.550251E-03
-745.000E-06,-9.550251E-03
-740.000E-06,-7.540201E-03
-735.000E-06,-7.540201E-03
-730.000E-06,-4.022613E-03
-725.000E-06,-9.298995E-03
-720.000E-06,-7.540201E-03
-715.000E-06,-11.057789E-03
-710.000E-06,-9.550251E-03
-705.000E-06,-13.821608E-03
-700.000E-06,-6.032663E-03
-695.000E-06,-5.781407E-03
-690.000E-06,-7.791457E-03
-685.000E-06,-9.550251E-03
-680.000E-06,-7.540201E-03
-675.000E-06,-15.329146E-03
-670.000E-06,-24.625628E-03
-665.000E-06,-11.811558E-03
-660.000E-06,-11.309045E-03
-655.000E-06,-10.304020E-03
-650.000E-06,-7.540201E-03
-645.000E-06,-11.811558E-03
-640.000E-06,-11.309045E-03
-635.000E-06,-11.811558E-03
-630.000E-06,-21.610553E-03
-625.000E-06,-9.801507E-03
-620.000E-06,-13.067839E-03
-615.000E-06,-11.560301E-03
-610.000E-06,-11.811558E-03
-605.000E-06,-3.520100E-03
-600.000E-06,-18.846733E-03
-595.000E-06,-15.580402E-03
-590.000E-06,-15.077889E-03
-585.000E-06,-15.329146E-03
-580.000E-06,-11.811558E-03
-575.000E-06,-10.806533E-03
-570.000E-06,-17.339196E-03
-565.000E-06,-15.329146E-03
-560.000E-06,-14.072864E-03
-555.000E-06,-11.811558E-03
-550.000E-06,-13.821608E-03
-545.000E-06,-9.298995E-03
-540.000E-06,-9.550251E-03
-535.000E-06,-7.540201E-03
-530.000E-06,-9.298995E-03
-525.000E-06,-11.560301E-03
-520.000E-06,-11.560301E-03
-515.000E-06,-9.047739E-03
-510.000E-06,-7.791457E-03
-505.000E-06,-9.550251E-03
-500.000E-06,-5.530151E-03
-495.000E-06,-9.801507E-03
-490.000E-06,-9.550251E-03
-485.000E-06,-11.309045E-03
-480.000E-06,-9.550251E-03
-475.000E-06,-14.072864E-03
-470.000E-06,-9.298995E-03
-465.000E-06,-7.791457E-03
-460.000E-06,-7.791457E-03
-455.000E-06,-9.550251E-03
-450.000E-06,-12.565326E-03
-445.000E-06,-13.570352E-03
-440.000E-06,-7.791457E-03
-435.000E-06,-11.057789E-03
-430.000E-06,-11.560301E-03
-425.000E-06,-13.067839E-03
-420.000E-06,-7.288945E-03
-415.000E-06,-11.309045E-03
-410.000E-06,-11.309045E-03
-405.000E-06,-9.801507E-03
-400.000E-06,-9.298995E-03
-395.000E-06,-6.032663E-03
-390.000E-06,-7.288945E-03
-385.000E-06,-7.288945E-03
-380.000E-06,-9.298995E-03
-375.000E-06,-9.550251E-03
-370.000E-06,-19.097990E-03
-365.000E-06,-7.791457E-03
-360.000E-06,-6.535176E-03
-355.000E-06,-9.298995E-03
-350.000E-06,-9.550251E-03
-345.000E-06,-3.017588E-03
-340.000E-06,-11.309045E-03
-335.000E-06,-6.032663E-03
-330.000E-06,-9.801507E-03
-325.000E-06,-9.298995E-03
-320.000E-06,-9.550251E-03
-315.000E-06,-7.037688E-03
-310.000E-06,-11.309045E-03
-305.000E-06,-7.540201E-03
-300.000E-06,-9.550251E-03
-295.000E-06,-19.349246E-03
-290.000E-06,-9.047739E-03
-285.000E-06,-5.781407E-03
-280.000E-06,-7.540201E-03
-275.000E-06,-9.298995E-03
-270.000E-06,-3.520100E-03
-265.000E-06,-13.570352E-03
-260.000E-06,-7.791457E-03
-255.000E-06,-11.560301E-03
-250.000E-06,-5.781407E-03
-245.000E-06,-30.153266E-03
-240.000E-06,-1.761306E-03
-235.000E-06,-11.057789E-03
-230.000E-06,-7.540201E-03
-225.000E-06,-8.042713E-03
-220.000E-06,-5.530151E-03
-215.000E-06,-10.052764E-03
-210.000E-06,-6.786432E-03
-205.000E-06,-4.022613E-03
-200.000E-06,-5.781407E-03
-195.000E-06,-9.298995E-03
-190.000E-06,-13.067839E-03
-185.000E-06,-9.550251E-03
-180.000E-06,-6.535176E-03
-175.000E-06,-7.540201E-03
-170.000E-06,-5.530151E-03
-165.000E-06,+2.258794E-03
-160.000E-06,-7.288945E-03
-155.000E-06,-7.540201E-03
-150.000E-06,-7.540201E-03
-145.000E-06,-7.540201E-03
-140.000E-06,-16.082914E-03
-135.000E-06,-5.530151E-03
-130.000E-06,-7.288945E-03
-125.000E-06,-5.530151E-03
-120.000E-06,-9.047739E-03
-115.000E-06,-13.067839E-03
-110.000E-06,-14.072864E-03
-105.000E-06,-5.530151E-03
-100.000E-06,-5.781407E-03
-95.000E-06,-5.781407E-03
-90.000E-06,+14.319095E-03
-85.000E-06,-3.520100E-03
-80.000E-06,-9.298995E-03
-75.000E-06,-5.530151E-03
-70.000E-06,-7.540201E-03
-65.000E-06,-3.771357E-03
-60.000E-06,-5.781407E-03
-55.000E-06,-3.520100E-03
-50.000E-06,-3.771357E-03
-45.000E-06,-7.540201E-03
-40.000E-06,-7.540201E-03
-35.000E-06,-13.319095E-03
-30.000E-06,-5.781407E-03
-25.000E-06,-9.298995E-03
-20.000E-06,-5.530151E-03
-15.000E-06,-5.781407E-03
-10.000E-06,-2.766332E-03
-5.000E-06,-9.298995E-03
-0.0E+00,-2.263819E-03
+5.000E-06,-7.540201E-03
+10.000E-06,-5.530151E-03
+15.000E-06,-2.766332E-03
+20.000E-06,-1.761306E-03
+25.000E-06,-9.298995E-03
+30.000E-06,-5.530151E-03
+35.000E-06,-7.288945E-03
+40.000E-06,-15.329146E-03
+45.000E-06,-6.535176E-03
+50.000E-06,-3.520100E-03
+55.000E-06,-6.032663E-03
+60.000E-06,-7.288945E-03
+65.000E-06,-3.017588E-03
+70.000E-06,-11.057789E-03
+75.000E-06,-7.540201E-03
+80.000E-06,-9.047739E-03
+85.000E-06,-5.781407E-03
+90.000E-06,-9.047739E-03
+95.000E-06,-1.510050E-03
+100.000E-06,-9.047739E-03
+105.000E-06,-7.037688E-03
+110.000E-06,-4.022613E-03
+115.000E-06,-9.298995E-03
+120.000E-06,-10.052764E-03
+125.000E-06,-5.530151E-03
+130.000E-06,-4.022613E-03
+135.000E-06,-5.530151E-03
+140.000E-06,-7.540201E-03
+145.000E-06,-11.057789E-03
+150.000E-06,-13.319095E-03
+155.000E-06,-9.801507E-03
+160.000E-06,-9.550251E-03
+165.000E-06,-9.298995E-03
+170.000E-06,-2.012563E-03
+175.000E-06,-7.288945E-03
+180.000E-06,-13.319095E-03
+185.000E-06,-9.298995E-03
+190.000E-06,-9.801507E-03
+195.000E-06,-18.092965E-03
+200.000E-06,-5.781407E-03
+205.000E-06,-7.540201E-03
+210.000E-06,-7.791457E-03
+215.000E-06,-9.801507E-03
+220.000E-06,-12.062814E-03
+225.000E-06,-15.580402E-03
+230.000E-06,-9.801507E-03
+235.000E-06,-13.570352E-03
+240.000E-06,-11.560301E-03
+245.000E-06,+13.565327E-03
+250.000E-06,-7.540201E-03
+255.000E-06,-13.319095E-03
+260.000E-06,-13.319095E-03
+265.000E-06,-11.811558E-03
+270.000E-06,-11.560301E-03
+275.000E-06,-9.550251E-03
+280.000E-06,-11.057789E-03
+285.000E-06,-9.550251E-03
+290.000E-06,-13.570352E-03
+295.000E-06,-11.560301E-03
+300.000E-06,-21.610553E-03
+305.000E-06,-10.052764E-03
+310.000E-06,-16.082914E-03
+315.000E-06,-9.801507E-03
+320.000E-06,-11.811558E-03
+325.000E-06,-7.288945E-03
+330.000E-06,-15.580402E-03
+335.000E-06,-20.856784E-03
+340.000E-06,-4.022613E-03
+345.000E-06,-7.791457E-03
+350.000E-06,-12.062814E-03
+355.000E-06,-3.771357E-03
+360.000E-06,-11.057789E-03
+365.000E-06,-9.550251E-03
+370.000E-06,-9.801507E-03
+375.000E-06,-20.856784E-03
+380.000E-06,-13.570352E-03
+385.000E-06,-7.540201E-03
+390.000E-06,-9.801507E-03
+395.000E-06,-7.540201E-03
+400.000E-06,-9.047739E-03
+405.000E-06,-10.806533E-03
+410.000E-06,-9.801507E-03
+415.000E-06,-11.560301E-03
+420.000E-06,-9.801507E-03
+425.000E-06,-7.791457E-03
+430.000E-06,-5.781407E-03
+435.000E-06,-5.781407E-03
+440.000E-06,-7.540201E-03
+445.000E-06,-9.801507E-03
+450.000E-06,-11.309045E-03
+455.000E-06,-11.560301E-03
+460.000E-06,-7.540201E-03
+465.000E-06,-11.560301E-03
+470.000E-06,-9.298995E-03
+475.000E-06,-9.550251E-03
+480.000E-06,-7.540201E-03
+485.000E-06,-8.042713E-03
+490.000E-06,-22.364321E-03
+495.000E-06,-9.801507E-03
+500.000E-06,-7.540201E-03
+505.000E-06,-9.298995E-03
+510.000E-06,-7.540201E-03
+515.000E-06,-9.550251E-03
+520.000E-06,-9.550251E-03
+525.000E-06,-11.309045E-03
+530.000E-06,-13.570352E-03
+535.000E-06,-9.550251E-03
+540.000E-06,-7.540201E-03
+545.000E-06,-7.540201E-03
+550.000E-06,-5.781407E-03
+555.000E-06,-5.278894E-03
+560.000E-06,-11.309045E-03
+565.000E-06,-9.550251E-03
+570.000E-06,-9.801507E-03
+575.000E-06,-9.298995E-03
+580.000E-06,+1.002513E-03
+585.000E-06,-5.278894E-03
+590.000E-06,-9.550251E-03
+595.000E-06,-7.540201E-03
+600.000E-06,-7.791457E-03
+605.000E-06,-9.550251E-03
+610.000E-06,-9.801507E-03
+615.000E-06,-5.530151E-03
+620.000E-06,-5.781407E-03
+625.000E-06,-4.022613E-03
+630.000E-06,-9.298995E-03
+635.000E-06,-11.309045E-03
+640.000E-06,-9.801507E-03
+645.000E-06,-7.037688E-03
+650.000E-06,-6.032663E-03
+655.000E-06,-7.540201E-03
+660.000E-06,+248.744E-06
+665.000E-06,-7.288945E-03
+670.000E-06,-9.550251E-03
+675.000E-06,-9.550251E-03
+680.000E-06,-7.791457E-03
+685.000E-06,-15.580402E-03
+690.000E-06,-4.022613E-03
+695.000E-06,-5.530151E-03
+700.000E-06,-5.781407E-03
+705.000E-06,-7.540201E-03
+710.000E-06,-12.565326E-03
+715.000E-06,-11.560301E-03
+720.000E-06,-7.288945E-03
+725.000E-06,-7.540201E-03
+730.000E-06,-7.288945E-03
+735.000E-06,+19.092965E-03
+740.000E-06,-5.278894E-03
+745.000E-06,-9.550251E-03
+750.000E-06,-9.298995E-03
+755.000E-06,-7.791457E-03
+760.000E-06,-7.288945E-03
+765.000E-06,-3.771357E-03
+770.000E-06,-3.520100E-03
+775.000E-06,-3.520100E-03
+780.000E-06,-7.288945E-03
+785.000E-06,-7.540201E-03
+790.000E-06,-13.319095E-03
+795.000E-06,-5.781407E-03
+800.000E-06,-5.781407E-03
+805.000E-06,-3.771357E-03
+810.000E-06,-7.791457E-03
+815.000E-06,-2.766332E-03
+820.000E-06,-9.298995E-03
+825.000E-06,-14.826633E-03
+830.000E-06,-7.540201E-03
+835.000E-06,-7.540201E-03
+840.000E-06,-3.771357E-03
+845.000E-06,-5.278894E-03
+850.000E-06,-9.550251E-03
+855.000E-06,-7.540201E-03
+860.000E-06,-9.801507E-03
+865.000E-06,-17.841708E-03
+870.000E-06,-7.791457E-03
+875.000E-06,-5.530151E-03
+880.000E-06,-5.530151E-03
+885.000E-06,-9.047739E-03
+890.000E-06,-505.025E-06
+895.000E-06,-11.560301E-03
+900.000E-06,-7.540201E-03
+905.000E-06,-5.781407E-03
+910.000E-06,-5.530151E-03
+915.000E-06,+11.555276E-03
+920.000E-06,-2.766332E-03
+925.000E-06,-9.550251E-03
+930.000E-06,-9.550251E-03
+935.000E-06,-7.540201E-03
+940.000E-06,-7.288945E-03
+945.000E-06,-9.298995E-03
+950.000E-06,-3.520100E-03
+955.000E-06,-7.540201E-03
+960.000E-06,-9.298995E-03
+965.000E-06,-9.550251E-03
+970.000E-06,-12.816583E-03
+975.000E-06,-13.319095E-03
+980.000E-06,-15.831658E-03
+985.000E-06,-7.791457E-03
+990.000E-06,-9.298995E-03
+995.000E-06,-1.510050E-03
+1.000000E-03,-7.288945E-03
+1.005000E-03,-9.801507E-03
+1.010000E-03,-11.057789E-03
+1.015000E-03,-11.309045E-03
+1.020000E-03,-18.092965E-03
+1.025000E-03,-7.540201E-03
+1.030000E-03,-9.298995E-03
+1.035000E-03,-9.298995E-03
+1.040000E-03,-9.550251E-03
+1.045000E-03,-19.097990E-03
+1.050000E-03,-15.077889E-03
+1.055000E-03,-9.801507E-03
+1.060000E-03,-9.801507E-03
+1.065000E-03,-9.550251E-03
+1.070000E-03,-44.474874E-03
+1.075000E-03,-10.806533E-03
+1.080000E-03,-11.057789E-03
+1.085000E-03,-13.067839E-03
+1.090000E-03,-9.801507E-03
+1.095000E-03,-11.811558E-03
+1.100000E-03,-8.293970E-03
+1.105000E-03,-9.047739E-03
+1.110000E-03,-7.791457E-03
+1.115000E-03,-13.570352E-03
+1.120000E-03,-11.560301E-03
+1.125000E-03,-21.108040E-03
+1.130000E-03,-11.811558E-03
+1.135000E-03,-15.077889E-03
+1.140000E-03,-13.319095E-03
+1.145000E-03,-11.309045E-03
+1.150000E-03,-3.520100E-03
+1.155000E-03,-11.057789E-03
+1.160000E-03,-11.560301E-03
+1.165000E-03,-9.801507E-03
+1.170000E-03,-9.550251E-03
+1.175000E-03,-7.791457E-03
+1.180000E-03,-9.550251E-03
+1.185000E-03,-9.298995E-03
+1.190000E-03,-9.550251E-03
+1.195000E-03,-11.560301E-03
+1.200000E-03,-21.108040E-03
+1.205000E-03,-15.580402E-03
+1.210000E-03,-9.801507E-03
+1.215000E-03,-9.801507E-03
+1.220000E-03,-9.550251E-03
+1.225000E-03,-3.268844E-03
+1.230000E-03,-15.077889E-03
+1.235000E-03,-13.319095E-03
+1.240000E-03,-13.319095E-03
+1.245000E-03,-9.801507E-03
+1.250000E-03,-7.791457E-03
+1.255000E-03,-3.771357E-03
+1.260000E-03,-9.298995E-03
+1.265000E-03,-9.298995E-03
+1.270000E-03,-12.565326E-03
+1.275000E-03,-9.801507E-03
+1.280000E-03,-15.580402E-03
+1.285000E-03,-7.288945E-03
+1.290000E-03,-8.042713E-03
+1.295000E-03,-9.550251E-03
+1.300000E-03,-11.309045E-03
+1.305000E-03,-8.796482E-03
+1.310000E-03,-13.570352E-03
+1.315000E-03,-16.585427E-03
+1.320000E-03,-9.801507E-03
+1.325000E-03,-7.791457E-03
+1.330000E-03,-5.530151E-03
+1.335000E-03,-7.540201E-03
+1.340000E-03,-11.309045E-03
+1.345000E-03,-9.801507E-03
+1.350000E-03,-9.801507E-03
+1.355000E-03,-19.851759E-03
+1.360000E-03,-9.801507E-03
+1.365000E-03,-5.530151E-03
+1.370000E-03,-9.298995E-03
+1.375000E-03,-9.801507E-03
+1.380000E-03,-8.545226E-03
+1.385000E-03,-11.560301E-03
+1.390000E-03,-9.801507E-03
+1.395000E-03,-11.560301E-03
+1.400000E-03,-7.791457E-03
+1.405000E-03,-2.515075E-03
+1.410000E-03,-7.037688E-03
+1.415000E-03,-9.298995E-03
+1.420000E-03,-7.791457E-03
+1.425000E-03,-9.550251E-03
+1.430000E-03,-7.791457E-03
+1.435000E-03,-9.801507E-03
+1.440000E-03,-5.530151E-03
+1.445000E-03,-5.530151E-03
+1.450000E-03,-7.540201E-03
+1.455000E-03,-9.550251E-03
+1.460000E-03,-11.560301E-03
+1.465000E-03,-13.570352E-03
+1.470000E-03,-10.304020E-03
+1.475000E-03,-5.781407E-03
+1.480000E-03,-5.530151E-03
+1.485000E-03,-1.258794E-03
+1.490000E-03,-7.540201E-03
+1.495000E-03,-11.309045E-03
+1.500000E-03,-7.540201E-03
+1.505000E-03,-9.550251E-03
+1.510000E-03,-12.062814E-03
+1.515000E-03,-3.520100E-03
+1.520000E-03,-7.540201E-03
+1.525000E-03,-5.530151E-03
+1.530000E-03,-4.022613E-03
+1.535000E-03,-9.298995E-03
+1.540000E-03,-7.540201E-03
+1.545000E-03,-7.540201E-03
+1.550000E-03,-3.771357E-03
+1.555000E-03,-7.288945E-03
+1.560000E-03,-9.047739E-03
+1.565000E-03,-7.288945E-03
+1.570000E-03,-7.288945E-03
+1.575000E-03,-7.540201E-03
+1.580000E-03,-5.530151E-03
+1.585000E-03,-7.288945E-03
+1.590000E-03,-7.288945E-03
+1.595000E-03,-7.288945E-03
+1.600000E-03,-5.530151E-03
+1.605000E-03,-5.781407E-03
+1.610000E-03,-5.781407E-03
+1.615000E-03,-5.781407E-03
+1.620000E-03,-7.288945E-03
+1.625000E-03,-5.530151E-03
+1.630000E-03,-7.288945E-03
+1.635000E-03,-5.530151E-03
+1.640000E-03,-5.278894E-03
+1.645000E-03,-9.550251E-03
+1.650000E-03,-2.263819E-03
+1.655000E-03,-5.781407E-03
+1.660000E-03,-7.288945E-03
+1.665000E-03,-4.022613E-03
+1.670000E-03,-5.530151E-03
+1.675000E-03,-7.288945E-03
+1.680000E-03,-5.278894E-03
+1.685000E-03,-10.555276E-03
+1.690000E-03,-13.319095E-03
+1.695000E-03,-5.530151E-03
+1.700000E-03,-3.520100E-03
+1.705000E-03,-5.530151E-03
+1.710000E-03,-5.530151E-03
+1.715000E-03,-505.025E-06
+1.720000E-03,-9.298995E-03
+1.725000E-03,-7.540201E-03
+1.730000E-03,-7.540201E-03
+1.735000E-03,-5.278894E-03
+1.740000E-03,-5.530151E-03
+1.745000E-03,+248.744E-06
+1.750000E-03,-7.288945E-03
+1.755000E-03,-5.027638E-03
+1.760000E-03,-7.540201E-03
+1.765000E-03,-7.540201E-03
+1.770000E-03,-9.801507E-03
+1.775000E-03,-1.761306E-03
+1.780000E-03,-5.530151E-03
+1.785000E-03,-5.530151E-03
+1.790000E-03,-7.288945E-03
+1.795000E-03,-6.786432E-03
+1.800000E-03,-7.791457E-03
+1.805000E-03,-14.072864E-03
+1.810000E-03,-7.288945E-03
+1.815000E-03,-5.530151E-03
+1.820000E-03,-2.513E-06
+1.825000E-03,-7.037688E-03
+1.830000E-03,-7.540201E-03
+1.835000E-03,-7.540201E-03
+1.840000E-03,-7.540201E-03
+1.845000E-03,-15.831658E-03
+1.850000E-03,-3.771357E-03
+1.855000E-03,-5.530151E-03
+1.860000E-03,-5.530151E-03
+1.865000E-03,-7.540201E-03
+1.870000E-03,-9.298995E-03
+1.875000E-03,-11.309045E-03
+1.880000E-03,-7.791457E-03
+1.885000E-03,-9.550251E-03
+1.890000E-03,-9.550251E-03
+1.895000E-03,+8.540201E-03
+1.900000E-03,-5.278894E-03
+1.905000E-03,-11.811558E-03
+1.910000E-03,-9.298995E-03
+1.915000E-03,-9.801507E-03
+1.920000E-03,-7.791457E-03
+1.925000E-03,-6.283920E-03
+1.930000E-03,-7.037688E-03
+1.935000E-03,-7.037688E-03
+1.940000E-03,-9.298995E-03
+1.945000E-03,-11.309045E-03
+1.950000E-03,-15.580402E-03
+1.955000E-03,-9.801507E-03
+1.960000E-03,-11.560301E-03
+1.965000E-03,-9.298995E-03
+1.970000E-03,-11.309045E-03
+1.975000E-03,-8.796482E-03
+1.980000E-03,-13.570352E-03
+1.985000E-03,-18.595477E-03
+1.990000E-03,-13.570352E-03
+1.995000E-03,-11.309045E-03
+2.000000E-03,-7.540201E-03
+2.005000E-03,-8.293970E-03
+2.010000E-03,-13.570352E-03
+2.015000E-03,-13.319095E-03
+2.020000E-03,-11.309045E-03
+2.025000E-03,-21.610553E-03
+2.030000E-03,-11.560301E-03
+2.035000E-03,-9.550251E-03
+2.040000E-03,-9.550251E-03
+2.045000E-03,-11.811558E-03
+2.050000E-03,-12.816583E-03
+2.055000E-03,-19.097990E-03
+2.060000E-03,-15.077889E-03
+2.065000E-03,-12.062814E-03
+2.070000E-03,-11.811558E-03
+2.075000E-03,-3.017588E-03
+2.080000E-03,-11.057789E-03
+2.085000E-03,-13.570352E-03
+2.090000E-03,-15.329146E-03
+2.095000E-03,+2.007538E-03
+2.100000E-03,-11.560301E-03
+2.105000E-03,-12.062814E-03
+2.110000E-03,-5.781407E-03
+2.115000E-03,-5.530151E-03
+2.120000E-03,-7.540201E-03
+2.125000E-03,-11.309045E-03
+2.130000E-03,-10.806533E-03
+2.135000E-03,-12.062814E-03
+2.140000E-03,-15.077889E-03
+2.145000E-03,-9.047739E-03
+2.150000E-03,-9.298995E-03
+2.155000E-03,-505.025E-06
+2.160000E-03,-9.298995E-03
+2.165000E-03,-9.801507E-03
+2.170000E-03,-11.560301E-03
+2.175000E-03,-9.801507E-03
+2.180000E-03,-17.841708E-03
+2.185000E-03,-9.298995E-03
+2.190000E-03,-3.520100E-03
+2.195000E-03,-13.319095E-03
+2.200000E-03,-3.520100E-03
+2.205000E-03,-16.585427E-03
+2.210000E-03,-11.811558E-03
+2.215000E-03,-7.540201E-03
+2.220000E-03,-11.560301E-03
+2.225000E-03,-5.781407E-03
+2.230000E-03,+30.399497E-03
+2.235000E-03,-3.017588E-03
+2.240000E-03,-9.801507E-03
+2.245000E-03,-9.298995E-03
+2.250000E-03,-9.801507E-03
+2.255000E-03,-7.540201E-03
+2.260000E-03,-6.283920E-03
+2.265000E-03,-5.278894E-03
+2.270000E-03,-5.278894E-03
+2.275000E-03,-7.288945E-03
+2.280000E-03,-7.540201E-03
+2.285000E-03,-13.319095E-03
+2.290000E-03,-7.540201E-03
+2.295000E-03,-19.097990E-03
+2.300000E-03,-2.766332E-03
+2.305000E-03,-13.319095E-03
+2.310000E-03,+500.000E-06
+2.315000E-03,-7.288945E-03
+2.320000E-03,+13.314070E-03
+2.325000E-03,-7.791457E-03
+2.330000E-03,-7.540201E-03
+2.335000E-03,-6.535176E-03
+2.340000E-03,-3.520100E-03
+2.345000E-03,-7.288945E-03
+2.350000E-03,-5.278894E-03
+2.355000E-03,-7.540201E-03
+2.360000E-03,-15.077889E-03
+2.365000E-03,-9.801507E-03
+2.370000E-03,-7.540201E-03
+2.375000E-03,-7.540201E-03
+2.380000E-03,-5.530151E-03
+2.385000E-03,-4.525126E-03
+2.390000E-03,-5.278894E-03
+2.395000E-03,-9.550251E-03
+2.400000E-03,-7.540201E-03
+2.405000E-03,-7.288945E-03
+2.410000E-03,-5.530151E-03
+2.415000E-03,-5.781407E-03
+2.420000E-03,-5.530151E-03
+2.425000E-03,-7.288945E-03
+2.430000E-03,-5.781407E-03
+2.435000E-03,-5.530151E-03
+2.440000E-03,-11.057789E-03
+2.445000E-03,-4.022613E-03
+2.450000E-03,-7.288945E-03
+2.455000E-03,-5.278894E-03
+2.460000E-03,-7.791457E-03
+2.465000E-03,-3.771357E-03
+2.470000E-03,-7.540201E-03
+2.475000E-03,-7.540201E-03
+2.480000E-03,-5.530151E-03
+2.485000E-03,-5.530151E-03
+2.490000E-03,-5.781407E-03
+2.495000E-03,-5.530151E-03
+2.500000E-03,-7.791457E-03
+2.505000E-03,-7.791457E-03
+2.510000E-03,-7.540201E-03
+2.515000E-03,-7.540201E-03
+2.520000E-03,-5.781407E-03
+2.525000E-03,-7.288945E-03
+2.530000E-03,-3.771357E-03
+2.535000E-03,-5.530151E-03
+2.540000E-03,-4.776382E-03
+2.545000E-03,-9.298995E-03
+2.550000E-03,-7.791457E-03
+2.555000E-03,-5.781407E-03
+2.560000E-03,-6.535176E-03
+2.565000E-03,-7.288945E-03
+2.570000E-03,-1.258794E-03
+2.575000E-03,-5.530151E-03
+2.580000E-03,-7.288945E-03
+2.585000E-03,-9.298995E-03
+2.590000E-03,-7.288945E-03
+2.595000E-03,-11.811558E-03
+2.600000E-03,-3.520100E-03
+2.605000E-03,-5.278894E-03
+2.610000E-03,-5.781407E-03
+2.615000E-03,-7.288945E-03
+2.620000E-03,-10.555276E-03
+2.625000E-03,-8.042713E-03
+2.630000E-03,-12.062814E-03
+2.635000E-03,-7.540201E-03
+2.640000E-03,-9.550251E-03
+2.645000E-03,+500.000E-06
+2.650000E-03,-7.288945E-03
+2.655000E-03,-9.550251E-03
+2.660000E-03,-9.550251E-03
+2.665000E-03,-5.781407E-03
+2.670000E-03,-12.314070E-03
+2.675000E-03,-4.022613E-03
+2.680000E-03,-7.288945E-03
+2.685000E-03,-7.540201E-03
+2.690000E-03,-9.550251E-03
+2.695000E-03,-7.540201E-03
+2.700000E-03,-9.298995E-03
+2.705000E-03,-7.288945E-03
+2.710000E-03,-9.298995E-03
+2.715000E-03,-7.288945E-03
+2.720000E-03,-25.881909E-03
+2.725000E-03,-5.278894E-03
+2.730000E-03,-7.791457E-03
+2.735000E-03,-11.057789E-03
+2.740000E-03,-7.791457E-03
+2.745000E-03,-5.781407E-03
+2.750000E-03,-6.032663E-03
+2.755000E-03,-5.530151E-03
+2.760000E-03,-5.530151E-03
+2.765000E-03,-7.540201E-03
+2.770000E-03,-11.057789E-03
+2.775000E-03,-14.072864E-03
+2.780000E-03,-6.032663E-03
+2.785000E-03,-7.791457E-03
+2.790000E-03,-7.540201E-03
+2.795000E-03,-11.309045E-03
+2.800000E-03,-3.268844E-03
+2.805000E-03,-13.319095E-03
+2.810000E-03,-18.344221E-03
+2.815000E-03,-9.801507E-03
+2.820000E-03,-9.550251E-03
+2.825000E-03,-6.535176E-03
+2.830000E-03,-7.540201E-03
+2.835000E-03,-13.319095E-03
+2.840000E-03,-9.550251E-03
+2.845000E-03,-13.319095E-03
+2.850000E-03,-21.359296E-03
+2.855000E-03,-11.560301E-03
+2.860000E-03,-11.057789E-03
+2.865000E-03,-9.550251E-03
+2.870000E-03,-11.560301E-03
+2.875000E-03,-8.545226E-03
+2.880000E-03,-17.339196E-03
+2.885000E-03,-13.821608E-03
+2.890000E-03,-13.821608E-03
+2.895000E-03,-13.570352E-03
+2.900000E-03,-10.052764E-03
+2.905000E-03,-9.550251E-03
+2.910000E-03,-15.329146E-03
+2.915000E-03,-13.067839E-03
+2.920000E-03,-15.580402E-03
+2.925000E-03,-13.570352E-03
+2.930000E-03,-18.092965E-03
+2.935000E-03,-7.288945E-03
+2.940000E-03,-9.801507E-03
+2.945000E-03,-9.550251E-03
+2.950000E-03,-8.042713E-03
+2.955000E-03,-14.575377E-03
+2.960000E-03,-13.570352E-03
+2.965000E-03,+2.258794E-03
+2.970000E-03,-8.042713E-03
+2.975000E-03,-9.550251E-03
+2.980000E-03,-1.761306E-03
+2.985000E-03,-7.540201E-03
+2.990000E-03,-11.309045E-03
+2.995000E-03,-9.298995E-03
+3.000000E-03,-10.052764E-03
+3.005000E-03,-14.826633E-03
+3.010000E-03,-6.032663E-03
+3.015000E-03,+5.776382E-03
+3.020000E-03,-7.540201E-03
+3.025000E-03,-9.801507E-03
+3.030000E-03,-13.319095E-03
+3.035000E-03,-14.072864E-03
+3.040000E-03,-9.298995E-03
+3.045000E-03,-11.309045E-03
+3.050000E-03,-7.540201E-03
+3.055000E-03,-8.042713E-03
+3.060000E-03,-7.288945E-03
+3.065000E-03,-11.309045E-03
+3.070000E-03,-11.560301E-03
+3.075000E-03,-9.801507E-03
+3.080000E-03,-9.298995E-03
+3.085000E-03,-6.032663E-03
+3.090000E-03,-5.278894E-03
+3.095000E-03,-7.288945E-03
+3.100000E-03,-11.309045E-03
+3.105000E-03,-9.550251E-03
+3.110000E-03,-17.339196E-03
+3.115000E-03,-8.042713E-03
+3.120000E-03,-8.042713E-03
+3.125000E-03,-7.540201E-03
+3.130000E-03,+10.298995E-03
+3.135000E-03,-10.304020E-03
+3.140000E-03,-11.560301E-03
+3.145000E-03,-28.896985E-03
+3.150000E-03,-9.801507E-03
+3.155000E-03,-9.550251E-03
+3.160000E-03,-3.771357E-03
+3.165000E-03,-5.530151E-03
+3.170000E-03,-7.791457E-03
+3.175000E-03,-9.047739E-03
+3.180000E-03,-13.319095E-03
+3.185000E-03,-18.344221E-03
+3.190000E-03,-7.791457E-03
+3.195000E-03,-5.530151E-03
+3.200000E-03,-7.791457E-03
+3.205000E-03,-9.298995E-03
+3.210000E-03,-6.535176E-03
+3.215000E-03,-31.409547E-03
+3.220000E-03,-9.550251E-03
+3.225000E-03,-9.550251E-03
+3.230000E-03,-7.540201E-03
+3.235000E-03,-1.510050E-03
+3.240000E-03,+248.744E-06
+3.245000E-03,-9.298995E-03
+3.250000E-03,-7.288945E-03
+3.255000E-03,-7.540201E-03
+3.260000E-03,-9.298995E-03
+3.265000E-03,-11.560301E-03
+3.270000E-03,-5.530151E-03
+3.275000E-03,-4.273869E-03
+3.280000E-03,-5.781407E-03
+3.285000E-03,-5.781407E-03
+3.290000E-03,-9.047739E-03
+3.295000E-03,-11.309045E-03
+3.300000E-03,-4.273869E-03
+3.305000E-03,-9.550251E-03
+3.310000E-03,-7.288945E-03
+3.315000E-03,+248.744E-06
+3.320000E-03,-7.037688E-03
+3.325000E-03,-7.540201E-03
+3.330000E-03,-7.288945E-03
+3.335000E-03,-5.781407E-03
+3.340000E-03,-15.831658E-03
+3.345000E-03,-3.771357E-03
+3.350000E-03,-5.278894E-03
+3.355000E-03,-5.781407E-03
+3.360000E-03,-7.288945E-03
+3.365000E-03,-10.806533E-03
+3.370000E-03,-11.309045E-03
+3.375000E-03,-5.781407E-03
+3.380000E-03,-7.540201E-03
+3.385000E-03,-5.278894E-03
+3.390000E-03,+33.163316E-03
+3.395000E-03,-3.017588E-03
+3.400000E-03,-9.298995E-03
+3.405000E-03,-8.796482E-03
+3.410000E-03,-7.791457E-03
+3.415000E-03,-5.781407E-03
+3.420000E-03,-4.273869E-03
+3.425000E-03,-3.268844E-03
+3.430000E-03,-3.771357E-03
+3.435000E-03,-5.530151E-03
+3.440000E-03,-6.032663E-03
+3.445000E-03,-13.067839E-03
+3.450000E-03,-7.540201E-03
+3.455000E-03,-4.022613E-03
+3.460000E-03,-5.530151E-03
+3.465000E-03,-5.530151E-03
+3.470000E-03,-1.761306E-03
+3.475000E-03,-5.530151E-03
+3.480000E-03,-5.781407E-03
+3.485000E-03,-7.288945E-03
+3.490000E-03,-5.530151E-03
+3.495000E-03,-7.791457E-03
+3.500000E-03,-5.278894E-03
+3.505000E-03,-7.540201E-03
+3.510000E-03,-5.530151E-03
+3.515000E-03,-7.037688E-03
+3.520000E-03,-10.806533E-03
+3.525000E-03,-7.540201E-03
+3.530000E-03,-7.288945E-03
+3.535000E-03,-5.530151E-03
+3.540000E-03,-7.288945E-03
+3.545000E-03,+248.744E-06
+3.550000E-03,-5.530151E-03
+3.555000E-03,-7.540201E-03
+3.560000E-03,-5.781407E-03
+3.565000E-03,-7.540201E-03
+3.570000E-03,-5.781407E-03
+3.575000E-03,-7.540201E-03
+3.580000E-03,-7.288945E-03
+3.585000E-03,-7.791457E-03
+3.590000E-03,-7.288945E-03
+3.595000E-03,-7.540201E-03
+3.600000E-03,-7.288945E-03
+3.605000E-03,-7.791457E-03
+3.610000E-03,-5.781407E-03
+3.615000E-03,-7.288945E-03
+3.620000E-03,-7.540201E-03
+3.625000E-03,-5.530151E-03
+3.630000E-03,-9.801507E-03
+3.635000E-03,-14.575377E-03
+3.640000E-03,-7.791457E-03
+3.645000E-03,-9.298995E-03
+3.650000E-03,-5.781407E-03
+3.655000E-03,-7.288945E-03
+3.660000E-03,-9.298995E-03
+3.665000E-03,-9.550251E-03
+3.670000E-03,-7.791457E-03
+3.675000E-03,-19.349246E-03
+3.680000E-03,-7.791457E-03
+3.685000E-03,-7.540201E-03
+3.690000E-03,-5.530151E-03
+3.695000E-03,-7.791457E-03
+3.700000E-03,-7.037688E-03
+3.705000E-03,-15.077889E-03
+3.710000E-03,-9.801507E-03
+3.715000E-03,-11.560301E-03
+3.720000E-03,-9.550251E-03
+3.725000E-03,-16.585427E-03
+3.730000E-03,-7.288945E-03
+3.735000E-03,-13.319095E-03
+3.740000E-03,-9.550251E-03
+3.745000E-03,-9.801507E-03
+3.750000E-03,-11.560301E-03
+3.755000E-03,-14.072864E-03
+3.760000E-03,-7.288945E-03
+3.765000E-03,-11.057789E-03
+3.770000E-03,-11.560301E-03
+3.775000E-03,-13.319095E-03
+3.780000E-03,-17.087939E-03
+3.785000E-03,-14.072864E-03
+3.790000E-03,-13.570352E-03
+3.795000E-03,-13.570352E-03
+3.800000E-03,-11.309045E-03
+3.805000E-03,-1.007538E-03
+3.810000E-03,-11.309045E-03
+3.815000E-03,-9.801507E-03
+3.820000E-03,-7.791457E-03
+3.825000E-03,-9.550251E-03
+3.830000E-03,-14.072864E-03
+3.835000E-03,-9.047739E-03
+3.840000E-03,-9.550251E-03
+3.845000E-03,-7.540201E-03
+3.850000E-03,-7.791457E-03
+3.855000E-03,-15.580402E-03
+3.860000E-03,-11.811558E-03
+3.865000E-03,-7.540201E-03
+3.870000E-03,-11.309045E-03
+3.875000E-03,-7.791457E-03
+3.880000E-03,-25.630653E-03
+3.885000E-03,-9.550251E-03
+3.890000E-03,-11.560301E-03
+3.895000E-03,-11.560301E-03
+3.900000E-03,-11.560301E-03
+3.905000E-03,-9.550251E-03
+3.910000E-03,-5.530151E-03
+3.915000E-03,-11.057789E-03
+3.920000E-03,-7.288945E-03
+3.925000E-03,-9.550251E-03
+3.930000E-03,-9.550251E-03
+3.935000E-03,-15.329146E-03
+3.940000E-03,-8.042713E-03
+3.945000E-03,-5.781407E-03
+3.950000E-03,-7.288945E-03
+3.955000E-03,-7.540201E-03
+3.960000E-03,-7.037688E-03
+3.965000E-03,-11.811558E-03
+3.970000E-03,-20.856784E-03
+3.975000E-03,-11.560301E-03
+3.980000E-03,-9.550251E-03
+3.985000E-03,-4.525126E-03
+3.990000E-03,-7.288945E-03
+3.995000E-03,-9.550251E-03
+4.000000E-03,-9.550251E-03
+4.005000E-03,-11.309045E-03
+4.010000E-03,-21.108040E-03
+4.015000E-03,-13.319095E-03
+4.020000E-03,-7.540201E-03
+4.025000E-03,-5.781407E-03
+4.030000E-03,-7.540201E-03
+4.035000E-03,-5.530151E-03
+4.040000E-03,-13.067839E-03
+4.045000E-03,-9.801507E-03
+4.050000E-03,-11.309045E-03
+4.055000E-03,-11.309045E-03
+4.060000E-03,-5.278894E-03
+4.065000E-03,-3.268844E-03
+4.070000E-03,-7.288945E-03
+4.075000E-03,-8.796482E-03
+4.080000E-03,-9.550251E-03
+4.085000E-03,-8.042713E-03
+4.090000E-03,-14.072864E-03
+4.095000E-03,-7.288945E-03
+4.100000E-03,-2.012563E-03
+4.105000E-03,-5.530151E-03
+4.110000E-03,-7.288945E-03
+4.115000E-03,-8.293970E-03
+4.120000E-03,-11.811558E-03
+4.125000E-03,-12.816583E-03
+4.130000E-03,-6.032663E-03
+4.135000E-03,-7.540201E-03
+4.140000E-03,+1.756281E-03
+4.145000E-03,-7.540201E-03
+4.150000E-03,-9.550251E-03
+4.155000E-03,-13.319095E-03
+4.160000E-03,-9.550251E-03
+4.165000E-03,-15.831658E-03
+4.170000E-03,-5.781407E-03
+4.175000E-03,-5.530151E-03
+4.180000E-03,-5.278894E-03
+4.185000E-03,-1.007538E-03
+4.190000E-03,-12.816583E-03
+4.195000E-03,-11.811558E-03
+4.200000E-03,-7.791457E-03
+4.205000E-03,-9.550251E-03
+4.210000E-03,-5.530151E-03
+4.215000E-03,+11.304020E-03
+4.220000E-03,-1.510050E-03
+4.225000E-03,-9.550251E-03
+4.230000E-03,-8.042713E-03
+4.235000E-03,-9.550251E-03
+4.240000E-03,-8.042713E-03
+4.245000E-03,-2.012563E-03
+4.250000E-03,-3.520100E-03
+4.255000E-03,-3.520100E-03
+4.260000E-03,-5.781407E-03
+4.265000E-03,-7.791457E-03
+4.270000E-03,-15.580402E-03
+4.275000E-03,-9.550251E-03
+4.280000E-03,-4.273869E-03
+4.285000E-03,-3.771357E-03
+4.290000E-03,-5.781407E-03
+4.295000E-03,-1.007538E-03
+4.300000E-03,-13.067839E-03
+4.305000E-03,-8.293970E-03
+4.310000E-03,-7.540201E-03
+4.315000E-03,-2.263819E-03
+4.320000E-03,-6.032663E-03
+4.325000E-03,-1.761306E-03
+4.330000E-03,-7.288945E-03
+4.335000E-03,-5.530151E-03
+4.340000E-03,-7.540201E-03
+4.345000E-03,-19.600502E-03
+4.350000E-03,-13.319095E-03
+4.355000E-03,-3.520100E-03
+4.360000E-03,-7.288945E-03
+4.365000E-03,-7.540201E-03
+4.370000E-03,-2.513E-06
+4.375000E-03,-9.047739E-03
+4.380000E-03,-9.550251E-03
+4.385000E-03,-9.550251E-03
+4.390000E-03,-7.288945E-03
+4.395000E-03,-5.781407E-03
+4.400000E-03,-2.515075E-03
+4.405000E-03,-5.278894E-03
+4.410000E-03,-5.278894E-03
+4.415000E-03,-7.791457E-03
+4.420000E-03,-7.540201E-03
+4.425000E-03,-17.590452E-03
+4.430000E-03,-6.032663E-03
+4.435000E-03,-5.781407E-03
+4.440000E-03,-5.530151E-03
+4.445000E-03,+12.309045E-03
+4.450000E-03,-4.776382E-03
+4.455000E-03,-11.560301E-03
+4.460000E-03,-15.329146E-03
+4.465000E-03,-9.801507E-03
+4.470000E-03,-7.288945E-03
+4.475000E-03,-2.012563E-03
+4.480000E-03,-5.278894E-03
+4.485000E-03,-7.791457E-03
+4.490000E-03,-13.319095E-03
+4.495000E-03,-7.540201E-03
+4.500000E-03,-18.092965E-03
+4.505000E-03,-12.062814E-03
+4.510000E-03,-7.540201E-03
+4.515000E-03,-7.540201E-03
+4.520000E-03,-9.550251E-03
+4.525000E-03,-5.781407E-03
+4.530000E-03,-13.570352E-03
+4.535000E-03,-13.570352E-03
+4.540000E-03,-13.319095E-03
+4.545000E-03,-9.801507E-03
+4.550000E-03,-14.826633E-03
+4.555000E-03,-7.288945E-03
+4.560000E-03,-9.550251E-03
+4.565000E-03,-9.550251E-03
+4.570000E-03,-13.570352E-03
+4.575000E-03,-2.263819E-03
+4.580000E-03,-15.580402E-03
+4.585000E-03,-11.560301E-03
+4.590000E-03,-7.791457E-03
+4.595000E-03,-11.309045E-03
+4.600000E-03,-13.319095E-03
+4.605000E-03,-15.329146E-03
+4.610000E-03,-15.580402E-03
+4.615000E-03,-11.811558E-03
+4.620000E-03,-8.293970E-03
+4.625000E-03,-13.570352E-03
+4.630000E-03,-1.510050E-03
+4.635000E-03,-13.319095E-03
+4.640000E-03,-13.319095E-03
+4.645000E-03,-17.339196E-03
+4.650000E-03,-15.580402E-03
+4.655000E-03,-20.103015E-03
+4.660000E-03,-15.580402E-03
+4.665000E-03,-11.309045E-03
+4.670000E-03,-9.550251E-03
+4.675000E-03,-13.821608E-03
+4.680000E-03,-14.826633E-03
+4.685000E-03,-15.580402E-03
+4.690000E-03,-9.298995E-03
+4.695000E-03,-9.550251E-03
+4.700000E-03,-5.781407E-03
+4.705000E-03,-3.520100E-03
+4.710000E-03,-7.037688E-03
+4.715000E-03,-9.801507E-03
+4.720000E-03,-9.298995E-03
+4.725000E-03,-13.319095E-03
+4.730000E-03,-9.801507E-03
+4.735000E-03,-6.535176E-03
+4.740000E-03,-5.530151E-03
+4.745000E-03,-7.288945E-03
+4.750000E-03,-11.309045E-03
+4.755000E-03,-12.062814E-03
+4.760000E-03,-21.359296E-03
+4.765000E-03,-11.811558E-03
+4.770000E-03,-9.801507E-03
+4.775000E-03,-7.791457E-03
+4.780000E-03,-9.801507E-03
+4.785000E-03,-2.766332E-03
+4.790000E-03,-11.560301E-03
+4.795000E-03,-15.077889E-03
+4.800000E-03,-11.560301E-03
+4.805000E-03,-13.067839E-03
+4.810000E-03,-4.022613E-03
+4.815000E-03,-5.278894E-03
+4.820000E-03,-11.560301E-03
+4.825000E-03,-11.309045E-03
+4.830000E-03,-11.309045E-03
+4.835000E-03,-21.359296E-03
+4.840000E-03,-9.801507E-03
+4.845000E-03,-7.540201E-03
+4.850000E-03,-6.032663E-03
+4.855000E-03,-13.319095E-03
+4.860000E-03,-14.324120E-03
+4.865000E-03,-17.087939E-03
+4.870000E-03,-7.791457E-03
+4.875000E-03,-11.811558E-03
+4.880000E-03,-5.781407E-03
+4.885000E-03,+6.530151E-03
+4.890000E-03,-3.268844E-03
+4.895000E-03,-11.309045E-03
+4.900000E-03,-13.319095E-03
+4.905000E-03,-7.540201E-03
+4.910000E-03,-9.550251E-03
+4.915000E-03,-8.042713E-03
+4.920000E-03,-5.278894E-03
+4.925000E-03,-5.027638E-03
+4.930000E-03,-5.781407E-03
+4.935000E-03,-9.298995E-03
+4.940000E-03,-15.077889E-03
+4.945000E-03,-6.283920E-03
+4.950000E-03,-13.067839E-03
+4.955000E-03,-6.032663E-03
+4.960000E-03,-7.540201E-03
+4.965000E-03,+500.000E-06
+4.970000E-03,-7.288945E-03
+4.975000E-03,-16.585427E-03
+4.980000E-03,-9.550251E-03
+4.985000E-03,-7.540201E-03
+4.990000E-03,-12.314070E-03
+4.995000E-03,-7.540201E-03
+5.000000E-03,-3.520100E-03
+5.005000E-03,-7.540201E-03
+5.010000E-03,-5.781407E-03
+5.015000E-03,-16.836683E-03
x-axis,FFT
Hertz,dBV
-250.0000E+00,
-249.7500E+00,
-249.5000E+00,
-249.2500E+00,
-249.0000E+00,
-248.7500E+00,
-248.5000E+00,
-248.2500E+00,
-248.0000E+00,
-247.7500E+00,
-247.5000E+00,
-247.2500E+00,
-247.0000E+00,
-246.7500E+00,
-246.5000E+00,
-246.2500E+00,
-246.0000E+00,
-245.7500E+00,
-245.5000E+00,
-245.2500E+00,
-245.0000E+00,
-244.7500E+00,
-244.5000E+00,
-244.2500E+00,
-244.0000E+00,
-243.7500E+00,
-243.5000E+00,
-243.2500E+00,
-243.0000E+00,
-242.7500E+00,
-242.5000E+00,
-242.2500E+00,
-242.0000E+00,
-241.7500E+00,
-241.5000E+00,
-241.2500E+00,
-241.0000E+00,
-240.7500E+00,
-240.5000E+00,
-240.2500E+00,
-240.0000E+00,
-239.7500E+00,
-239.5000E+00,
-239.2500E+00,
-239.0000E+00,
-238.7500E+00,
-238.5000E+00,
-238.2500E+00,
-238.0000E+00,
-237.7500E+00,
-237.5000E+00,
-237.2500E+00,
-237.0000E+00,
-236.7500E+00,
-236.5000E+00,
-236.2500E+00,
-236.0000E+00,
-235.7500E+00,
-235.5000E+00,
-235.2500E+00,
-235.0000E+00,
-234.7500E+00,
-234.5000E+00,
-234.2500E+00,
-234.0000E+00,
-233.7500E+00,
-233.5000E+00,
-233.2500E+00,
-233.0000E+00,
-232.7500E+00,
-232.5000E+00,
-232.2500E+00,
-232.0000E+00,
-231.7500E+00,
-231.5000E+00,
-231.2500E+00,
-231.0000E+00,
-230.7500E+00,
-230.5000E+00,
-230.2500E+00,
-230.0000E+00,
-229.7500E+00,
-229.5000E+00,
-229.2500E+00,
-229.0000E+00,
-228.7500E+00,
-228.5000E+00,
-228.2500E+00,
-228.0000E+00,
-227.7500E+00,
-227.5000E+00,
-227.2500E+00,
-227.0000E+00,
-226.7500E+00,
-226.5000E+00,
-226.2500E+00,
-226.0000E+00,
-225.7500E+00,
-225.5000E+00,
-225.2500E+00,
-225.0000E+00,
-224.7500E+00,
-224.5000E+00,
-224.2500E+00,
-224.0000E+00,
-223.7500E+00,
-223.5000E+00,
-223.2500E+00,
-223.0000E+00,
-222.7500E+00,
-222.5000E+00,
-222.2500E+00,
-222.0000E+00,
-221.7500E+00,
-221.5000E+00,
-221.2500E+00,
-221.0000E+00,
-220.7500E+00,
-220.5000E+00,
-220.2500E+00,
-220.0000E+00,
-219.7500E+00,
-219.5000E+00,
-219.2500E+00,
-219.0000E+00,
-218.7500E+00,
-218.5000E+00,
-218.2500E+00,
-218.0000E+00,
-217.7500E+00,
-217.5000E+00,
-217.2500E+00,
-217.0000E+00,
-216.7500E+00,
-216.5000E+00,
-216.2500E+00,
-216.0000E+00,
-215.7500E+00,
-215.5000E+00,
-215.2500E+00,
-215.0000E+00,
-214.7500E+00,
-214.5000E+00,
-214.2500E+00,
-214.0000E+00,
-213.7500E+00,
-213.5000E+00,
-213.2500E+00,
-213.0000E+00,
-212.7500E+00,
-212.5000E+00,
-212.2500E+00,
-212.0000E+00,
-211.7500E+00,
-211.5000E+00,
-211.2500E+00,
-211.0000E+00,
-210.7500E+00,
-210.5000E+00,
-210.2500E+00,
-210.0000E+00,
-209.7500E+00,
-209.5000E+00,
-209.2500E+00,
-209.0000E+00,
-208.7500E+00,
-208.5000E+00,
-208.2500E+00,
-208.0000E+00,
-207.7500E+00,
-207.5000E+00,
-207.2500E+00,
-207.0000E+00,
-206.7500E+00,
-206.5000E+00,
-206.2500E+00,
-206.0000E+00,
-205.7500E+00,
-205.5000E+00,
-205.2500E+00,
-205.0000E+00,
-204.7500E+00,
-204.5000E+00,
-204.2500E+00,
-204.0000E+00,
-203.7500E+00,
-203.5000E+00,
-203.2500E+00,
-203.0000E+00,
-202.7500E+00,
-202.5000E+00,
-202.2500E+00,
-202.0000E+00,
-201.7500E+00,
-201.5000E+00,
-201.2500E+00,
-201.0000E+00,
-200.7500E+00,
-200.5000E+00,
-200.2500E+00,
-200.0000E+00,
-199.7500E+00,
-199.5000E+00,
-199.2500E+00,
-199.0000E+00,
-198.7500E+00,
-198.5000E+00,
-198.2500E+00,
-198.0000E+00,
-197.7500E+00,
-197.5000E+00,
-197.2500E+00,
-197.0000E+00,
-196.7500E+00,
-196.5000E+00,
-196.2500E+00,
-196.0000E+00,
-195.7500E+00,
-195.5000E+00,
-195.2500E+00,
-195.0000E+00,
-194.7500E+00,
-194.5000E+00,
-194.2500E+00,
-194.0000E+00,
-193.7500E+00,
-193.5000E+00,
-193.2500E+00,
-193.0000E+00,
-192.7500E+00,
-192.5000E+00,
-192.2500E+00,
-192.0000E+00,
-191.7500E+00,
-191.5000E+00,
-191.2500E+00,
-191.0000E+00,
-190.7500E+00,
-190.5000E+00,
-190.2500E+00,
-190.0000E+00,
-189.7500E+00,
-189.5000E+00,
-189.2500E+00,
-189.0000E+00,
-188.7500E+00,
-188.5000E+00,
-188.2500E+00,
-188.0000E+00,
-187.7500E+00,
-187.5000E+00,
-187.2500E+00,
-187.0000E+00,
-186.7500E+00,
-186.5000E+00,
-186.2500E+00,
-186.0000E+00,
-185.7500E+00,
-185.5000E+00,
-185.2500E+00,
-185.0000E+00,
-184.7500E+00,
-184.5000E+00,
-184.2500E+00,
-184.0000E+00,
-183.7500E+00,
-183.5000E+00,
-183.2500E+00,
-183.0000E+00,
-182.7500E+00,
-182.5000E+00,
-182.2500E+00,
-182.0000E+00,
-181.7500E+00,
-181.5000E+00,
-181.2500E+00,
-181.0000E+00,
-180.7500E+00,
-180.5000E+00,
-180.2500E+00,
-180.0000E+00,
-179.7500E+00,
-179.5000E+00,
-179.2500E+00,
-179.0000E+00,
-178.7500E+00,
-178.5000E+00,
-178.2500E+00,
-178.0000E+00,
-177.7500E+00,
-177.5000E+00,
-177.2500E+00,
-177.0000E+00,
-176.7500E+00,
-176.5000E+00,
-176.2500E+00,
-176.0000E+00,
-175.7500E+00,
-175.5000E+00,
-175.2500E+00,
-175.0000E+00,
-174.7500E+00,
-174.5000E+00,
-174.2500E+00,
-174.0000E+00,
-173.7500E+00,
-173.5000E+00,
-173.2500E+00,
-173.0000E+00,
-172.7500E+00,
-172.5000E+00,
-172.2500E+00,
-172.0000E+00,
-171.7500E+00,
-171.5000E+00,
-171.2500E+00,
-171.0000E+00,
-170.7500E+00,
-170.5000E+00,
-170.2500E+00,
-170.0000E+00,
-169.7500E+00,
-169.5000E+00,
-169.2500E+00,
-169.0000E+00,
-168.7500E+00,
-168.5000E+00,
-168.2500E+00,
-168.0000E+00,
-167.7500E+00,
-167.5000E+00,
-167.2500E+00,
-167.0000E+00,
-166.7500E+00,
-166.5000E+00,
-166.2500E+00,
-166.0000E+00,
-165.7500E+00,
-165.5000E+00,
-165.2500E+00,
-165.0000E+00,
-164.7500E+00,
-164.5000E+00,
-164.2500E+00,
-164.0000E+00,
-163.7500E+00,
-163.5000E+00,
-163.2500E+00,
-163.0000E+00,
-162.7500E+00,
-162.5000E+00,
-162.2500E+00,
-162.0000E+00,
-161.7500E+00,
-161.5000E+00,
-161.2500E+00,
-161.0000E+00,
-160.7500E+00,
-160.5000E+00,
-160.2500E+00,
-160.0000E+00,
-159.7500E+00,
-159.5000E+00,
-159.2500E+00,
-159.0000E+00,
-158.7500E+00,
-158.5000E+00,
-158.2500E+00,
-158.0000E+00,
-157.7500E+00,
-157.5000E+00,
-157.2500E+00,
-157.0000E+00,
-156.7500E+00,
-156.5000E+00,
-156.2500E+00,
-156.0000E+00,
-155.7500E+00,
-155.5000E+00,
-155.2500E+00,
-155.0000E+00,
-154.7500E+00,
-154.5000E+00,
-154.2500E+00,
-154.0000E+00,
-153.7500E+00,
-153.5000E+00,
-153.2500E+00,
-153.0000E+00,
-152.7500E+00,
-152.5000E+00,
-152.2500E+00,
-152.0000E+00,
-151.7500E+00,
-151.5000E+00,
-151.2500E+00,
-151.0000E+00,
-150.7500E+00,
-150.5000E+00,
-150.2500E+00,
-150.0000E+00,
-149.7500E+00,
-149.5000E+00,
-149.2500E+00,
-149.0000E+00,
-148.7500E+00,
-148.5000E+00,
-148.2500E+00,
-148.0000E+00,
-147.7500E+00,
-147.5000E+00,
-147.2500E+00,
-147.0000E+00,
-146.7500E+00,
-146.5000E+00,
-146.2500E+00,
-146.0000E+00,
-145.7500E+00,
-145.5000E+00,
-145.2500E+00,
-145.0000E+00,
-144.7500E+00,
-144.5000E+00,
-144.2500E+00,
-144.0000E+00,
-143.7500E+00,
-143.5000E+00,
-143.2500E+00,
-143.0000E+00,
-142.7500E+00,
-142.5000E+00,
-142.2500E+00,
-142.0000E+00,
-141.7500E+00,
-141.5000E+00,
-141.2500E+00,
-141.0000E+00,
-140.7500E+00,
-140.5000E+00,
-140.2500E+00,
-140.0000E+00,
-139.7500E+00,
-139.5000E+00,
-139.2500E+00,
-139.0000E+00,
-138.7500E+00,
-138.5000E+00,
-138.2500E+00,
-138.0000E+00,
-137.7500E+00,
-137.5000E+00,
-137.2500E+00,
-137.0000E+00,
-136.7500E+00,
-136.5000E+00,
-136.2500E+00,
-136.0000E+00,
-135.7500E+00,
-135.5000E+00,
-135.2500E+00,
-135.0000E+00,
-134.7500E+00,
-134.5000E+00,
-134.2500E+00,
-134.0000E+00,
-133.7500E+00,
-133.5000E+00,
-133.2500E+00,
-133.0000E+00,
-132.7500E+00,
-132.5000E+00,
-132.2500E+00,
-132.0000E+00,
-131.7500E+00,
-131.5000E+00,
-131.2500E+00,
-131.0000E+00,
-130.7500E+00,
-130.5000E+00,
-130.2500E+00,
-130.0000E+00,
-129.7500E+00,
-129.5000E+00,
-129.2500E+00,
-129.0000E+00,
-128.7500E+00,
-128.5000E+00,
-128.2500E+00,
-128.0000E+00,
-127.7500E+00,
-127.5000E+00,
-127.2500E+00,
-127.0000E+00,
-126.7500E+00,
-126.5000E+00,
-126.2500E+00,
-126.0000E+00,
-125.7500E+00,
-125.5000E+00,
-125.2500E+00,
-125.0000E+00,
-124.7500E+00,
-124.5000E+00,
-124.2500E+00,
-124.0000E+00,
-123.7500E+00,
-123.5000E+00,
-123.2500E+00,
-123.0000E+00,
-122.7500E+00,
-122.5000E+00,
-122.2500E+00,
-122.0000E+00,
-121.7500E+00,
-121.5000E+00,
-121.2500E+00,
-121.0000E+00,
-120.7500E+00,
-120.5000E+00,
-120.2500E+00,
-120.0000E+00,
-119.7500E+00,
-119.5000E+00,
-119.2500E+00,
-119.0000E+00,
-118.7500E+00,
-118.5000E+00,
-118.2500E+00,
-118.0000E+00,
-117.7500E+00,
-117.5000E+00,
-117.2500E+00,
-117.0000E+00,
-116.7500E+00,
-116.5000E+00,
-116.2500E+00,
-116.0000E+00,
-115.7500E+00,
-115.5000E+00,
-115.2500E+00,
-115.0000E+00,
-114.7500E+00,
-114.5000E+00,
-114.2500E+00,
-114.0000E+00,
-113.7500E+00,
-113.5000E+00,
-113.2500E+00,
-113.0000E+00,
-112.7500E+00,
-112.5000E+00,
-112.2500E+00,
-112.0000E+00,
-111.7500E+00,
-111.5000E+00,
-111.2500E+00,
-111.0000E+00,
-110.7500E+00,
-110.5000E+00,
-110.2500E+00,
-110.0000E+00,
-109.7500E+00,
-109.5000E+00,
-109.2500E+00,
-109.0000E+00,
-108.7500E+00,
-108.5000E+00,
-108.2500E+00,
-108.0000E+00,
-107.7500E+00,
-107.5000E+00,
-107.2500E+00,
-107.0000E+00,
-106.7500E+00,
-106.5000E+00,
-106.2500E+00,
-106.0000E+00,
-105.7500E+00,
-105.5000E+00,
-105.2500E+00,
-105.0000E+00,
-104.7500E+00,
-104.5000E+00,
-104.2500E+00,
-104.0000E+00,
-103.7500E+00,
-103.5000E+00,
-103.2500E+00,
-103.0000E+00,
-102.7500E+00,
-102.5000E+00,
-102.2500E+00,
-102.0000E+00,
-101.7500E+00,
-101.5000E+00,
-101.2500E+00,
-101.0000E+00,
-100.7500E+00,
-100.5000E+00,
-100.2500E+00,
-100.0000E+00,
-99.7500E+00,
-99.5000E+00,
-99.2500E+00,
-99.0000E+00,
-98.7500E+00,
-98.5000E+00,
-98.2500E+00,
-98.0000E+00,
-97.7500E+00,
-97.5000E+00,
-97.2500E+00,
-97.0000E+00,
-96.7500E+00,
-96.5000E+00,
-96.2500E+00,
-96.0000E+00,
-95.7500E+00,
-95.5000E+00,
-95.2500E+00,
-95.0000E+00,
-94.7500E+00,
-94.5000E+00,
-94.2500E+00,
-94.0000E+00,
-93.7500E+00,
-93.5000E+00,
-93.2500E+00,
-93.0000E+00,
-92.7500E+00,
-92.5000E+00,
-92.2500E+00,
-92.0000E+00,
-91.7500E+00,
-91.5000E+00,
-91.2500E+00,
-91.0000E+00,
-90.7500E+00,
-90.5000E+00,
-90.2500E+00,
-90.0000E+00,
-89.7500E+00,
-89.5000E+00,
-89.2500E+00,
-89.0000E+00,
-88.7500E+00,
-88.5000E+00,
-88.2500E+00,
-88.0000E+00,
-87.7500E+00,
-87.5000E+00,
-87.2500E+00,
-87.0000E+00,
-86.7500E+00,
-86.5000E+00,
-86.2500E+00,
-86.0000E+00,
-85.7500E+00,
-85.5000E+00,
-85.2500E+00,
-85.0000E+00,
-84.7500E+00,
-84.5000E+00,
-84.2500E+00,
-84.0000E+00,
-83.7500E+00,
-83.5000E+00,
-83.2500E+00,
-83.0000E+00,
-82.7500E+00,
-82.5000E+00,
-82.2500E+00,
-82.0000E+00,
-81.7500E+00,
-81.5000E+00,
-81.2500E+00,
-81.0000E+00,
-80.7500E+00,
-80.5000E+00,
-80.2500E+00,
-80.0000E+00,
-79.7500E+00,
-79.5000E+00,
-79.2500E+00,
-79.0000E+00,
-78.7500E+00,
-78.5000E+00,
-78.2500E+00,
-78.0000E+00,
-77.7500E+00,
-77.5000E+00,
-77.2500E+00,
-77.0000E+00,
-76.7500E+00,
-76.5000E+00,
-76.2500E+00,
-76.0000E+00,
-75.7500E+00,
-75.5000E+00,
-75.2500E+00,
-75.0000E+00,
-74.7500E+00,
-74.5000E+00,
-74.2500E+00,
-74.0000E+00,
-73.7500E+00,
-73.5000E+00,
-73.2500E+00,
-73.0000E+00,
-72.7500E+00,
-72.5000E+00,
-72.2500E+00,
-72.0000E+00,
-71.7500E+00,
-71.5000E+00,
-71.2500E+00,
-71.0000E+00,
-70.7500E+00,
-70.5000E+00,
-70.2500E+00,
-70.0000E+00,
-69.7500E+00,
-69.5000E+00,
-69.2500E+00,
-69.0000E+00,
-68.7500E+00,
-68.5000E+00,
-68.2500E+00,
-68.0000E+00,
-67.7500E+00,
-67.5000E+00,
-67.2500E+00,
-67.0000E+00,
-66.7500E+00,
-66.5000E+00,
-66.2500E+00,
-66.0000E+00,
-65.7500E+00,
-65.5000E+00,
-65.2500E+00,
-65.0000E+00,
-64.7500E+00,
-64.5000E+00,
-64.2500E+00,
-64.0000E+00,
-63.7500E+00,
-63.5000E+00,
-63.2500E+00,
-63.0000E+00,
-62.7500E+00,
-62.5000E+00,
-62.2500E+00,
-62.0000E+00,
-61.7500E+00,
-61.5000E+00,
-61.2500E+00,
-61.0000E+00,
-60.7500E+00,
-60.5000E+00,
-60.2500E+00,
-60.0000E+00,
-59.7500E+00,
-59.5000E+00,
-59.2500E+00,
-59.0000E+00,
-58.7500E+00,
-58.5000E+00,
-58.2500E+00,
-58.0000E+00,
-57.7500E+00,
-57.5000E+00,
-57.2500E+00,
-57.0000E+00,
-56.7500E+00,
-56.5000E+00,
-56.2500E+00,
-56.0000E+00,
-55.7500E+00,
-55.5000E+00,
-55.2500E+00,
-55.0000E+00,
-54.7500E+00,
-54.5000E+00,
-54.2500E+00,
-54.0000E+00,
-53.7500E+00,
-53.5000E+00,
-53.2500E+00,
-53.0000E+00,
-52.7500E+00,
-52.5000E+00,
-52.2500E+00,
-52.0000E+00,
-51.7500E+00,
-51.5000E+00,
-51.2500E+00,
-51.0000E+00,
-50.7500E+00,
-50.5000E+00,
-50.2500E+00,
-50.0000E+00,
-49.7500E+00,
-49.5000E+00,
-49.2500E+00,
-49.0000E+00,
-48.7500E+00,
-48.5000E+00,
-48.2500E+00,
-48.0000E+00,
-47.7500E+00,
-47.5000E+00,
-47.2500E+00,
-47.0000E+00,
-46.7500E+00,
-46.5000E+00,
-46.2500E+00,
-46.0000E+00,
-45.7500E+00,
-45.5000E+00,
-45.2500E+00,
-45.0000E+00,
-44.7500E+00,
-44.5000E+00,
-44.2500E+00,
-44.0000E+00,
-43.7500E+00,
-43.5000E+00,
-43.2500E+00,
-43.0000E+00,
-42.7500E+00,
-42.5000E+00,
-42.2500E+00,
-42.0000E+00,
-41.7500E+00,
-41.5000E+00,
-41.2500E+00,
-41.0000E+00,
-40.7500E+00,
-40.5000E+00,
-40.2500E+00,
-40.0000E+00,
-39.7500E+00,
-39.5000E+00,
-39.2500E+00,
-39.0000E+00,
-38.7500E+00,
-38.5000E+00,
-38.2500E+00,
-38.0000E+00,-78.155478E+00
-37.7500E+00,-78.144614E+00
-37.5000E+00,-78.133750E+00
-37.2500E+00,-78.122886E+00
-37.0000E+00,-78.112022E+00
-36.7500E+00,-78.101158E+00
-36.5000E+00,-78.090294E+00
-36.2500E+00,-78.079430E+00
-36.0000E+00,-78.068566E+00
-35.7500E+00,-78.057702E+00
-35.5000E+00,-78.046838E+00
-35.2500E+00,-78.035974E+00
-35.0000E+00,-78.025110E+00
-34.7500E+00,-78.014246E+00
-34.5000E+00,-78.003382E+00
-34.2500E+00,-77.992518E+00
-34.0000E+00,-77.981654E+00
-33.7500E+00,-77.970790E+00
-33.5000E+00,-77.959926E+00
-33.2500E+00,-77.949062E+00
-33.0000E+00,-77.938198E+00
-32.7500E+00,-77.927334E+00
-32.5000E+00,-77.916470E+00
-32.2500E+00,-77.905606E+00
-32.0000E+00,-77.894742E+00
-31.7500E+00,-77.883878E+00
-31.5000E+00,-77.873014E+00
-31.2500E+00,-77.862150E+00
-31.0000E+00,-77.851286E+00
-30.7500E+00,-77.840422E+00
-30.5000E+00,-77.829558E+00
-30.2500E+00,-77.818694E+00
-30.0000E+00,-77.807830E+00
-29.7500E+00,-77.796966E+00
-29.5000E+00,-77.786102E+00
-29.2500E+00,-77.775238E+00
-29.0000E+00,-77.764374E+00
-28.7500E+00,-77.753510E+00
-28.5000E+00,-77.742646E+00
-28.2500E+00,-77.731782E+00
-28.0000E+00,-77.720918E+00
-27.7500E+00,-77.710054E+00
-27.5000E+00,-77.699190E+00
-27.2500E+00,-77.688326E+00
-27.0000E+00,-77.677462E+00
-26.7500E+00,-77.666598E+00
-26.5000E+00,-77.655734E+00
-26.2500E+00,-77.644870E+00
-26.0000E+00,-77.634006E+00
-25.7500E+00,-77.623142E+00
-25.5000E+00,-77.612278E+00
-25.2500E+00,-77.601414E+00
-25.0000E+00,-77.590550E+00
-24.7500E+00,-77.579686E+00
-24.5000E+00,-77.568822E+00
-24.2500E+00,-77.557958E+00
-24.0000E+00,-77.547094E+00
-23.7500E+00,-77.536230E+00
-23.5000E+00,-77.525366E+00
-23.2500E+00,-77.514502E+00
-23.0000E+00,-77.503638E+00
-22.7500E+00,-77.492774E+00
-22.5000E+00,-77.481910E+00
-22.2500E+00,-77.471046E+00
-22.0000E+00,-77.460182E+00
-21.7500E+00,-77.449318E+00
-21.5000E+00,-77.438454E+00
-21.2500E+00,-77.427590E+00
-21.0000E+00,-77.416726E+00
-20.7500E+00,-77.405862E+00
-20.5000E+00,-77.394998E+00
-20.2500E+00,-77.384134E+00
-20.0000E+00,-77.373270E+00
-19.7500E+00,-77.362406E+00
-19.5000E+00,-77.351542E+00
-19.2500E+00,-77.340678E+00
-19.0000E+00,-77.329814E+00
-18.7500E+00,-77.318950E+00
-18.5000E+00,-77.308086E+00
-18.2500E+00,-77.297222E+00
-18.0000E+00,-77.286358E+00
-17.7500E+00,-77.275494E+00
-17.5000E+00,-77.264630E+00
-17.2500E+00,-77.253766E+00
-17.0000E+00,-77.242902E+00
-16.7500E+00,-77.232038E+00
-16.5000E+00,-77.221174E+00
-16.2500E+00,-77.210310E+00
-16.0000E+00,-77.199446E+00
-15.7500E+00,-77.188582E+00
-15.5000E+00,-77.177718E+00
-15.2500E+00,-77.166854E+00
-15.0000E+00,-77.155990E+00
-14.7500E+00,-77.145126E+00
-14.5000E+00,-77.134262E+00
-14.2500E+00,-77.123398E+00
-14.0000E+00,-77.112534E+00
-13.7500E+00,-77.101670E+00
-13.5000E+00,-77.090806E+00
-13.2500E+00,-77.079942E+00
-13.0000E+00,-77.069078E+00
-12.7500E+00,-77.058214E+00
-12.5000E+00,-77.047350E+00
-12.2500E+00,-77.036486E+00
-12.0000E+00,-77.025622E+00
-11.7500E+00,-77.014758E+00
-11.5000E+00,-77.003894E+00
-11.2500E+00,-76.993030E+00
-11.0000E+00,-76.982166E+00
-10.7500E+00,-76.971302E+00
-10.5000E+00,-76.960438E+00
-10.2500E+00,-76.949574E+00
-10.0000E+00,-76.938710E+00
-9.7500E+00,-76.927846E+00
-9.5000E+00,-76.916982E+00
-9.2500E+00,-76.906118E+00
-9.0000E+00,-76.895254E+00
-8.7500E+00,-76.884390E+00
-8.5000E+00,-76.873526E+00
-8.2500E+00,-76.862662E+00
-8.0000E+00,-76.851798E+00
-7.7500E+00,-76.840934E+00
-7.5000E+00,-76.830070E+00
-7.2500E+00,-76.819206E+00
-7.0000E+00,-76.808342E+00
-6.7500E+00,-76.797478E+00
-6.5000E+00,-76.786614E+00
-6.2500E+00,-76.775750E+00
-6.0000E+00,-76.764886E+00
-5.7500E+00,-76.754022E+00
-5.5000E+00,-76.743158E+00
-5.2500E+00,-76.732294E+00
-5.0000E+00,-76.721430E+00
-4.7500E+00,-76.710566E+00
-4.5000E+00,-76.699702E+00
-4.2500E+00,-76.688838E+00
-4.0000E+00,-76.677974E+00
-3.7500E+00,-76.667110E+00
-3.5000E+00,-76.656246E+00
-3.2500E+00,-76.645382E+00
-3.0000E+00,-76.634518E+00
-2.7500E+00,-76.623654E+00
-2.5000E+00,-76.612790E+00
-2.2500E+00,-76.601926E+00
-2.0000E+00,-76.591062E+00
-1.7500E+00,-76.580198E+00
-1.5000E+00,-76.569334E+00
-1.2500E+00,-76.558470E+00
-1.0000E+00,-76.547606E+00
-750.0E-03,-76.536742E+00
-500.0E-03,-76.525878E+00
-250.0E-03,-76.515014E+00
+0.0E+00,-76.504150E+00
+250.0E-03,-76.493286E+00
+500.0E-03,-76.482422E+00
+750.0E-03,-76.471558E+00
+1.0000E+00,-76.460694E+00
+1.2500E+00,-76.449830E+00
+1.5000E+00,-76.438966E+00
+1.7500E+00,-76.428102E+00
+2.0000E+00,-76.417238E+00
+2.2500E+00,-76.406374E+00
+2.5000E+00,-76.395510E+00
+2.7500E+00,-76.384646E+00
+3.0000E+00,-76.373782E+00
+3.2500E+00,-76.362918E+00
+3.5000E+00,-76.352054E+00
+3.7500E+00,-76.341190E+00
+4.0000E+00,-76.330326E+00
+4.2500E+00,-76.319462E+00
+4.5000E+00,-76.308598E+00
+4.7500E+00,-76.297734E+00
+5.0000E+00,-76.286870E+00
+5.2500E+00,-76.276006E+00
+5.5000E+00,-76.265142E+00
+5.7500E+00,-76.254278E+00
+6.0000E+00,-76.243414E+00
+6.2500E+00,-76.232550E+00
+6.5000E+00,-76.221686E+00
+6.7500E+00,-76.210822E+00
+7.0000E+00,-76.199958E+00
+7.2500E+00,-76.189094E+00
+7.5000E+00,-76.178230E+00
+7.7500E+00,-76.167366E+00
+8.0000E+00,-76.156502E+00
+8.2500E+00,-76.145638E+00
+8.5000E+00,-76.134774E+00
+8.7500E+00,-76.123910E+00
+9.0000E+00,-76.113046E+00
+9.2500E+00,-76.102182E+00
+9.5000E+00,-76.091318E+00
+9.7500E+00,-76.080454E+00
+10.0000E+00,-76.069590E+00
+10.2500E+00,-76.058726E+00
+10.5000E+00,-76.047862E+00
+10.7500E+00,-76.036998E+00
+11.0000E+00,-76.026134E+00
+11.2500E+00,-76.015270E+00
+11.5000E+00,-76.004406E+00
+11.7500E+00,-75.993542E+00
+12.0000E+00,-75.982678E+00
+12.2500E+00,-75.971814E+00
+12.5000E+00,-75.960950E+00
+12.7500E+00,-75.950086E+00
+13.0000E+00,-75.939222E+00
+13.2500E+00,-75.928358E+00
+13.5000E+00,-75.917494E+00
+13.7500E+00,-75.906630E+00
+14.0000E+00,-75.895766E+00
+14.2500E+00,-75.884902E+00
+14.5000E+00,-75.874038E+00
+14.7500E+00,-75.863174E+00
+15.0000E+00,-75.852310E+00
+15.2500E+00,-75.841446E+00
+15.5000E+00,-75.830582E+00
+15.7500E+00,-75.819718E+00
+16.0000E+00,-75.808854E+00
+16.2500E+00,-75.797990E+00
+16.5000E+00,-75.787126E+00
+16.7500E+00,-75.776262E+00
+17.0000E+00,-75.765398E+00
+17.2500E+00,-75.754534E+00
+17.5000E+00,-75.743670E+00
+17.7500E+00,-75.732806E+00
+18.0000E+00,-75.721942E+00
+18.2500E+00,-75.711078E+00
+18.5000E+00,-75.700214E+00
+18.7500E+00,-75.689350E+00
+19.0000E+00,-75.678486E+00
+19.2500E+00,-75.667622E+00
+19.5000E+00,-75.656758E+00
+19.7500E+00,-75.645894E+00
+20.0000E+00,-75.635030E+00
+20.2500E+00,-75.624166E+00
+20.5000E+00,-75.613302E+00
+20.7500E+00,-75.602438E+00
+21.0000E+00,-75.591574E+00
+21.2500E+00,-75.580710E+00
+21.5000E+00,-75.569846E+00
+21.7500E+00,-75.558982E+00
+22.0000E+00,-75.548118E+00
+22.2500E+00,-75.537254E+00
+22.5000E+00,-75.526390E+00
+22.7500E+00,-75.515526E+00
+23.0000E+00,-75.504662E+00
+23.2500E+00,-75.493798E+00
+23.5000E+00,-75.482934E+00
+23.7500E+00,-75.472070E+00
+24.0000E+00,-75.461206E+00
+24.2500E+00,-75.450342E+00
+24.5000E+00,-75.439478E+00
+24.7500E+00,-75.428614E+00
+25.0000E+00,-75.417750E+00
+25.2500E+00,-75.406886E+00
+25.5000E+00,-75.396022E+00
+25.7500E+00,-75.385158E+00
+26.0000E+00,-75.374294E+00
+26.2500E+00,-75.363430E+00
+26.5000E+00,-75.352566E+00
+26.7500E+00,-75.341702E+00
+27.0000E+00,-75.330838E+00
+27.2500E+00,-75.319974E+00
+27.5000E+00,-75.309110E+00
+27.7500E+00,-75.298246E+00
+28.0000E+00,-75.287382E+00
+28.2500E+00,-75.276518E+00
+28.5000E+00,-75.265654E+00
+28.7500E+00,-75.254790E+00
+29.0000E+00,-75.243926E+00
+29.2500E+00,-75.233062E+00
+29.5000E+00,-75.222198E+00
+29.7500E+00,-75.211334E+00
+30.0000E+00,-75.200470E+00
+30.2500E+00,-75.189606E+00
+30.5000E+00,-75.178742E+00
+30.7500E+00,-75.167878E+00
+31.0000E+00,-75.157014E+00
+31.2500E+00,-75.146150E+00
+31.5000E+00,-75.135286E+00
+31.7500E+00,-75.124422E+00
+32.0000E+00,-75.113558E+00
+32.2500E+00,-75.102694E+00
+32.5000E+00,-75.091830E+00
+32.7500E+00,-75.080966E+00
+33.0000E+00,-75.070102E+00
+33.2500E+00,-75.059238E+00
+33.5000E+00,-75.048374E+00
+33.7500E+00,-75.037510E+00
+34.0000E+00,-75.026646E+00
+34.2500E+00,-75.015782E+00
+34.5000E+00,-75.004918E+00
+34.7500E+00,-74.994054E+00
+35.0000E+00,-74.983190E+00
+35.2500E+00,-74.972326E+00
+35.5000E+00,-74.961462E+00
+35.7500E+00,-74.950598E+00
+36.0000E+00,-74.939734E+00
+36.2500E+00,-74.928870E+00
+36.5000E+00,-74.918006E+00
+36.7500E+00,-74.907142E+00
+37.0000E+00,-74.896278E+00
+37.2500E+00,-74.885414E+00
+37.5000E+00,-74.874550E+00
+37.7500E+00,-74.863686E+00
+38.0000E+00,-74.852822E+00
+38.2500E+00,-74.841958E+00
+38.5000E+00,-74.831094E+00
+38.7500E+00,-74.820230E+00
+39.0000E+00,-74.809366E+00
+39.2500E+00,-74.798502E+00
+39.5000E+00,-74.787638E+00
+39.7500E+00,-74.776774E+00
+40.0000E+00,-74.765910E+00
+40.2500E+00,-74.755046E+00
+40.5000E+00,-74.744182E+00
+40.7500E+00,-74.733318E+00
+41.0000E+00,-74.722454E+00
+41.2500E+00,-74.711590E+00
+41.5000E+00,-74.700726E+00
+41.7500E+00,-74.689862E+00
+42.0000E+00,-74.678998E+00
+42.2500E+00,-74.668134E+00
+42.5000E+00,-74.657270E+00
+42.7500E+00,-74.646406E+00
+43.0000E+00,-74.635542E+00
+43.2500E+00,-74.624678E+00
+43.5000E+00,-74.613814E+00
+43.7500E+00,-74.602950E+00
+44.0000E+00,-74.592086E+00
+44.2500E+00,-74.581222E+00
+44.5000E+00,-74.570358E+00
+44.7500E+00,-74.559494E+00
+45.0000E+00,-74.548630E+00
+45.2500E+00,-74.537766E+00
+45.5000E+00,-74.526902E+00
+45.7500E+00,-74.516038E+00
+46.0000E+00,-74.505174E+00
+46.2500E+00,-74.494310E+00
+46.5000E+00,-74.483446E+00
+46.7500E+00,-74.472582E+00
+47.0000E+00,-74.461718E+00
+47.2500E+00,-74.450854E+00
+47.5000E+00,-74.439990E+00
+47.7500E+00,-74.429126E+00
+48.0000E+00,-74.418262E+00
+48.2500E+00,-74.407398E+00
+48.5000E+00,-74.396534E+00
+48.7500E+00,-74.385670E+00
+49.0000E+00,-74.374806E+00
+49.2500E+00,-74.363942E+00
+49.5000E+00,-74.353078E+00
+49.7500E+00,-74.342214E+00
+50.0000E+00,-74.331350E+00
+50.2500E+00,-74.320486E+00
+50.5000E+00,-74.309622E+00
+50.7500E+00,-74.298758E+00
+51.0000E+00,-74.287894E+00
+51.2500E+00,-74.277030E+00
+51.5000E+00,-74.266166E+00
+51.7500E+00,-74.255302E+00
+52.0000E+00,-74.244438E+00
+52.2500E+00,-74.233574E+00
+52.5000E+00,-74.222710E+00
+52.7500E+00,-74.211846E+00
+53.0000E+00,-74.200982E+00
+53.2500E+00,-74.190118E+00
+53.5000E+00,-74.179254E+00
+53.7500E+00,-74.168390E+00
+54.0000E+00,-74.157526E+00
+54.2500E+00,-74.146662E+00
+54.5000E+00,-74.135798E+00
+54.7500E+00,-74.124934E+00
+55.0000E+00,-74.114070E+00
+55.2500E+00,-74.103206E+00
+55.5000E+00,-74.092342E+00
+55.7500E+00,-74.081478E+00
+56.0000E+00,-74.070614E+00
+56.2500E+00,-74.059750E+00
+56.5000E+00,-74.048886E+00
+56.7500E+00,-74.038022E+00
+57.0000E+00,-74.027158E+00
+57.2500E+00,-74.016294E+00
+57.5000E+00,-74.005430E+00
+57.7500E+00,-73.994566E+00
+58.0000E+00,-73.983702E+00
+58.2500E+00,-73.972838E+00
+58.5000E+00,-73.961974E+00
+58.7500E+00,-73.951110E+00
+59.0000E+00,-73.940246E+00
+59.2500E+00,-73.929382E+00
+59.5000E+00,-73.918518E+00
+59.7500E+00,-73.907654E+00
+60.0000E+00,-73.896790E+00
+60.2500E+00,-73.885926E+00
+60.5000E+00,-73.875062E+00
+60.7500E+00,-73.864198E+00
+61.0000E+00,-73.853334E+00
+61.2500E+00,-73.842470E+00
+61.5000E+00,-73.831606E+00
+61.7500E+00,-73.820742E+00
+62.0000E+00,-73.809878E+00
+62.2500E+00,-73.799014E+00
+62.5000E+00,-73.788150E+00
+62.7500E+00,-73.777286E+00
+63.0000E+00,-73.766422E+00
+63.2500E+00,-73.755558E+00
+63.5000E+00,-73.744694E+00
+63.7500E+00,-73.733830E+00
+64.0000E+00,-73.722966E+00
+64.2500E+00,-73.712102E+00
+64.5000E+00,-73.701238E+00
+64.7500E+00,-73.690374E+00
+65.0000E+00,-73.679510E+00
+65.2500E+00,-73.668646E+00
+65.5000E+00,-73.657782E+00
+65.7500E+00,-73.646918E+00
+66.0000E+00,-73.636054E+00
+66.2500E+00,-73.625190E+00
+66.5000E+00,-73.614326E+00
+66.7500E+00,-73.603462E+00
+67.0000E+00,-73.592598E+00
+67.2500E+00,-73.581734E+00
+67.5000E+00,-73.570870E+00
+67.7500E+00,-73.560006E+00
+68.0000E+00,-73.549142E+00
+68.2500E+00,-73.538278E+00
+68.5000E+00,-73.527414E+00
+68.7500E+00,-73.516550E+00
+69.0000E+00,-73.505686E+00
+69.2500E+00,-73.494822E+00
+69.5000E+00,-73.483958E+00
+69.7500E+00,-73.473094E+00
+70.0000E+00,-73.462230E+00
+70.2500E+00,-73.451366E+00
+70.5000E+00,-73.440502E+00
+70.7500E+00,-73.429638E+00
+71.0000E+00,-73.418774E+00
+71.2500E+00,-73.407910E+00
+71.5000E+00,-73.397046E+00
+71.7500E+00,-73.386182E+00
+72.0000E+00,-73.375318E+00
+72.2500E+00,-73.364454E+00
+72.5000E+00,-73.353590E+00
+72.7500E+00,-73.342726E+00
+73.0000E+00,-73.331862E+00
+73.2500E+00,-73.320998E+00
+73.5000E+00,-73.310134E+00
+73.7500E+00,-73.299270E+00
+74.0000E+00,-73.288406E+00
+74.2500E+00,-73.277542E+00
+74.5000E+00,-73.266678E+00
+74.7500E+00,-73.255814E+00
+75.0000E+00,-73.244950E+00
+75.2500E+00,-73.234086E+00
+75.5000E+00,-73.223222E+00
+75.7500E+00,-73.212358E+00
+76.0000E+00,-73.201494E+00
+76.2500E+00,-73.190630E+00
+76.5000E+00,-73.183703E+00
+76.7500E+00,-73.177615E+00
+77.0000E+00,-73.171527E+00
+77.2500E+00,-73.165439E+00
+77.5000E+00,-73.159351E+00
+77.7500E+00,-73.153263E+00
+78.0000E+00,-73.147175E+00
+78.2500E+00,-73.141087E+00
+78.5000E+00,-73.134999E+00
+78.7500E+00,-73.128911E+00
+79.0000E+00,-73.122823E+00
+79.2500E+00,-73.116735E+00
+79.5000E+00,-73.110647E+00
+79.7500E+00,-73.104559E+00
+80.0000E+00,-73.098471E+00
+80.2500E+00,-73.092383E+00
+80.5000E+00,-73.086295E+00
+80.7500E+00,-73.080207E+00
+81.0000E+00,-73.074119E+00
+81.2500E+00,-73.068031E+00
+81.5000E+00,-73.061943E+00
+81.7500E+00,-73.055855E+00
+82.0000E+00,-73.049767E+00
+82.2500E+00,-73.043679E+00
+82.5000E+00,-73.037591E+00
+82.7500E+00,-73.031503E+00
+83.0000E+00,-73.025415E+00
+83.2500E+00,-73.019327E+00
+83.5000E+00,-73.013239E+00
+83.7500E+00,-73.007151E+00
+84.0000E+00,-73.001063E+00
+84.2500E+00,-72.994975E+00
+84.5000E+00,-72.988887E+00
+84.7500E+00,-72.982799E+00
+85.0000E+00,-72.976711E+00
+85.2500E+00,-72.970623E+00
+85.5000E+00,-72.964535E+00
+85.7500E+00,-72.958447E+00
+86.0000E+00,-72.952359E+00
+86.2500E+00,-72.946271E+00
+86.5000E+00,-72.940183E+00
+86.7500E+00,-72.934095E+00
+87.0000E+00,-72.928007E+00
+87.2500E+00,-72.921919E+00
+87.5000E+00,-72.915831E+00
+87.7500E+00,-72.909743E+00
+88.0000E+00,-72.903655E+00
+88.2500E+00,-72.897567E+00
+88.5000E+00,-72.891479E+00
+88.7500E+00,-72.885391E+00
+89.0000E+00,-72.879303E+00
+89.2500E+00,-72.873215E+00
+89.5000E+00,-72.867127E+00
+89.7500E+00,-72.861039E+00
+90.0000E+00,-72.854951E+00
+90.2500E+00,-72.848863E+00
+90.5000E+00,-72.842775E+00
+90.7500E+00,-72.836687E+00
+91.0000E+00,-72.830599E+00
+91.2500E+00,-72.824511E+00
+91.5000E+00,-72.818423E+00
+91.7500E+00,-72.812335E+00
+92.0000E+00,-72.806247E+00
+92.2500E+00,-72.800159E+00
+92.5000E+00,-72.794071E+00
+92.7500E+00,-72.787983E+00
+93.0000E+00,-72.781895E+00
+93.2500E+00,-72.775807E+00
+93.5000E+00,-72.769719E+00
+93.7500E+00,-72.763631E+00
+94.0000E+00,-72.757543E+00
+94.2500E+00,-72.751455E+00
+94.5000E+00,-72.745367E+00
+94.7500E+00,-72.739279E+00
+95.0000E+00,-72.733191E+00
+95.2500E+00,-72.727103E+00
+95.5000E+00,-72.721015E+00
+95.7500E+00,-72.714927E+00
+96.0000E+00,-72.708839E+00
+96.2500E+00,-72.702751E+00
+96.5000E+00,-72.696663E+00
+96.7500E+00,-72.690575E+00
+97.0000E+00,-72.684487E+00
+97.2500E+00,-72.678399E+00
+97.5000E+00,-72.672311E+00
+97.7500E+00,-72.666223E+00
+98.0000E+00,-72.660135E+00
+98.2500E+00,-72.654047E+00
+98.5000E+00,-72.647959E+00
+98.7500E+00,-72.641871E+00
+99.0000E+00,-72.635783E+00
+99.2500E+00,-72.629695E+00
+99.5000E+00,-72.623607E+00
+99.7500E+00,-72.617519E+00
+100.0000E+00,-72.611431E+00
+100.2500E+00,-72.605343E+00
+100.5000E+00,-72.599255E+00
+100.7500E+00,-72.593167E+00
+101.0000E+00,-72.587079E+00
+101.2500E+00,-72.580991E+00
+101.5000E+00,-72.574903E+00
+101.7500E+00,-72.568815E+00
+102.0000E+00,-72.562727E+00
+102.2500E+00,-72.556639E+00
+102.5000E+00,-72.550551E+00
+102.7500E+00,-72.544463E+00
+103.0000E+00,-72.538375E+00
+103.2500E+00,-72.532287E+00
+103.5000E+00,-72.526199E+00
+103.7500E+00,-72.520111E+00
+104.0000E+00,-72.514023E+00
+104.2500E+00,-72.507935E+00
+104.5000E+00,-72.501847E+00
+104.7500E+00,-72.495759E+00
+105.0000E+00,-72.489671E+00
+105.2500E+00,-72.483583E+00
+105.5000E+00,-72.477495E+00
+105.7500E+00,-72.471407E+00
+106.0000E+00,-72.465319E+00
+106.2500E+00,-72.459231E+00
+106.5000E+00,-72.453143E+00
+106.7500E+00,-72.447055E+00
+107.0000E+00,-72.440967E+00
+107.2500E+00,-72.434879E+00
+107.5000E+00,-72.428791E+00
+107.7500E+00,-72.422703E+00
+108.0000E+00,-72.416615E+00
+108.2500E+00,-72.410527E+00
+108.5000E+00,-72.404439E+00
+108.7500E+00,-72.398351E+00
+109.0000E+00,-72.392263E+00
+109.2500E+00,-72.386175E+00
+109.5000E+00,-72.380087E+00
+109.7500E+00,-72.373999E+00
+110.0000E+00,-72.367911E+00
+110.2500E+00,-72.361823E+00
+110.5000E+00,-72.355735E+00
+110.7500E+00,-72.349647E+00
+111.0000E+00,-72.343559E+00
+111.2500E+00,-72.337471E+00
+111.5000E+00,-72.331383E+00
+111.7500E+00,-72.325295E+00
+112.0000E+00,-72.319207E+00
+112.2500E+00,-72.313119E+00
+112.5000E+00,-72.307031E+00
+112.7500E+00,-72.300943E+00
+113.0000E+00,-72.294855E+00
+113.2500E+00,-72.288767E+00
+113.5000E+00,-72.282679E+00
+113.7500E+00,-72.276591E+00
+114.0000E+00,-72.270503E+00
+114.2500E+00,-72.264415E+00
+114.5000E+00,-72.258327E+00
+114.7500E+00,-72.252239E+00
+115.0000E+00,-72.246151E+00
+115.2500E+00,-72.240063E+00
+115.5000E+00,-72.233975E+00
+115.7500E+00,-72.227887E+00
+116.0000E+00,-72.221799E+00
+116.2500E+00,-72.215711E+00
+116.5000E+00,-72.209623E+00
+116.7500E+00,-72.203535E+00
+117.0000E+00,-72.197447E+00
+117.2500E+00,-72.191359E+00
+117.5000E+00,-72.185271E+00
+117.7500E+00,-72.179183E+00
+118.0000E+00,-72.173095E+00
+118.2500E+00,-72.167007E+00
+118.5000E+00,-72.160919E+00
+118.7500E+00,-72.154831E+00
+119.0000E+00,-72.148743E+00
+119.2500E+00,-72.142655E+00
+119.5000E+00,-72.136567E+00
+119.7500E+00,-72.130479E+00
+120.0000E+00,-72.124391E+00
+120.2500E+00,-72.118303E+00
+120.5000E+00,-72.112215E+00
+120.7500E+00,-72.106127E+00
+121.0000E+00,-72.100039E+00
+121.2500E+00,-72.093951E+00
+121.5000E+00,-72.087863E+00
+121.7500E+00,-72.081775E+00
+122.0000E+00,-72.075687E+00
+122.2500E+00,-72.069599E+00
+122.5000E+00,-72.063511E+00
+122.7500E+00,-72.057423E+00
+123.0000E+00,-72.051335E+00
+123.2500E+00,-72.045247E+00
+123.5000E+00,-72.039159E+00
+123.7500E+00,-72.033071E+00
+124.0000E+00,-72.026983E+00
+124.2500E+00,-72.020895E+00
+124.5000E+00,-72.014807E+00
+124.7500E+00,-72.008719E+00
+125.0000E+00,-72.002631E+00
+125.2500E+00,-71.996543E+00
+125.5000E+00,-71.990455E+00
+125.7500E+00,-71.984367E+00
+126.0000E+00,-71.978279E+00
+126.2500E+00,-71.972191E+00
+126.5000E+00,-71.966103E+00
+126.7500E+00,-71.960015E+00
+127.0000E+00,-71.953927E+00
+127.2500E+00,-71.947839E+00
+127.5000E+00,-71.941751E+00
+127.7500E+00,-71.935663E+00
+128.0000E+00,-71.929575E+00
+128.2500E+00,-71.923487E+00
+128.5000E+00,-71.917399E+00
+128.7500E+00,-71.911311E+00
+129.0000E+00,-71.905223E+00
+129.2500E+00,-71.899135E+00
+129.5000E+00,-71.893047E+00
+129.7500E+00,-71.886959E+00
+130.0000E+00,-71.880871E+00
+130.2500E+00,-71.874783E+00
+130.5000E+00,-71.868695E+00
+130.7500E+00,-71.862607E+00
+131.0000E+00,-71.856519E+00
+131.2500E+00,-71.850431E+00
+131.5000E+00,-71.844343E+00
+131.7500E+00,-71.838255E+00
+132.0000E+00,-71.832167E+00
+132.2500E+00,-71.826079E+00
+132.5000E+00,-71.819991E+00
+132.7500E+00,-71.813903E+00
+133.0000E+00,-71.807815E+00
+133.2500E+00,-71.801727E+00
+133.5000E+00,-71.795639E+00
+133.7500E+00,-71.789551E+00
+134.0000E+00,-71.783463E+00
+134.2500E+00,-71.777375E+00
+134.5000E+00,-71.771287E+00
+134.7500E+00,-71.765199E+00
+135.0000E+00,-71.759111E+00
+135.2500E+00,-71.753023E+00
+135.5000E+00,-71.746935E+00
+135.7500E+00,-71.740847E+00
+136.0000E+00,-71.734759E+00
+136.2500E+00,-71.728671E+00
+136.5000E+00,-71.722583E+00
+136.7500E+00,-71.716495E+00
+137.0000E+00,-71.710407E+00
+137.2500E+00,-71.704319E+00
+137.5000E+00,-71.698231E+00
+137.7500E+00,-71.692143E+00
+138.0000E+00,-71.686055E+00
+138.2500E+00,-71.679967E+00
+138.5000E+00,-71.673879E+00
+138.7500E+00,-71.667791E+00
+139.0000E+00,-71.661703E+00
+139.2500E+00,-71.655615E+00
+139.5000E+00,-71.649527E+00
+139.7500E+00,-71.643439E+00
+140.0000E+00,-71.637351E+00
+140.2500E+00,-71.631263E+00
+140.5000E+00,-71.625175E+00
+140.7500E+00,-71.619087E+00
+141.0000E+00,-71.612999E+00
+141.2500E+00,-71.606911E+00
+141.5000E+00,-71.600823E+00
+141.7500E+00,-71.594735E+00
+142.0000E+00,-71.588647E+00
+142.2500E+00,-71.582559E+00
+142.5000E+00,-71.576471E+00
+142.7500E+00,-71.570383E+00
+143.0000E+00,-71.564295E+00
+143.2500E+00,-71.558207E+00
+143.5000E+00,-71.552119E+00
+143.7500E+00,-71.546031E+00
+144.0000E+00,-71.539943E+00
+144.2500E+00,-71.533855E+00
+144.5000E+00,-71.527767E+00
+144.7500E+00,-71.521679E+00
+145.0000E+00,-71.515591E+00
+145.2500E+00,-71.509503E+00
+145.5000E+00,-71.503415E+00
+145.7500E+00,-71.497327E+00
+146.0000E+00,-71.491239E+00
+146.2500E+00,-71.485151E+00
+146.5000E+00,-71.479063E+00
+146.7500E+00,-71.472975E+00
+147.0000E+00,-71.466887E+00
+147.2500E+00,-71.460799E+00
+147.5000E+00,-71.454711E+00
+147.7500E+00,-71.448623E+00
+148.0000E+00,-71.442535E+00
+148.2500E+00,-71.436447E+00
+148.5000E+00,-71.430359E+00
+148.7500E+00,-71.424271E+00
+149.0000E+00,-71.418183E+00
+149.2500E+00,-71.412095E+00
+149.5000E+00,-71.406007E+00
+149.7500E+00,-71.399919E+00
+150.0000E+00,-71.393831E+00
+150.2500E+00,-71.387743E+00
+150.5000E+00,-71.381655E+00
+150.7500E+00,-71.375567E+00
+151.0000E+00,-71.369479E+00
+151.2500E+00,-71.363391E+00
+151.5000E+00,-71.357303E+00
+151.7500E+00,-71.351215E+00
+152.0000E+00,-71.345127E+00
+152.2500E+00,-71.339039E+00
+152.5000E+00,-71.332951E+00
+152.7500E+00,-71.331459E+00
+153.0000E+00,-71.332459E+00
+153.2500E+00,-71.333459E+00
+153.5000E+00,-71.334459E+00
+153.7500E+00,-71.335459E+00
+154.0000E+00,-71.336459E+00
+154.2500E+00,-71.337459E+00
+154.5000E+00,-71.338459E+00
+154.7500E+00,-71.339459E+00
+155.0000E+00,-71.340459E+00
+155.2500E+00,-71.341459E+00
+155.5000E+00,-71.342459E+00
+155.7500E+00,-71.343459E+00
+156.0000E+00,-71.344459E+00
+156.2500E+00,-71.345459E+00
+156.5000E+00,-71.346459E+00
+156.7500E+00,-71.347459E+00
+157.0000E+00,-71.348459E+00
+157.2500E+00,-71.349459E+00
+157.5000E+00,-71.350459E+00
+157.7500E+00,-71.351459E+00
+158.0000E+00,-71.352459E+00
+158.2500E+00,-71.353459E+00
+158.5000E+00,-71.354459E+00
+158.7500E+00,-71.355459E+00
+159.0000E+00,-71.356459E+00
+159.2500E+00,-71.357459E+00
+159.5000E+00,-71.358459E+00
+159.7500E+00,-71.359459E+00
+160.0000E+00,-71.360459E+00
+160.2500E+00,-71.361459E+00
+160.5000E+00,-71.362459E+00
+160.7500E+00,-71.363459E+00
+161.0000E+00,-71.364459E+00
+161.2500E+00,-71.365459E+00
+161.5000E+00,-71.366459E+00
+161.7500E+00,-71.367459E+00
+162.0000E+00,-71.368459E+00
+162.2500E+00,-71.369459E+00
+162.5000E+00,-71.370459E+00
+162.7500E+00,-71.371459E+00
+163.0000E+00,-71.372459E+00
+163.2500E+00,-71.373459E+00
+163.5000E+00,-71.374459E+00
+163.7500E+00,-71.375459E+00
+164.0000E+00,-71.376459E+00
+164.2500E+00,-71.377459E+00
+164.5000E+00,-71.378459E+00
+164.7500E+00,-71.379459E+00
+165.0000E+00,-71.380459E+00
+165.2500E+00,-71.381459E+00
+165.5000E+00,-71.382459E+00
+165.7500E+00,-71.383459E+00
+166.0000E+00,-71.384459E+00
+166.2500E+00,-71.385459E+00
+166.5000E+00,-71.386459E+00
+166.7500E+00,-71.387459E+00
+167.0000E+00,-71.388459E+00
+167.2500E+00,-71.389459E+00
+167.5000E+00,-71.390459E+00
+167.7500E+00,-71.391459E+00
+168.0000E+00,-71.392459E+00
+168.2500E+00,-71.393459E+00
+168.5000E+00,-71.394459E+00
+168.7500E+00,-71.395459E+00
+169.0000E+00,-71.396459E+00
+169.2500E+00,-71.397459E+00
+169.5000E+00,-71.398459E+00
+169.7500E+00,-71.399459E+00
+170.0000E+00,-71.400459E+00
+170.2500E+00,-71.401459E+00
+170.5000E+00,-71.402459E+00
+170.7500E+00,-71.403459E+00
+171.0000E+00,-71.404459E+00
+171.2500E+00,-71.405459E+00
+171.5000E+00,-71.406459E+00
+171.7500E+00,-71.407459E+00
+172.0000E+00,-71.408459E+00
+172.2500E+00,-71.409459E+00
+172.5000E+00,-71.410459E+00
+172.7500E+00,-71.411459E+00
+173.0000E+00,-71.412459E+00
+173.2500E+00,-71.413459E+00
+173.5000E+00,-71.414459E+00
+173.7500E+00,-71.415459E+00
+174.0000E+00,-71.416459E+00
+174.2500E+00,-71.417459E+00
+174.5000E+00,-71.418459E+00
+174.7500E+00,-71.419459E+00
+175.0000E+00,-71.420459E+00
+175.2500E+00,-71.421459E+00
+175.5000E+00,-71.422459E+00
+175.7500E+00,-71.423459E+00
+176.0000E+00,-71.424459E+00
+176.2500E+00,-71.425459E+00
+176.5000E+00,-71.426459E+00
+176.7500E+00,-71.427459E+00
+177.0000E+00,-71.428459E+00
+177.2500E+00,-71.429459E+00
+177.5000E+00,-71.430459E+00
+177.7500E+00,-71.431459E+00
+178.0000E+00,-71.432459E+00
+178.2500E+00,-71.433459E+00
+178.5000E+00,-71.434459E+00
+178.7500E+00,-71.435459E+00
+179.0000E+00,-71.436459E+00
+179.2500E+00,-71.437459E+00
+179.5000E+00,-71.438459E+00
+179.7500E+00,-71.439459E+00
+180.0000E+00,-71.440459E+00
+180.2500E+00,-71.441459E+00
+180.5000E+00,-71.442459E+00
+180.7500E+00,-71.443459E+00
+181.0000E+00,-71.444459E+00
+181.2500E+00,-71.445459E+00
+181.5000E+00,-71.446459E+00
+181.7500E+00,-71.447459E+00
+182.0000E+00,-71.448459E+00
+182.2500E+00,-71.449459E+00
+182.5000E+00,-71.450459E+00
+182.7500E+00,-71.451459E+00
+183.0000E+00,-71.452459E+00
+183.2500E+00,-71.453459E+00
+183.5000E+00,-71.454459E+00
+183.7500E+00,-71.455459E+00
+184.0000E+00,-71.456459E+00
+184.2500E+00,-71.457459E+00
+184.5000E+00,-71.458459E+00
+184.7500E+00,-71.459459E+00
+185.0000E+00,-71.460459E+00
+185.2500E+00,-71.461459E+00
+185.5000E+00,-71.462459E+00
+185.7500E+00,-71.463459E+00
+186.0000E+00,-71.464459E+00
+186.2500E+00,-71.465459E+00
+186.5000E+00,-71.466459E+00
+186.7500E+00,-71.467459E+00
+187.0000E+00,-71.468459E+00
+187.2500E+00,-71.469459E+00
+187.5000E+00,-71.470459E+00
+187.7500E+00,-71.471459E+00
+188.0000E+00,-71.472459E+00
+188.2500E+00,-71.473459E+00
+188.5000E+00,-71.474459E+00
+188.7500E+00,-71.475459E+00
+189.0000E+00,-71.476459E+00
+189.2500E+00,-71.477459E+00
+189.5000E+00,-71.478459E+00
+189.7500E+00,-71.479459E+00
+190.0000E+00,-71.480459E+00
+190.2500E+00,-71.481459E+00
+190.5000E+00,-71.482459E+00
+190.7500E+00,-71.483459E+00
+191.0000E+00,-71.484459E+00
+191.2500E+00,-71.485459E+00
+191.5000E+00,-71.486459E+00
+191.7500E+00,-71.487459E+00
+192.0000E+00,-71.488459E+00
+192.2500E+00,-71.489459E+00
+192.5000E+00,-71.490459E+00
+192.7500E+00,-71.491459E+00
+193.0000E+00,-71.492459E+00
+193.2500E+00,-71.493459E+00
+193.5000E+00,-71.494459E+00
+193.7500E+00,-71.495459E+00
+194.0000E+00,-71.496459E+00
+194.2500E+00,-71.497459E+00
+194.5000E+00,-71.498459E+00
+194.7500E+00,-71.499459E+00
+195.0000E+00,-71.500459E+00
+195.2500E+00,-71.501459E+00
+195.5000E+00,-71.502459E+00
+195.7500E+00,-71.503459E+00
+196.0000E+00,-71.504459E+00
+196.2500E+00,-71.505459E+00
+196.5000E+00,-71.506459E+00
+196.7500E+00,-71.507459E+00
+197.0000E+00,-71.508459E+00
+197.2500E+00,-71.509459E+00
+197.5000E+00,-71.510459E+00
+197.7500E+00,-71.511459E+00
+198.0000E+00,-71.512459E+00
+198.2500E+00,-71.513459E+00
+198.5000E+00,-71.514459E+00
+198.7500E+00,-71.515459E+00
+199.0000E+00,-71.516459E+00
+199.2500E+00,-71.517459E+00
+199.5000E+00,-71.518459E+00
+199.7500E+00,-71.519459E+00
+200.0000E+00,-71.520459E+00
+200.2500E+00,-71.521459E+00
+200.5000E+00,-71.522459E+00
+200.7500E+00,-71.523459E+00
+201.0000E+00,-71.524459E+00
+201.2500E+00,-71.525459E+00
+201.5000E+00,-71.526459E+00
+201.7500E+00,-71.527459E+00
+202.0000E+00,-71.528459E+00
+202.2500E+00,-71.529459E+00
+202.5000E+00,-71.530459E+00
+202.7500E+00,-71.531459E+00
+203.0000E+00,-71.532459E+00
+203.2500E+00,-71.533459E+00
+203.5000E+00,-71.534459E+00
+203.7500E+00,-71.535459E+00
+204.0000E+00,-71.536459E+00
+204.2500E+00,-71.537459E+00
+204.5000E+00,-71.538459E+00
+204.7500E+00,-71.539459E+00
+205.0000E+00,-71.540459E+00
+205.2500E+00,-71.541459E+00
+205.5000E+00,-71.542459E+00
+205.7500E+00,-71.543459E+00
+206.0000E+00,-71.544459E+00
+206.2500E+00,-71.545459E+00
+206.5000E+00,-71.546459E+00
+206.7500E+00,-71.547459E+00
+207.0000E+00,-71.548459E+00
+207.2500E+00,-71.549459E+00
+207.5000E+00,-71.550459E+00
+207.7500E+00,-71.551459E+00
+208.0000E+00,-71.552459E+00
+208.2500E+00,-71.553459E+00
+208.5000E+00,-71.554459E+00
+208.7500E+00,-71.555459E+00
+209.0000E+00,-71.556459E+00
+209.2500E+00,-71.557459E+00
+209.5000E+00,-71.558459E+00
+209.7500E+00,-71.559459E+00
+210.0000E+00,-71.560459E+00
+210.2500E+00,-71.561459E+00
+210.5000E+00,-71.562459E+00
+210.7500E+00,-71.563459E+00
+211.0000E+00,-71.564459E+00
+211.2500E+00,-71.565459E+00
+211.5000E+00,-71.566459E+00
+211.7500E+00,-71.567459E+00
+212.0000E+00,-71.568459E+00
+212.2500E+00,-71.569459E+00
+212.5000E+00,-71.570459E+00
+212.7500E+00,-71.571459E+00
+213.0000E+00,-71.572459E+00
+213.2500E+00,-71.573459E+00
+213.5000E+00,-71.574459E+00
+213.7500E+00,-71.575459E+00
+214.0000E+00,-71.576459E+00
+214.2500E+00,-71.577459E+00
+214.5000E+00,-71.578459E+00
+214.7500E+00,-71.579459E+00
+215.0000E+00,-71.580459E+00
+215.2500E+00,-71.581459E+00
+215.5000E+00,-71.582459E+00
+215.7500E+00,-71.583459E+00
+216.0000E+00,-71.584459E+00
+216.2500E+00,-71.585459E+00
+216.5000E+00,-71.586459E+00
+216.7500E+00,-71.587459E+00
+217.0000E+00,-71.588459E+00
+217.2500E+00,-71.589459E+00
+217.5000E+00,-71.590459E+00
+217.7500E+00,-71.591459E+00
+218.0000E+00,-71.592459E+00
+218.2500E+00,-71.593459E+00
+218.5000E+00,-71.594459E+00
+218.7500E+00,-71.595459E+00
+219.0000E+00,-71.596459E+00
+219.2500E+00,-71.597459E+00
+219.5000E+00,-71.598459E+00
+219.7500E+00,-71.599459E+00
+220.0000E+00,-71.600459E+00
+220.2500E+00,-71.601459E+00
+220.5000E+00,-71.602459E+00
+220.7500E+00,-71.603459E+00
+221.0000E+00,-71.604459E+00
+221.2500E+00,-71.605459E+00
+221.5000E+00,-71.606459E+00
+221.7500E+00,-71.607459E+00
+222.0000E+00,-71.608459E+00
+222.2500E+00,-71.609459E+00
+222.5000E+00,-71.610459E+00
+222.7500E+00,-71.611459E+00
+223.0000E+00,-71.612459E+00
+223.2500E+00,-71.613459E+00
+223.5000E+00,-71.614459E+00
+223.7500E+00,-71.615459E+00
+224.0000E+00,-71.616459E+00
+224.2500E+00,-71.617459E+00
+224.5000E+00,-71.618459E+00
+224.7500E+00,-71.619459E+00
+225.0000E+00,-71.620459E+00
+225.2500E+00,-71.621459E+00
+225.5000E+00,-71.622459E+00
+225.7500E+00,-71.623459E+00
+226.0000E+00,-71.624459E+00
+226.2500E+00,-71.625459E+00
+226.5000E+00,-71.626459E+00
+226.7500E+00,-71.627459E+00
+227.0000E+00,-71.628459E+00
+227.2500E+00,-71.629459E+00
+227.5000E+00,-71.630459E+00
+227.7500E+00,-71.631459E+00
+228.0000E+00,-71.632459E+00
+228.2500E+00,-71.633459E+00
+228.5000E+00,-71.634459E+00
+228.7500E+00,-71.635459E+00
+229.0000E+00,-71.655766E+00
+229.2500E+00,-71.697614E+00
+229.5000E+00,-71.739462E+00
+229.7500E+00,-71.781310E+00
+230.0000E+00,-71.823158E+00
+230.2500E+00,-71.865006E+00
+230.5000E+00,-71.906854E+00
+230.7500E+00,-71.948702E+00
+231.0000E+00,-71.990550E+00
+231.2500E+00,-72.032398E+00
+231.5000E+00,-72.074246E+00
+231.7500E+00,-72.116094E+00
+232.0000E+00,-72.157942E+00
+232.2500E+00,-72.199790E+00
+232.5000E+00,-72.241638E+00
+232.7500E+00,-72.283486E+00
+233.0000E+00,-72.325334E+00
+233.2500E+00,-72.367182E+00
+233.5000E+00,-72.409030E+00
+233.7500E+00,-72.450878E+00
+234.0000E+00,-72.492726E+00
+234.2500E+00,-72.534574E+00
+234.5000E+00,-72.576422E+00
+234.7500E+00,-72.618270E+00
+235.0000E+00,-72.660118E+00
+235.2500E+00,-72.701966E+00
+235.5000E+00,-72.743814E+00
+235.7500E+00,-72.785662E+00
+236.0000E+00,-72.827510E+00
+236.2500E+00,-72.869358E+00
+236.5000E+00,-72.911206E+00
+236.7500E+00,-72.953054E+00
+237.0000E+00,-72.994902E+00
+237.2500E+00,-73.036750E+00
+237.5000E+00,-73.078598E+00
+237.7500E+00,-73.120446E+00
+238.0000E+00,-73.162294E+00
+238.2500E+00,-73.204142E+00
+238.5000E+00,-73.245990E+00
+238.7500E+00,-73.287838E+00
+239.0000E+00,-73.329686E+00
+239.2500E+00,-73.371534E+00
+239.5000E+00,-73.413382E+00
+239.7500E+00,-73.455230E+00
+240.0000E+00,-73.497078E+00
+240.2500E+00,-73.538926E+00
+240.5000E+00,-73.580774E+00
+240.7500E+00,-73.622622E+00
+241.0000E+00,-73.664470E+00
+241.2500E+00,-73.706318E+00
+241.5000E+00,-73.748166E+00
+241.7500E+00,-73.790014E+00
+242.0000E+00,-73.831862E+00
+242.2500E+00,-73.873710E+00
+242.5000E+00,-73.915558E+00
+242.7500E+00,-73.957406E+00
+243.0000E+00,-73.999254E+00
+243.2500E+00,-74.041102E+00
+243.5000E+00,-74.082950E+00
+243.7500E+00,-74.124798E+00
+244.0000E+00,-74.166646E+00
+244.2500E+00,-74.208494E+00
+244.5000E+00,-74.250342E+00
+244.7500E+00,-74.292190E+00
+245.0000E+00,-74.334038E+00
+245.2500E+00,-74.375886E+00
+245.5000E+00,-74.417734E+00
+245.7500E+00,-74.459582E+00
+246.0000E+00,-74.501430E+00
+246.2500E+00,-74.543278E+00
+246.5000E+00,-74.585126E+00
+246.7500E+00,-74.626974E+00
+247.0000E+00,-74.668822E+00
+247.2500E+00,-74.710670E+00
+247.5000E+00,-74.752518E+00
+247.7500E+00,-74.794366E+00
+248.0000E+00,-74.836214E+00
+248.2500E+00,-74.878062E+00
+248.5000E+00,-74.919910E+00
+248.7500E+00,-74.961758E+00
+249.0000E+00,-75.003606E+00
+249.2500E+00,-75.045454E+00
+249.5000E+00,-75.087302E+00
+249.7500E+00,-75.129150E+00
